datetime,timestamp,temp_dht,humidity,temp_bmp,pressure,rain_analog,rain_detected,light_intensity,nh3,co,co2,alcohol,lpg,ch4,mq9_co,aqi,temperature
2024-04-24T00:42:00,1713899520,31.1,30.0,30.2,1007.6,98,False,10.0,2.3,5.8,0.5,0.9,256.4,252.1,127.0,171,30.6
2024-04-24T02:42:00,1713906720,28.4,44.0,28.9,1008.3,97,False,14.0,3.3,5.5,0.6,1.0,269.4,272.5,146.0,196,28.6
2024-04-24T04:13:00,1713912180,26.6,30.0,26.7,1015.5,98,False,0.0,2.2,6.1,0.5,0.9,245.2,248.4,128.0,169,26.6
2024-04-24T07:54:00,1713925440,28.8,31.0,28.5,1009.2,98,False,258.0,3.6,6.7,0.7,1.2,264.6,269.2,154.0,218,28.6
2024-04-24T09:07:00,1713929820,32.8,40.0,32.5,1012.4,97,False,302.0,2.5,6.5,0.5,1.1,260.7,260.1,138.0,195,32.6
2024-04-24T12:12:00,1713940920,38.2,30.0,39.1,1011.9,100,False,400.0,2.8,4.6,0.6,1.2,275.0,277.8,140.0,180,38.6
2024-04-24T14:49:00,1713950340,43.1,30.0,42.2,1007.0,99,False,352.0,2.8,5.3,0.5,0.9,245.2,244.3,129.0,152,42.6
2024-04-24T16:38:00,1713956880,39.8,30.0,40.7,1006.7,95,False,268.0,3.3,5.5,0.6,1.4,290.4,293.9,150.0,206,40.2
2024-04-24T19:38:00,1713967680,37.1,30.0,36.2,1010.3,99,False,84.0,3.0,6.4,0.5,1.5,288.9,292.4,141.0,215,36.6
2024-04-24T21:29:00,1713974340,34.5,35.0,34.0,1008.8,99,False,0.0,2.1,5.6,0.5,1.1,253.2,257.5,125.0,164,34.2
2024-04-25T00:55:00,1713986700,29.7,44.0,30.0,1008.7,98,False,0.0,2.4,4.4,0.5,1.2,251.8,249.0,129.0,141,29.8
2024-04-25T02:20:00,1713991800,27.6,48.0,28.1,1012.9,99,False,0.0,2.4,4.0,0.4,0.9,265.5,263.7,117.0,142,27.8
2024-04-25T04:31:00,1713999660,26.1,30.0,25.6,1009.6,96,False,7.0,1.9,3.9,0.5,0.6,244.0,249.0,112.0,130,25.8
2024-04-25T07:47:00,1714011420,27.8,42.0,27.8,1013.1,99,False,236.0,1.9,4.9,0.4,0.8,232.3,234.4,118.0,151,27.8
2024-04-25T09:51:00,1714018860,32.2,30.0,31.5,1010.0,100,False,322.0,3.0,4.1,0.4,1.2,264.8,260.6,125.0,164,31.8
2024-04-25T12:20:00,1714027800,37.6,30.0,38.0,1009.2,98,False,398.0,1.7,3.6,0.3,1.1,242.1,244.5,111.0,113,37.8
2024-04-25T14:05:00,1714034100,42.1,30.0,41.6,1010.3,96,False,322.0,2.0,3.5,0.5,0.9,227.0,229.0,122.0,138,41.8
2024-04-25T16:48:00,1714043880,39.0,30.0,39.9,1007.8,99,False,267.0,2.2,5.3,0.4,1.4,247.0,248.8,141.0,170,39.4
2024-04-25T19:58:00,1714055280,35.8,30.0,35.8,1010.0,100,False,87.0,2.2,4.5,0.5,0.9,243.1,242.5,139.0,171,35.8
2024-04-25T21:57:00,1714062420,33.1,37.0,33.8,1010.9,98,False,0.0,2.5,5.1,0.5,1.0,239.2,235.9,123.0,129,33.4
2024-04-26T00:33:00,1714071780,27.9,35.0,28.8,1009.9,97,False,1.0,2.3,5.3,0.5,0.9,276.8,274.8,143.0,184,28.4
2024-04-26T02:21:00,1714078260,26.2,41.0,26.5,1011.5,49,True,10.0,2.7,5.7,0.4,1.4,276.1,278.1,133.0,169,26.4
2024-04-26T04:30:00,1714086000,24.2,36.0,24.6,1015.4,92,False,19.0,3.0,5.4,0.5,1.3,267.0,270.3,137.0,174,24.4
2024-04-26T07:37:00,1714097220,26.5,30.0,26.3,1010.6,90,False,233.0,2.5,5.0,0.5,1.5,257.1,255.2,139.0,195,26.4
2024-04-26T09:33:00,1714104180,30.5,41.0,30.3,1010.3,93,False,325.0,3.2,5.7,0.5,1.6,276.5,280.0,134.0,209,30.4
2024-04-26T12:41:00,1714115460,36.7,36.0,36.1,1011.3,56,True,175.0,2.1,5.1,0.4,0.8,244.8,246.5,139.0,161,36.4
2024-04-26T14:57:00,1714123620,40.1,30.0,40.7,1008.3,15,True,251.0,1.8,5.2,0.5,0.9,235.4,232.1,122.0,147,40.4
2024-04-26T16:14:00,1714128240,38.1,30.0,37.9,1007.8,67,True,97.0,2.9,6.3,0.5,1.4,273.6,276.1,138.0,201,38.0
2024-04-26T19:27:00,1714139820,34.4,30.0,34.3,1007.4,12,True,33.0,3.3,6.9,0.5,1.1,270.5,275.3,147.0,209,34.4
2024-04-26T21:04:00,1714145640,31.8,34.0,32.2,1008.9,95,False,12.0,2.0,5.3,0.5,0.9,269.7,267.1,126.0,153,32.0
2024-04-27T00:20:00,1714157400,28.5,30.0,29.2,1011.2,98,False,20.0,2.3,5.5,0.5,1.1,249.3,246.0,138.0,158,28.9
2024-04-27T02:36:00,1714165560,26.5,40.0,27.3,1011.0,95,False,0.0,2.0,5.5,0.5,1.0,248.1,249.6,129.0,152,26.9
2024-04-27T04:56:00,1714173960,24.7,30.0,25.1,1012.7,100,False,0.0,2.7,5.7,0.5,1.2,255.1,250.5,136.0,170,24.9
2024-04-27T07:05:00,1714181700,26.6,35.0,27.1,1009.8,95,False,233.0,2.3,5.1,0.5,1.3,266.1,265.3,140.0,171,26.9
2024-04-27T09:40:00,1714191000,30.8,33.0,30.9,1009.9,100,False,303.0,3.2,5.2,0.6,1.4,271.0,270.1,144.0,203,30.9
2024-04-27T12:00:00,1714199400,36.7,30.0,37.1,1013.7,95,False,408.0,1.8,3.6,0.5,1.2,249.8,247.6,127.0,142,36.9
2024-04-27T14:25:00,1714208100,41.0,30.0,40.8,1006.4,97,False,337.0,2.8,5.7,0.5,1.3,257.7,253.9,138.0,156,40.9
2024-04-27T16:05:00,1714214100,38.6,30.0,38.3,1009.1,99,False,264.0,2.8,5.6,0.6,1.3,260.9,264.6,135.0,181,38.5
2024-04-27T19:02:00,1714224720,34.4,30.0,35.3,1007.6,99,False,61.0,3.0,4.7,0.5,1.0,274.6,278.1,141.0,181,34.9
2024-04-27T21:08:00,1714232280,32.9,34.0,32.1,1007.6,95,False,0.0,2.3,3.5,0.5,0.9,261.1,264.4,116.0,140,32.5
2024-04-28T00:40:00,1714245000,25.5,41.0,25.2,1011.1,100,False,0.0,2.9,6.2,0.5,1.1,290.9,290.5,134.0,194,25.3
2024-04-28T02:43:00,1714252380,23.6,41.0,23.1,1007.3,97,False,13.0,3.2,7.0,0.6,1.4,260.5,259.2,140.0,206,23.3
2024-04-28T04:46:00,1714259760,20.9,34.0,21.8,1013.2,95,False,7.0,2.6,6.1,0.6,1.4,279.5,281.5,136.0,206,21.3
2024-04-28T07:44:00,1714270440,23.6,33.0,23.1,1013.7,97,False,252.0,3.0,6.5,0.6,1.5,284.8,281.3,143.0,204,23.3
2024-04-28T09:45:00,1714277700,27.1,30.0,27.6,1010.0,95,False,324.0,3.1,5.6,0.5,1.6,274.2,270.4,137.0,209,27.3
2024-04-28T12:11:00,1714286460,33.2,30.0,33.5,1009.4,97,False,408.0,2.0,5.2,0.5,1.0,253.3,254.5,132.0,155,33.3
2024-04-28T14:41:00,1714295460,37.8,30.0,36.9,1010.7,95,False,339.0,3.0,6.3,0.4,1.0,286.8,291.4,139.0,184,37.3
2024-04-28T16:18:00,1714301280,35.0,35.0,34.9,1009.2,95,False,271.0,3.5,6.9,0.6,1.2,276.8,272.5,150.0,215,34.9
2024-04-28T19:57:00,1714314420,31.8,30.0,30.8,1011.1,98,False,86.0,3.0,7.2,0.5,1.6,297.4,297.0,136.0,222,31.3
2024-04-28T21:11:00,1714318860,29.1,30.0,28.8,1008.0,100,False,0.0,2.6,5.2,0.5,1.3,255.9,260.8,138.0,191,28.9
2024-04-29T00:00:00,1714329000,27.3,39.0,28.2,1009.2,100,False,0.0,2.0,4.9,0.4,0.8,262.3,262.3,124.0,149,27.7
2024-04-29T02:27:00,1714337820,26.0,40.0,25.5,1009.0,100,False,8.0,2.2,4.9,0.4,1.1,256.2,252.0,131.0,151,25.7
2024-04-29T04:53:00,1714346580,24.0,39.0,23.4,1013.1,98,False,4.0,2.1,5.2,0.5,0.7,241.4,237.3,123.0,151,23.7
2024-04-29T07:10:00,1714354800,25.3,32.0,26.2,1010.2,99,False,263.0,3.3,5.4,0.5,1.5,287.8,287.3,139.0,187,25.7
2024-04-29T09:15:00,1714362300,29.4,36.0,30.1,1014.0,96,False,315.0,3.0,6.3,0.5,1.4,285.0,288.5,129.0,191,29.7
2024-04-29T12:28:00,1714373880,35.3,30.0,36.2,1008.2,100,False,389.0,2.8,4.5,0.6,1.1,271.3,269.8,128.0,160,35.7
2024-04-29T14:31:00,1714381260,39.3,30.0,40.2,1008.8,100,False,351.0,2.9,6.0,0.5,1.1,267.5,269.3,124.0,168,39.7
2024-04-29T16:46:00,1714389360,37.4,30.0,37.2,1010.0,95,False,277.0,3.1,5.8,0.5,1.2,284.7,283.9,147.0,200,37.3
2024-04-29T19:24:00,1714398840,34.2,30.0,33.3,1007.3,96,False,88.0,3.3,6.1,0.6,1.4,258.5,263.2,133.0,200,33.7
2024-04-29T21:10:00,1714405200,31.6,33.0,31.1,1011.4,96,False,9.0,2.6,4.5,0.5,1.3,269.5,267.0,134.0,170,31.3
2024-04-30T00:58:00,1714418880,25.3,41.0,25.9,1010.2,98,False,0.0,3.1,5.5,0.6,1.4,262.6,258.3,130.0,170,25.6
2024-04-30T02:16:00,1714423560,23.4,35.0,23.8,1012.0,97,False,0.0,3.3,4.9,0.6,1.2,259.0,260.1,128.0,187,23.6
2024-04-30T04:12:00,1714430520,21.3,43.0,21.8,1011.5,95,False,0.0,2.6,6.3,0.5,0.8,274.6,273.8,134.0,174,21.6
2024-04-30T07:14:00,1714441440,23.7,41.0,23.5,1011.5,95,False,232.0,2.7,7.1,0.5,1.0,265.4,261.1,135.0,208,23.6
2024-04-30T09:54:00,1714451040,27.6,41.0,27.5,1013.5,97,False,317.0,3.4,6.3,0.6,1.2,275.8,275.6,145.0,211,27.6
2024-04-30T12:28:00,1714460280,33.5,30.0,33.6,1014.1,95,False,409.0,2.2,5.5,0.4,1.4,251.2,254.4,142.0,171,33.6
2024-04-30T14:50:00,1714468800,37.2,30.0,38.0,1008.4,99,False,352.0,2.2,4.7,0.5,1.0,251.0,255.0,130.0,169,37.6
2024-04-30T16:05:00,1714473300,34.9,30.0,35.5,1009.0,99,False,289.0,2.6,6.8,0.6,1.0,284.2,288.7,135.0,205,35.2
2024-04-30T19:01:00,1714483860,31.3,34.0,31.8,1007.6,99,False,68.0,3.7,7.3,0.5,1.5,280.1,282.7,139.0,217,31.6
2024-04-30T21:07:00,1714491420,28.8,30.0,29.6,1011.4,99,False,0.0,2.0,4.8,0.5,1.2,268.6,266.6,131.0,164,29.2
2024-05-01T00:01:00,1714501860,26.9,38.0,27.3,1009.8,97,False,14.0,2.2,5.7,0.5,0.9,268.9,269.4,122.0,164,27.1
2024-05-01T02:18:00,1714510080,25.1,33.0,25.2,1011.4,96,False,15.0,2.6,4.9,0.5,0.9,240.7,244.1,131.0,155,25.1
2024-05-01T04:36:00,1714518360,23.2,32.0,23.0,1011.3,100,False,0.0,2.6,5.0,0.4,1.1,258.7,260.2,125.0,158,23.1
2024-05-01T07:57:00,1714530420,24.9,34.0,25.3,1012.1,100,False,253.0,2.9,4.6,0.5,1.4,244.4,240.0,123.0,172,25.1
2024-05-01T09:18:00,1714535280,28.6,41.0,29.6,1014.4,95,False,318.0,3.1,5.2,0.5,1.3,277.9,277.7,136.0,179,29.1
2024-05-01T12:56:00,1714548360,35.4,30.0,34.9,1011.2,98,False,388.0,2.5,5.1,0.5,0.8,248.3,247.3,119.0,138,35.1
2024-05-01T14:25:00,1714553700,39.6,34.0,38.6,1012.8,99,False,330.0,2.1,5.4,0.6,1.3,261.1,262.1,125.0,154,39.1
2024-05-01T16:33:00,1714561380,37.2,33.0,36.3,1009.3,98,False,261.0,3.2,6.7,0.6,1.4,271.8,273.9,145.0,199,36.7
2024-05-01T19:39:00,1714572540,32.8,30.0,33.4,1011.1,95,False,78.0,2.7,5.4,0.5,1.0,261.6,260.4,131.0,180,33.1
2024-05-01T21:04:00,1714577640,30.6,31.0,30.8,1009.3,95,False,0.0,2.1,4.2,0.5,1.2,249.2,251.2,124.0,137,30.7
2024-05-02T00:43:00,1714590780,32.3,40.0,31.7,1007.8,100,False,8.0,2.5,5.3,0.4,1.2,240.8,244.4,132.0,160,32.0
2024-05-02T02:23:00,1714596780,30.1,30.0,29.9,1011.0,100,False,0.0,3.0,5.6,0.5,1.0,239.8,243.2,127.0,164,30.0
2024-05-02T04:20:00,1714603800,27.9,49.0,28.1,1012.0,100,False,0.0,2.6,4.3,0.4,1.0,272.6,268.1,139.0,163,28.0
2024-05-02T07:27:00,1714615020,29.9,50.0,30.1,1011.6,96,False,232.0,3.1,5.5,0.6,0.9,261.9,261.6,133.0,184,30.0
2024-05-02T09:44:00,1714623240,34.3,30.0,33.6,1009.8,100,False,317.0,2.9,5.0,0.4,1.0,290.2,291.3,138.0,193,34.0
2024-05-02T12:43:00,1714633980,39.6,30.0,40.4,1010.4,96,False,393.0,1.8,4.9,0.5,0.9,265.9,269.5,133.0,142,40.0
2024-05-02T14:53:00,1714641780,44.0,30.0,44.0,1008.3,96,False,348.0,2.3,5.0,0.4,1.0,227.4,223.2,124.0,144,44.0
2024-05-02T16:46:00,1714648560,41.1,35.0,42.1,1009.6,100,False,278.0,3.1,5.2,0.6,1.5,286.3,281.6,136.0,188,41.6
2024-05-02T19:54:00,1714659840,38.1,30.0,37.9,1009.0,96,False,81.0,2.5,6.1,0.6,1.2,262.8,263.4,130.0,194,38.0
2024-05-02T21:20:00,1714665000,35.3,36.0,35.9,1005.3,95,False,11.0,2.3,5.4,0.5,1.0,247.4,252.1,121.0,154,35.6
2024-05-03T00:44:00,1714677240,29.2,30.0,28.9,1008.6,100,False,0.0,2.7,5.5,0.5,0.8,257.9,255.9,127.0,160,29.1
2024-05-03T02:30:00,1714683600,27.5,43.0,26.6,1011.0,95,False,17.0,2.3,4.3,0.5,0.8,262.5,257.9,128.0,157,27.1
2024-05-03T04:24:00,1714690440,24.9,36.0,25.3,1013.6,98,False,0.0,2.6,6.0,0.6,1.0,255.7,252.5,136.0,165,25.1
2024-05-03T07:10:00,1714700400,27.2,42.0,27.0,1013.4,99,False,250.0,2.9,5.7,0.6,1.3,258.5,262.1,135.0,176,27.1
2024-05-03T09:05:00,1714707300,30.9,30.0,31.2,1014.4,100,False,315.0,2.3,6.0,0.6,1.0,248.2,249.3,136.0,184,31.1
2024-05-03T12:17:00,1714718820,37.2,32.0,37.0,1011.0,100,False,397.0,2.5,5.5,0.4,0.8,249.7,254.4,135.0,149,37.1
2024-05-03T14:02:00,1714725120,41.5,30.0,40.6,1006.9,97,False,350.0,2.7,4.6,0.4,0.9,247.1,246.5,123.0,149,41.1
2024-05-03T16:31:00,1714734060,38.6,30.0,38.7,1009.0,97,False,275.0,2.5,6.7,0.5,1.0,253.2,257.7,140.0,189,38.7
2024-05-03T19:49:00,1714745940,35.0,30.0,35.1,1007.1,95,False,69.0,2.9,5.3,0.5,0.9,253.0,250.3,136.0,185,35.1
2024-05-03T21:14:00,1714751040,32.8,30.0,32.6,1010.4,97,False,0.0,2.2,4.1,0.4,1.0,258.3,254.5,130.0,143,32.7
2024-05-04T00:33:00,1714762980,30.6,30.0,31.1,1011.1,99,False,0.0,2.4,5.1,0.4,0.9,236.8,233.1,132.0,138,30.9
2024-05-04T02:02:00,1714768320,28.7,34.0,29.0,1012.9,98,False,10.0,2.3,4.5,0.4,0.9,229.0,225.2,133.0,136,28.9
2024-05-04T04:00:00,1714775400,27.0,43.0,26.7,1011.4,99,False,4.0,2.1,5.1,0.5,0.9,239.1,240.1,127.0,157,26.9
2024-05-04T07:48:00,1714789080,29.3,30.0,28.4,1010.0,96,False,252.0,3.0,5.5,0.5,0.8,273.2,269.9,143.0,177,28.9
2024-05-04T09:42:00,1714795920,33.3,33.0,32.4,1012.7,100,False,291.0,3.0,5.8,0.5,0.9,270.8,268.8,128.0,170,32.9
2024-05-04T12:58:00,1714807680,38.8,31.0,38.9,1011.9,95,False,385.0,1.6,3.9,0.4,1.0,220.6,224.1,120.0,124,38.9
2024-05-04T14:29:00,1714813140,43.1,30.0,42.6,1009.5,99,False,336.0,1.9,4.1,0.4,0.7,231.8,235.7,112.0,128,42.9
2024-05-04T16:36:00,1714820760,40.4,30.0,40.5,1008.1,100,False,261.0,2.4,5.8,0.4,0.8,237.7,234.5,130.0,164,40.5
2024-05-04T19:24:00,1714830840,37.1,37.0,36.6,1007.2,95,False,81.0,2.5,5.0,0.5,0.8,266.0,261.9,122.0,168,36.9
2024-05-04T21:21:00,1714837860,34.4,40.0,34.5,1009.9,96,False,4.0,1.9,4.3,0.4,1.1,243.6,246.0,119.0,133,34.5
2024-05-05T00:07:00,1714847820,28.6,30.0,27.8,1010.5,95,False,0.0,1.4,4.7,0.5,0.9,235.0,235.9,114.0,116,28.2
2024-05-05T02:58:00,1714858080,26.4,42.0,26.0,1011.3,95,False,0.0,2.3,3.6,0.4,1.0,249.9,245.6,121.0,113,26.2
2024-05-05T04:25:00,1714863300,24.1,37.0,24.3,1012.3,95,False,0.0,1.7,4.3,0.4,0.9,235.1,239.5,116.0,120,24.2
2024-05-05T07:37:00,1714874820,25.8,45.0,26.6,1012.2,100,False,264.0,1.9,3.2,0.5,0.9,259.2,258.3,112.0,131,26.2
2024-05-05T09:19:00,1714880940,29.8,44.0,30.7,1012.3,95,False,294.0,1.6,4.9,0.4,1.0,236.6,236.9,125.0,127,30.2
2024-05-05T12:06:00,1714890960,36.3,31.0,36.2,1012.6,97,False,417.0,1.4,3.0,0.4,1.0,241.8,237.7,123.0,109,36.2
2024-05-05T14:29:00,1714899540,39.9,30.0,40.5,1008.7,98,False,352.0,1.9,3.4,0.5,1.0,208.5,213.4,106.0,97,40.2
2024-05-05T16:39:00,1714907340,37.8,30.0,37.8,1008.4,95,False,288.0,1.8,3.6,0.5,0.8,227.2,230.0,114.0,128,37.8
2024-05-05T19:49:00,1714918740,34.1,38.0,34.3,1004.6,95,False,75.0,1.6,4.4,0.4,1.1,246.0,249.0,123.0,131,34.2
2024-05-05T21:42:00,1714925520,32.0,30.0,31.6,1007.5,95,False,0.0,1.7,3.8,0.3,0.7,213.6,217.6,118.0,93,31.8
2024-05-06T00:01:00,1714933860,27.3,30.0,27.0,1011.1,99,False,10.0,2.0,4.7,0.6,1.1,262.1,266.7,126.0,159,27.2
2024-05-06T02:51:00,1714944060,25.4,30.0,25.0,1013.3,100,False,0.0,2.5,5.4,0.5,1.2,249.3,250.5,133.0,162,25.2
2024-05-06T04:18:00,1714949280,23.6,32.0,22.7,1012.5,99,False,2.0,2.6,4.3,0.4,1.0,250.0,253.7,124.0,158,23.2
2024-05-06T07:16:00,1714959960,25.6,35.0,24.8,1010.8,96,False,258.0,3.2,6.3,0.5,1.1,270.9,272.0,141.0,185,25.2
2024-05-06T09:25:00,1714967700,29.0,43.0,29.4,1011.7,96,False,307.0,3.4,5.5,0.5,1.0,277.4,278.8,141.0,201,29.2
2024-05-06T12:49:00,1714979940,34.8,38.0,35.6,1009.7,99,False,388.0,2.4,5.5,0.6,0.9,269.8,266.6,127.0,164,35.2
2024-05-06T14:08:00,1714984680,39.3,30.0,39.1,1008.1,95,False,323.0,1.8,4.4,0.4,1.0,243.4,239.2,118.0,141,39.2
2024-05-06T16:19:00,1714992540,36.4,38.0,37.2,1006.2,97,False,279.0,3.1,5.1,0.5,1.4,269.3,271.4,131.0,185,36.8
2024-05-06T19:04:00,1715002440,33.5,35.0,32.8,1008.6,98,False,74.0,2.3,6.0,0.5,1.2,250.0,252.8,138.0,180,33.2
2024-05-06T21:19:00,1715010540,30.6,30.0,30.9,1006.8,100,False,0.0,1.9,5.2,0.4,1.1,255.2,255.4,126.0,152,30.8
2024-05-07T00:59:00,1715023740,31.4,30.0,32.0,1009.5,95,False,0.0,1.7,4.0,0.4,0.7,239.1,241.7,111.0,125,31.7
2024-05-07T02:20:00,1715028600,30.0,30.0,29.5,1010.1,99,False,0.0,1.9,3.5,0.5,0.9,246.2,245.4,113.0,120,29.7
2024-05-07T04:58:00,1715038080,27.8,37.0,27.7,1009.8,99,False,0.0,2.0,4.2,0.4,1.1,221.0,222.2,118.0,128,27.7
2024-05-07T07:53:00,1715048580,30.0,30.0,29.5,1012.3,100,False,261.0,2.0,4.5,0.4,0.9,255.6,251.6,136.0,160,29.7
2024-05-07T09:16:00,1715053560,34.1,34.0,33.4,1010.3,100,False,318.0,2.2,5.4,0.5,1.0,231.4,236.3,128.0,145,33.7
2024-05-07T12:43:00,1715065980,40.2,30.0,39.3,1007.7,95,False,411.0,2.0,4.4,0.4,1.0,221.2,221.7,113.0,113,39.7
2024-05-07T14:40:00,1715073000,43.3,33.0,44.2,1006.0,98,False,338.0,1.4,3.5,0.4,1.1,236.9,236.3,113.0,111,43.7
2024-05-07T16:20:00,1715079000,41.4,30.0,41.3,1008.9,96,False,261.0,2.5,4.6,0.4,0.9,234.4,236.7,125.0,157,41.3
2024-05-07T19:01:00,1715088660,37.2,30.0,38.2,1007.1,96,False,57.0,2.7,5.7,0.4,0.9,253.1,248.5,121.0,151,37.7
2024-05-07T21:29:00,1715097540,35.2,37.0,35.5,1010.3,96,False,0.0,1.4,4.1,0.4,1.1,241.3,238.0,120.0,113,35.3
2024-05-08T00:53:00,1715109780,31.9,40.0,32.7,1008.3,97,False,0.0,2.6,5.2,0.5,1.0,250.6,246.4,129.0,145,32.3
2024-05-08T02:54:00,1715117040,30.3,30.0,30.3,1008.0,97,False,4.0,2.4,4.9,0.4,0.7,263.2,265.7,131.0,143,30.3
2024-05-08T04:29:00,1715122740,28.0,32.0,28.6,1013.8,95,False,0.0,2.6,4.1,0.5,1.2,239.5,243.8,122.0,137,28.3
2024-05-08T07:46:00,1715134560,30.3,33.0,30.3,1012.2,95,False,230.0,2.3,4.2,0.6,1.2,239.7,238.1,132.0,162,30.3
2024-05-08T09:11:00,1715139660,34.1,41.0,34.5,1012.6,97,False,317.0,2.8,4.4,0.5,0.9,264.5,265.4,127.0,153,34.3
2024-05-08T12:53:00,1715152980,40.8,30.0,39.8,1010.7,97,False,401.0,1.4,4.3,0.4,0.8,247.0,251.1,114.0,112,40.3
2024-05-08T14:43:00,1715159580,44.5,30.0,44.1,1010.2,100,False,351.0,2.5,4.2,0.4,1.0,234.8,233.2,129.0,132,44.3
2024-05-08T16:05:00,1715164500,41.8,30.0,42.1,1008.6,96,False,270.0,2.0,4.7,0.5,0.8,252.5,254.7,133.0,152,41.9
2024-05-08T19:18:00,1715176080,38.5,34.0,38.1,1011.5,96,False,87.0,2.9,5.0,0.5,1.1,246.4,243.9,122.0,171,38.3
2024-05-08T21:24:00,1715183640,36.4,39.0,35.4,1008.8,96,False,3.0,1.8,4.2,0.4,1.1,228.1,230.5,126.0,140,35.9
2024-05-09T00:02:00,1715193120,30.5,44.0,31.1,1009.7,100,False,2.0,1.7,4.1,0.4,1.0,233.7,237.9,127.0,134,30.8
2024-05-09T02:54:00,1715203440,28.9,30.0,28.7,1012.4,95,False,7.0,1.8,3.7,0.5,0.8,232.4,229.6,124.0,136,28.8
2024-05-09T04:46:00,1715210160,27.3,34.0,26.3,1014.9,100,False,0.0,2.5,4.4,0.6,0.8,256.4,257.0,123.0,161,26.8
2024-05-09T07:57:00,1715221620,29.3,32.0,28.3,1012.0,100,False,251.0,3.0,4.6,0.5,1.1,279.1,283.5,141.0,174,28.8
2024-05-09T09:07:00,1715225820,32.4,37.0,33.2,1012.5,95,False,312.0,2.8,5.6,0.5,0.8,277.2,277.6,122.0,171,32.8
2024-05-09T12:27:00,1715237820,39.0,31.0,38.6,1008.5,96,False,393.0,1.7,4.4,0.4,0.8,234.8,234.3,122.0,139,38.8
2024-05-09T14:05:00,1715243700,42.8,30.0,42.8,1009.3,96,False,343.0,2.5,4.4,0.5,1.1,247.4,244.3,131.0,139,42.8
2024-05-09T16:32:00,1715252520,40.6,36.0,40.2,1008.9,99,False,275.0,2.5,6.3,0.4,0.9,264.2,262.8,129.0,177,40.4
2024-05-09T19:48:00,1715264280,37.1,30.0,36.5,1007.7,99,False,88.0,2.6,6.0,0.4,1.2,253.4,249.6,138.0,175,36.8
2024-05-09T21:45:00,1715271300,34.4,32.0,34.4,1011.7,95,False,0.0,2.5,5.0,0.4,1.0,229.9,232.6,116.0,142,34.4
2024-05-10T00:58:00,1715282880,30.2,30.0,29.3,1010.2,98,False,0.0,2.2,3.2,0.5,0.8,229.1,230.8,109.0,120,29.8
2024-05-10T02:41:00,1715289060,27.7,30.0,27.9,1010.1,100,False,9.0,1.6,3.3,0.5,1.1,213.4,210.3,125.0,113,27.8
2024-05-10T04:57:00,1715297220,25.7,30.0,25.9,1011.2,95,False,0.0,1.7,3.4,0.3,0.7,211.5,207.8,111.0,108,25.8
2024-05-10T07:47:00,1715307420,27.4,30.0,28.1,1009.7,96,False,237.0,2.2,3.6,0.4,1.2,254.3,250.0,121.0,130,27.8
2024-05-10T09:03:00,1715311980,31.4,30.0,32.1,1010.7,97,False,320.0,2.0,3.8,0.4,1.1,234.0,231.1,120.0,120,31.8
2024-05-10T12:53:00,1715325780,37.4,30.0,38.1,1012.8,95,False,404.0,1.9,3.5,0.5,0.9,219.2,214.8,115.0,111,37.8
2024-05-10T14:59:00,1715333340,41.9,30.0,41.7,1009.3,99,False,346.0,1.9,2.8,0.5,0.7,225.7,227.8,112.0,112,41.8
2024-05-10T16:34:00,1715339040,39.2,30.0,39.6,1007.2,100,False,272.0,2.5,4.1,0.5,0.7,231.2,229.8,120.0,126,39.4
2024-05-10T19:35:00,1715349900,36.0,35.0,35.5,1011.2,100,False,75.0,1.7,3.8,0.4,0.6,250.4,249.4,118.0,135,35.8
2024-05-10T21:21:00,1715356260,33.4,30.0,33.3,1008.4,97,False,0.0,1.2,3.4,0.4,0.5,230.5,233.7,108.0,96,33.4
2024-05-11T00:51:00,1715368860,32.3,31.0,33.1,1011.1,97,False,0.0,1.9,3.9,0.5,0.9,262.8,264.0,118.0,146,32.7
2024-05-11T02:52:00,1715376120,30.8,39.0,30.6,1007.6,95,False,1.0,2.5,5.2,0.5,1.0,261.3,261.1,127.0,151,30.7
2024-05-11T04:29:00,1715381940,28.3,37.0,29.0,1012.5,95,False,0.0,2.1,4.2,0.5,0.8,244.7,245.8,139.0,164,28.7
2024-05-11T07:15:00,1715391900,31.1,30.0,30.2,1009.8,95,False,258.0,2.9,6.2,0.6,1.3,279.2,283.5,129.0,178,30.7
2024-05-11T09:05:00,1715398500,34.2,30.0,35.1,1013.8,98,False,302.0,2.8,5.1,0.6,1.4,280.9,277.3,128.0,191,34.7
2024-05-11T12:52:00,1715412120,40.9,35.0,40.5,1011.3,97,False,384.0,2.1,5.5,0.5,1.0,245.0,247.9,123.0,158,40.7
2024-05-11T14:09:00,1715416740,44.9,30.0,44.5,1010.6,98,False,327.0,2.0,4.1,0.4,0.7,245.1,243.6,127.0,140,44.7
2024-05-11T16:02:00,1715423520,42.6,30.0,41.9,1010.5,96,False,261.0,2.5,5.3,0.4,1.2,262.2,259.5,137.0,173,42.3
2024-05-11T19:27:00,1715435820,38.9,32.0,38.5,1010.1,95,False,71.0,2.4,5.9,0.4,1.0,265.9,269.5,135.0,180,38.7
2024-05-11T21:16:00,1715442360,35.9,30.0,36.7,1005.7,95,False,6.0,2.0,4.9,0.5,1.0,247.4,251.6,137.0,153,36.3
2024-05-12T00:44:00,1715454840,30.4,35.0,30.5,1012.0,100,False,16.0,2.2,4.6,0.5,1.0,230.9,234.2,117.0,144,30.5
2024-05-12T02:20:00,1715460600,28.2,36.0,28.7,1010.5,95,False,0.0,2.7,4.1,0.4,0.9,239.0,242.2,124.0,156,28.5
2024-05-12T04:09:00,1715467140,26.8,30.0,26.1,1012.2,100,False,0.0,2.5,4.6,0.4,0.7,251.7,252.2,126.0,140,26.5
2024-05-12T07:45:00,1715480100,28.1,30.0,28.8,1013.3,96,False,264.0,3.0,6.4,0.5,0.9,267.4,266.2,137.0,178,28.5
2024-05-12T09:55:00,1715487900,32.3,30.0,32.6,1008.4,95,False,302.0,2.2,4.8,0.5,1.2,279.6,278.4,134.0,172,32.5
2024-05-12T12:59:00,1715498940,38.3,30.0,38.6,1007.6,96,False,410.0,2.3,3.8,0.3,0.8,244.9,247.9,112.0,125,38.5
2024-05-12T14:51:00,1715505660,42.6,30.0,42.3,1011.0,98,False,322.0,2.3,4.2,0.5,0.9,233.4,234.9,117.0,148,42.5
2024-05-12T16:38:00,1715512080,39.9,30.0,40.2,1008.7,95,False,268.0,2.3,5.7,0.5,1.0,246.7,242.8,143.0,179,40.1
2024-05-12T19:16:00,1715521560,36.4,30.0,36.5,1010.9,96,False,91.0,2.8,6.0,0.4,1.3,250.7,250.5,140.0,174,36.5
2024-05-12T21:01:00,1715527860,34.4,30.0,33.7,1006.9,99,False,0.0,2.0,3.9,0.5,1.0,252.4,256.8,118.0,144,34.1
2024-05-13T00:15:00,1715539500,29.4,30.0,30.2,1006.5,100,False,15.0,1.8,4.0,0.5,0.7,213.3,216.5,121.0,111,29.8
2024-05-13T02:40:00,1715548200,27.9,38.0,27.7,1008.2,99,False,13.0,2.0,4.0,0.5,0.9,241.7,243.1,116.0,127,27.8
2024-05-13T04:02:00,1715553120,25.4,38.0,26.2,1012.7,99,False,13.0,2.1,4.7,0.4,0.9,211.7,211.7,108.0,113,25.8
2024-05-13T07:31:00,1715565660,27.6,33.0,28.0,1010.5,97,False,244.0,2.3,3.7,0.4,0.8,250.1,254.3,114.0,130,27.8
2024-05-13T09:10:00,1715571600,32.2,40.0,31.4,1012.0,98,False,291.0,2.3,4.9,0.4,1.0,254.8,256.3,114.0,130,31.8
2024-05-13T12:23:00,1715583180,37.7,30.0,37.9,1013.9,100,False,413.0,1.7,2.7,0.5,0.8,214.3,211.6,108.0,96,37.8
2024-05-13T14:17:00,1715590020,41.4,30.0,42.2,1009.4,96,False,350.0,1.6,3.4,0.4,0.7,243.1,246.1,117.0,112,41.8
2024-05-13T16:30:00,1715598000,39.3,30.0,39.5,1009.0,98,False,269.0,2.5,4.0,0.3,0.7,227.4,227.4,130.0,136,39.4
2024-05-13T19:35:00,1715609100,35.9,39.0,35.7,1008.1,96,False,88.0,1.9,5.1,0.5,1.0,250.4,254.7,126.0,144,35.8
2024-05-13T21:19:00,1715615340,33.7,30.0,33.1,1009.3,95,False,17.0,1.5,3.7,0.4,1.0,231.2,235.7,122.0,105,33.4
2024-05-14T00:38:00,1715627280,30.8,43.0,30.3,1009.1,69,True,3.0,1.4,3.7,0.3,0.6,214.1,215.0,119.0,106,30.6
2024-05-14T02:51:00,1715635260,28.6,39.0,28.5,1014.4,95,False,13.0,2.2,4.4,0.4,0.8,219.5,221.1,115.0,120,28.6
2024-05-14T04:18:00,1715640480,26.6,32.0,26.6,1010.9,96,False,0.0,1.3,3.9,0.5,0.8,221.2,216.7,122.0,108,26.6
2024-05-14T07:12:00,1715650920,28.5,41.0,28.7,1011.9,99,False,264.0,2.5,4.3,0.4,0.6,243.0,240.6,120.0,125,28.6
2024-05-14T09:46:00,1715660160,33.0,30.0,32.1,1012.6,93,False,290.0,2.0,4.7,0.4,1.2,236.5,234.5,114.0,136,32.6
2024-05-14T12:11:00,1715668860,38.8,30.0,38.3,1008.2,63,True,137.0,1.4,2.6,0.4,0.9,240.4,235.5,107.0,100,38.6
2024-05-14T14:27:00,1715677020,43.0,31.0,42.2,1010.2,19,True,130.0,1.7,2.5,0.4,1.0,244.0,248.9,117.0,101,42.6
2024-05-14T16:09:00,1715683140,40.5,36.0,39.9,1008.9,68,True,180.0,2.5,4.6,0.4,1.2,253.8,255.1,111.0,130,40.2
2024-05-14T19:02:00,1715693520,36.3,30.0,36.9,1010.7,93,False,71.0,2.4,3.8,0.4,0.7,241.7,242.3,120.0,131,36.6
2024-05-14T21:54:00,1715703840,34.3,38.0,34.1,1009.7,95,False,7.0,1.7,3.5,0.4,0.6,220.7,216.1,110.0,97,34.2
2024-05-15T00:26:00,1715712960,28.7,37.0,28.1,1011.3,99,False,0.0,2.1,5.5,0.4,0.7,252.9,249.2,122.0,147,28.4
2024-05-15T02:30:00,1715720400,25.9,45.0,26.9,1013.4,96,False,0.0,2.7,5.6,0.5,0.9,243.1,238.3,129.0,151,26.4
2024-05-15T04:06:00,1715726160,24.7,42.0,24.1,1014.5,98,False,0.0,1.7,3.4,0.5,0.7,250.9,249.5,114.0,136,24.4
2024-05-15T07:11:00,1715737260,26.5,30.0,26.3,1013.0,100,False,263.0,2.8,5.6,0.5,0.9,247.8,247.4,126.0,165,26.4
2024-05-15T09:39:00,1715746140,30.5,30.0,30.3,1012.0,96,False,321.0,2.5,4.2,0.5,1.4,250.4,246.4,130.0,168,30.4
2024-05-15T12:47:00,1715757420,36.6,31.0,36.2,1010.9,98,False,394.0,2.1,5.0,0.5,0.9,233.0,237.8,122.0,144,36.4
2024-05-15T14:57:00,1715765220,40.7,30.0,40.1,1007.5,95,False,358.0,1.9,5.0,0.4,1.1,243.8,242.1,120.0,144,40.4
2024-05-15T16:33:00,1715770980,38.4,30.0,37.6,1008.7,100,False,280.0,2.7,5.4,0.5,1.1,246.3,242.7,127.0,161,38.0
2024-05-15T19:06:00,1715780160,33.9,39.0,34.9,1008.7,99,False,66.0,2.6,4.5,0.5,0.9,253.7,248.8,141.0,179,34.4
2024-05-15T21:10:00,1715787600,31.6,30.0,32.4,1010.8,95,False,5.0,2.5,4.8,0.4,0.7,227.3,230.7,126.0,128,32.0
2024-05-16T00:03:00,1715797980,32.3,36.0,31.9,1012.0,97,False,0.0,2.1,3.1,0.4,0.6,245.8,241.4,128.0,118,32.1
2024-05-16T02:02:00,1715805120,30.5,30.0,29.7,1013.2,98,False,4.0,1.9,3.7,0.4,0.7,244.0,239.7,111.0,104,30.1
2024-05-16T04:34:00,1715814240,28.4,37.0,27.8,1012.9,100,False,4.0,1.5,3.4,0.3,0.6,216.3,214.2,109.0,115,28.1
2024-05-16T07:34:00,1715825040,30.2,38.0,30.0,1013.0,96,False,246.0,1.7,4.1,0.4,1.1,226.8,227.9,114.0,118,30.1
2024-05-16T09:59:00,1715833740,33.9,44.0,34.3,1010.3,97,False,320.0,1.8,4.0,0.5,1.2,248.8,252.7,123.0,139,34.1
2024-05-16T12:08:00,1715841480,40.4,37.0,39.8,1009.1,100,False,390.0,1.7,2.8,0.3,0.9,233.8,231.9,113.0,106,40.1
2024-05-16T14:58:00,1715851680,44.2,30.0,44.0,1012.7,97,False,360.0,1.1,3.1,0.4,0.9,208.0,203.3,113.0,92,44.1
2024-05-16T16:41:00,1715857860,41.5,30.0,41.9,1010.5,100,False,282.0,2.2,3.8,0.5,0.6,224.6,225.5,128.0,126,41.7
2024-05-16T19:05:00,1715866500,38.4,30.0,37.9,1009.9,100,False,73.0,1.8,4.4,0.4,0.8,250.2,251.5,114.0,125,38.1
2024-05-16T21:44:00,1715876040,35.6,30.0,35.8,1012.4,98,False,0.0,1.7,4.0,0.3,0.9,245.0,240.4,107.0,105,35.7
2024-05-17T00:21:00,1715885460,30.7,38.0,29.9,1011.8,98,False,13.0,2.7,3.5,0.5,0.8,236.3,237.4,132.0,142,30.3
2024-05-17T02:09:00,1715891940,28.4,42.0,28.2,1013.0,97,False,5.0,1.9,4.0,0.4,1.2,256.7,254.2,118.0,144,28.3
2024-05-17T04:34:00,1715900640,26.7,30.0,25.9,1013.6,98,False,0.0,1.9,3.5,0.4,0.6,227.9,226.1,119.0,133,26.3
2024-05-17T07:21:00,1715910660,28.8,38.0,27.8,1008.3,99,False,231.0,2.8,5.7,0.6,1.1,256.9,259.9,133.0,166,28.3
2024-05-17T09:50:00,1715919600,32.5,30.0,32.1,1011.4,99,False,306.0,2.5,5.2,0.5,1.3,243.7,242.0,126.0,174,32.3
2024-05-17T12:41:00,1715929860,38.2,30.0,38.4,1012.2,98,False,401.0,2.1,4.5,0.4,1.1,225.0,225.6,117.0,124,38.3
2024-05-17T14:24:00,1715936040,42.0,30.0,42.6,1008.8,98,False,330.0,1.8,4.9,0.5,0.9,244.9,243.6,133.0,143,42.3
2024-05-17T16:46:00,1715944560,40.3,30.0,39.5,1007.7,97,False,298.0,2.7,4.9,0.5,1.0,284.3,287.9,130.0,180,39.9
2024-05-17T19:39:00,1715954940,36.3,30.0,36.3,1007.2,95,False,67.0,2.2,4.9,0.6,0.9,278.3,280.0,130.0,172,36.3
2024-05-17T21:42:00,1715962320,34.1,35.0,33.7,1008.8,97,False,0.0,2.7,3.5,0.5,1.2,254.1,255.4,131.0,143,33.9
2024-05-18T00:15:00,1715971500,29.1,40.0,28.9,1012.8,96,False,0.0,2.4,3.5,0.5,1.2,237.7,238.1,122.0,125,29.0
2024-05-18T02:15:00,1715978700,27.3,30.0,26.7,1007.6,99,False,13.0,2.5,5.6,0.4,1.0,232.4,228.6,135.0,149,27.0
2024-05-18T04:34:00,1715987040,25.5,30.0,24.5,1010.6,95,False,12.0,2.4,4.4,0.4,0.8,249.5,251.3,130.0,131,25.0
2024-05-18T07:55:00,1715999100,27.3,31.0,26.7,1012.8,97,False,240.0,2.2,4.6,0.6,0.8,263.1,261.5,132.0,156,27.0
2024-05-18T09:16:00,1716003960,31.5,39.0,30.6,1007.7,100,False,319.0,2.7,5.3,0.6,1.0,248.9,248.0,129.0,172,31.0
2024-05-18T12:24:00,1716015240,36.6,31.0,37.4,1011.2,95,False,409.0,2.4,3.1,0.4,0.7,229.9,225.3,127.0,129,37.0
2024-05-18T14:25:00,1716022500,41.2,30.0,40.8,1007.4,95,False,341.0,1.5,3.6,0.5,0.7,240.9,243.9,121.0,119,41.0
2024-05-18T16:03:00,1716028380,38.1,30.0,39.1,1008.2,95,False,272.0,2.8,5.6,0.6,1.4,274.4,274.9,140.0,172,38.6
2024-05-18T19:10:00,1716039600,34.7,30.0,35.3,1010.6,98,False,80.0,2.6,6.2,0.5,1.2,277.2,272.4,137.0,174,35.0
2024-05-18T21:03:00,1716046380,32.5,31.0,32.7,1010.7,97,False,14.0,2.4,3.6,0.4,1.2,248.7,250.2,117.0,125,32.6
2024-05-19T00:27:00,1716058620,28.6,45.0,28.6,1014.1,98,False,0.0,2.2,5.0,0.6,1.3,237.4,237.9,139.0,161,28.6
2024-05-19T02:18:00,1716065280,26.6,30.0,26.6,1010.5,98,False,0.0,3.1,4.7,0.5,1.2,266.9,266.9,127.0,172,26.6
2024-05-19T04:29:00,1716073140,24.8,42.0,24.3,1013.4,100,False,12.0,2.3,5.1,0.6,1.3,263.4,265.1,118.0,151,24.6
2024-05-19T07:59:00,1716085740,26.7,35.0,26.5,1011.5,97,False,245.0,2.5,6.4,0.5,1.5,255.8,255.9,137.0,189,26.6
2024-05-19T09:13:00,1716090180,30.7,31.0,30.4,1008.3,96,False,312.0,2.8,6.3,0.6,1.0,265.1,262.1,130.0,192,30.6
2024-05-19T12:51:00,1716103260,36.6,30.0,36.6,1008.4,100,False,386.0,2.5,4.9,0.5,0.8,249.3,251.4,132.0,159,36.6
2024-05-19T14:23:00,1716108780,40.9,30.0,40.3,1007.5,98,False,342.0,2.0,5.5,0.4,1.3,264.1,265.4,132.0,151,40.6
2024-05-19T16:26:00,1716116160,38.1,30.0,38.2,1005.5,99,False,273.0,3.0,6.1,0.6,0.9,247.8,244.2,140.0,184,38.2
2024-05-19T19:01:00,1716125460,34.2,30.0,34.9,1009.5,100,False,91.0,2.3,5.8,0.6,1.1,261.3,265.6,136.0,176,34.6
2024-05-19T21:30:00,1716134400,32.5,30.0,31.9,1008.9,97,False,0.0,2.7,4.3,0.5,0.9,271.4,271.3,128.0,154,32.2
2024-05-20T00:07:00,1716143820,28.7,33.0,28.1,1009.8,97,False,0.0,1.5,2.8,0.4,0.8,220.6,216.8,115.0,112,28.4
2024-05-20T02:16:00,1716151560,26.1,30.0,26.7,1011.8,97,False,12.0,1.6,4.0,0.4,1.1,236.9,234.9,121.0,123,26.4
2024-05-20T04:36:00,1716159960,24.3,36.0,24.5,1009.5,100,False,0.0,1.5,2.5,0.5,0.8,237.7,241.5,108.0,103,24.4
2024-05-20T07:59:00,1716172140,26.5,30.0,26.3,1010.1,99,False,269.0,2.4,3.3,0.4,1.1,239.5,240.7,114.0,119,26.4
2024-05-20T09:54:00,1716179040,30.8,30.0,30.0,1014.4,99,False,297.0,2.3,3.7,0.4,0.6,224.8,229.2,116.0,136,30.4
2024-05-20T12:33:00,1716188580,36.7,30.0,36.1,1010.7,97,False,387.0,1.3,4.0,0.3,0.8,234.6,234.0,109.0,112,36.4
2024-05-20T14:05:00,1716194100,40.8,30.0,40.0,1006.3,100,False,340.0,1.8,3.5,0.3,0.9,220.3,217.6,114.0,97,40.4
2024-05-20T16:51:00,1716204060,37.6,34.0,38.4,1011.1,96,False,289.0,2.0,5.0,0.5,0.7,246.2,248.0,118.0,130,38.0
2024-05-20T19:41:00,1716214260,34.7,30.0,34.1,1007.9,96,False,62.0,1.8,4.6,0.3,1.2,246.2,251.2,126.0,133,34.4
2024-05-20T21:29:00,1716220740,32.4,30.0,31.6,1005.4,99,False,0.0,1.7,3.7,0.5,1.0,217.8,214.5,122.0,111,32.0
2024-05-21T00:13:00,1716230580,32.7,35.0,32.0,1010.3,98,False,16.0,1.4,3.4,0.4,0.6,239.2,239.7,108.0,112,32.4
2024-05-21T02:17:00,1716238020,30.0,30.0,30.7,1010.5,100,False,0.0,2.1,2.9,0.4,0.6,230.3,229.7,108.0,110,30.4
2024-05-21T04:48:00,1716247080,28.8,46.0,28.0,1009.4,99,False,5.0,1.7,4.2,0.4,1.1,232.7,231.4,115.0,129,28.4
2024-05-21T07:27:00,1716256620,30.5,35.0,30.2,1011.8,96,False,239.0,1.6,3.2,0.4,1.1,229.4,228.5,117.0,125,30.4
2024-05-21T09:07:00,1716262620,34.0,30.0,34.7,1011.3,95,False,305.0,1.7,4.2,0.5,1.0,235.3,239.1,121.0,143,34.4
2024-05-21T12:23:00,1716274380,40.5,35.0,40.2,1008.0,97,False,405.0,1.9,3.3,0.3,0.8,212.7,209.9,107.0,97,40.4
2024-05-21T14:16:00,1716281160,43.9,36.0,44.8,1005.7,95,False,351.0,1.9,2.6,0.3,0.9,214.4,209.6,119.0,105,44.4
2024-05-21T16:46:00,1716290160,41.8,30.0,42.1,1008.2,95,False,296.0,1.9,3.6,0.5,0.8,243.1,246.7,126.0,135,42.0
2024-05-21T19:10:00,1716298800,38.2,32.0,38.5,1008.2,97,False,70.0,2.0,4.4,0.5,0.8,251.8,248.4,130.0,144,38.4
2024-05-21T21:19:00,1716306540,35.8,30.0,36.1,1009.2,96,False,16.0,2.1,3.7,0.3,0.8,205.3,202.0,104.0,100,36.0
2024-05-22T00:53:00,1716319380,33.4,33.0,32.4,1011.2,99,False,0.0,2.8,4.2,0.4,1.1,233.2,234.1,123.0,150,32.9
2024-05-22T02:24:00,1716324840,31.3,30.0,30.4,1013.9,97,False,0.0,2.8,4.5,0.5,1.0,271.5,274.9,127.0,154,30.9
2024-05-22T04:18:00,1716331680,29.0,35.0,28.7,1010.1,97,False,7.0,2.3,4.9,0.4,0.9,251.3,247.2,125.0,142,28.9
2024-05-22T07:47:00,1716344220,31.2,36.0,30.5,1010.7,95,False,245.0,2.4,5.5,0.6,0.9,260.6,262.7,127.0,163,30.9
2024-05-22T09:52:00,1716351720,35.0,30.0,34.7,1011.4,95,False,319.0,2.6,5.6,0.6,1.0,254.8,250.1,139.0,172,34.9
2024-05-22T12:58:00,1716362880,41.3,32.0,40.4,1010.9,97,False,409.0,2.1,3.9,0.5,1.2,229.4,228.6,115.0,141,40.9
2024-05-22T14:58:00,1716370080,44.5,30.0,45.2,1007.4,99,False,331.0,1.8,4.9,0.5,0.9,241.2,242.2,127.0,138,44.9
2024-05-22T16:12:00,1716374520,42.8,32.0,42.1,1008.4,99,False,290.0,2.7,5.8,0.5,0.8,260.3,259.6,123.0,173,42.5
2024-05-22T19:45:00,1716387300,39.2,34.0,38.5,1012.1,98,False,74.0,2.2,4.6,0.5,1.3,252.0,249.5,127.0,172,38.9
2024-05-22T21:58:00,1716395280,36.3,30.0,36.6,1010.3,98,False,17.0,2.7,3.5,0.4,1.1,230.0,231.9,118.0,141,36.5
2024-05-23T00:40:00,1716405000,29.1,34.0,28.6,1011.1,99,False,0.0,2.3,4.9,0.5,0.9,265.6,265.3,130.0,142,28.9
2024-05-23T02:17:00,1716410820,27.1,47.0,26.7,1008.0,98,False,5.0,2.1,5.6,0.5,0.7,241.4,238.0,127.0,151,26.9
2024-05-23T04:16:00,1716417960,24.7,39.0,25.0,1008.6,97,False,2.0,1.8,4.2,0.5,0.8,244.1,245.2,122.0,146,24.9
2024-05-23T07:37:00,1716430020,26.7,45.0,27.0,1012.5,97,False,242.0,2.2,4.5,0.4,0.9,271.8,273.0,131.0,179,26.9
2024-05-23T09:46:00,1716437760,30.7,30.0,31.1,1009.6,95,False,305.0,2.7,6.2,0.6,0.9,275.5,277.1,138.0,187,30.9
2024-05-23T12:57:00,1716449220,37.3,30.0,36.4,1009.8,97,False,404.0,2.0,3.7,0.4,1.2,268.3,272.0,125.0,149,36.9
2024-05-23T14:58:00,1716456480,41.1,30.0,40.6,1013.4,100,False,343.0,2.6,5.0,0.5,1.1,254.2,251.3,133.0,149,40.9
2024-05-23T16:09:00,1716460740,38.1,30.0,38.8,1010.3,100,False,267.0,2.5,4.9,0.5,1.2,268.0,265.0,133.0,187,38.5
2024-05-23T19:36:00,1716473160,34.4,36.0,35.3,1006.9,97,False,72.0,2.9,5.6,0.6,1.0,261.8,258.6,147.0,193,34.9
2024-05-23T21:17:00,1716479220,32.1,31.0,32.8,1011.2,95,False,0.0,1.7,4.1,0.4,1.0,231.8,227.9,125.0,131,32.5
2024-05-24T00:00:00,1716489000,28.0,37.0,27.9,1008.2,96,False,19.0,2.4,4.3,0.5,0.6,251.1,246.6,124.0,135,28.0
2024-05-24T02:31:00,1716498060,26.0,33.0,26.0,1007.8,95,False,0.0,2.2,3.3,0.4,1.1,256.1,256.8,112.0,131,26.0
2024-05-24T04:27:00,1716505020,24.4,30.0,23.5,1012.1,98,False,15.0,2.3,4.7,0.4,0.9,235.0,230.4,122.0,123,24.0
2024-05-24T07:26:00,1716515760,25.8,41.0,26.1,1009.7,97,False,256.0,2.5,4.7,0.5,1.2,228.1,229.9,125.0,142,26.0
2024-05-24T09:24:00,1716522840,30.2,40.0,29.8,1009.0,95,False,329.0,2.4,5.0,0.4,0.8,238.3,238.7,136.0,161,30.0
2024-05-24T12:15:00,1716533100,35.6,30.0,36.3,1011.5,98,False,410.0,2.1,3.9,0.5,0.6,224.3,229.1,122.0,129,36.0
2024-05-24T14:00:00,1716539400,40.0,30.0,39.9,1009.3,96,False,338.0,2.5,4.2,0.4,0.7,230.1,232.2,116.0,131,40.0
2024-05-24T16:20:00,1716547800,37.3,30.0,37.9,1009.9,95,False,297.0,1.9,4.7,0.4,1.0,235.3,236.8,121.0,147,37.6
2024-05-24T19:35:00,1716559500,33.6,30.0,34.4,1004.4,100,False,63.0,2.6,3.7,0.5,1.1,256.8,254.3,135.0,145,34.0
2024-05-24T21:09:00,1716565140,31.6,33.0,31.6,1010.9,96,False,2.0,2.3,4.7,0.4,0.8,223.7,228.2,122.0,122,31.6
2024-05-25T00:31:00,1716577260,27.1,42.0,27.5,1012.6,95,False,4.0,1.9,4.7,0.5,1.0,244.2,240.9,129.0,147,27.3
2024-05-25T02:49:00,1716585540,25.3,47.0,25.2,1010.1,100,False,0.0,1.5,3.6,0.5,0.7,252.7,249.0,125.0,122,25.3
2024-05-25T04:32:00,1716591720,23.3,37.0,23.2,1014.4,95,False,0.0,1.8,3.2,0.5,0.9,241.0,239.9,122.0,125,23.3
2024-05-25T07:45:00,1716603300,25.1,40.0,25.5,1010.1,98,False,237.0,2.5,5.6,0.5,0.9,248.5,249.3,118.0,148,25.3
2024-05-25T09:07:00,1716608220,28.9,39.0,29.7,1009.7,96,False,291.0,1.9,5.2,0.5,0.8,257.2,260.5,128.0,145,29.3
2024-05-25T12:50:00,1716621600,35.5,30.0,35.1,1011.8,98,False,410.0,2.3,4.3,0.4,0.7,245.4,242.0,118.0,125,35.3
2024-05-25T14:09:00,1716626340,39.1,31.0,39.5,1008.7,97,False,324.0,1.9,4.2,0.5,1.1,211.3,211.9,115.0,111,39.3
2024-05-25T16:22:00,1716634320,36.5,30.0,37.3,1006.6,100,False,299.0,2.4,5.4,0.5,0.7,240.5,240.8,127.0,153,36.9
2024-05-25T19:58:00,1716647280,33.3,30.0,33.3,1011.2,98,False,58.0,2.6,4.6,0.4,1.1,256.5,257.7,136.0,164,33.3
2024-05-25T21:57:00,1716654420,30.7,31.0,31.0,1011.6,99,False,15.0,2.1,3.2,0.5,0.8,221.0,225.3,131.0,130,30.9
2024-05-26T00:38:00,1716664080,28.2,42.0,29.2,1009.9,97,False,0.0,2.7,3.8,0.4,0.7,235.5,239.5,133.0,154,28.7
2024-05-26T02:22:00,1716670320,26.2,44.0,27.2,1012.7,100,False,4.0,2.8,5.5,0.4,1.2,237.1,241.0,125.0,154,26.7
2024-05-26T04:40:00,1716678600,24.8,37.0,24.6,1008.0,99,False,15.0,2.7,4.4,0.6,0.8,263.7,265.3,130.0,153,24.7
2024-05-26T07:02:00,1716687120,27.2,49.0,26.2,1014.3,95,False,247.0,2.4,5.8,0.6,1.1,242.1,242.1,130.0,169,26.7
2024-05-26T09:05:00,1716694500,31.2,30.0,30.2,1012.7,99,False,299.0,2.5,5.9,0.5,1.0,270.6,273.8,126.0,166,30.7
2024-05-26T12:04:00,1716705240,36.4,30.0,37.0,1007.2,95,False,396.0,2.4,3.6,0.3,0.6,232.9,229.5,123.0,124,36.7
2024-05-26T14:44:00,1716714840,40.6,30.0,40.8,1012.8,96,False,322.0,2.6,4.5,0.4,1.0,225.5,226.4,123.0,137,40.7
2024-05-26T16:52:00,1716722520,38.5,30.0,38.2,1011.2,100,False,269.0,2.5,6.0,0.5,0.9,272.1,276.5,133.0,178,38.3
2024-05-26T19:38:00,1716732480,34.3,30.0,35.1,1006.0,99,False,67.0,2.8,6.2,0.5,1.4,246.4,250.7,124.0,174,34.7
2024-05-26T21:19:00,1716738540,32.2,30.0,32.4,1008.1,96,False,15.0,1.7,4.8,0.3,0.9,233.5,234.3,118.0,120,32.3
2024-05-27T00:36:00,1716750360,27.5,31.0,27.7,1010.9,97,False,0.0,2.4,4.9,0.5,1.2,240.1,239.8,133.0,159,27.6
2024-05-27T02:37:00,1716757620,25.5,32.0,25.6,1012.1,95,False,0.0,2.5,4.5,0.5,0.9,258.7,258.9,137.0,155,25.6
2024-05-27T04:59:00,1716766140,23.2,34.0,23.9,1009.8,97,False,3.0,1.8,5.2,0.5,0.7,254.2,254.3,122.0,143,23.6
2024-05-27T07:11:00,1716774060,26.0,39.0,25.1,1014.0,96,False,245.0,2.5,5.2,0.5,1.2,280.3,275.4,141.0,194,25.6
2024-05-27T09:27:00,1716782220,29.8,32.0,29.3,1011.9,98,False,294.0,2.5,5.2,0.5,1.0,260.6,256.3,132.0,184,29.6
2024-05-27T12:26:00,1716792960,35.1,30.0,36.0,1011.7,98,False,381.0,2.5,3.6,0.5,0.7,230.1,234.5,134.0,140,35.6
2024-05-27T14:05:00,1716798900,39.6,30.0,39.5,1007.3,97,False,328.0,2.3,5.5,0.6,0.9,272.3,276.2,126.0,157,39.6
2024-05-27T16:54:00,1716809040,37.4,30.0,36.9,1008.0,95,False,290.0,3.2,5.0,0.4,1.1,258.3,263.1,131.0,185,37.2
2024-05-27T19:31:00,1716818460,33.3,30.0,33.9,1012.7,95,False,86.0,2.3,6.1,0.5,1.3,252.4,250.9,138.0,183,33.6
2024-05-27T21:00:00,1716823800,31.2,30.0,31.1,1008.2,97,False,6.0,2.7,5.1,0.5,0.8,253.2,255.8,136.0,156,31.2
2024-05-28T00:41:00,1716837060,27.2,34.0,28.0,1011.7,97,False,20.0,2.2,4.1,0.4,0.5,244.0,241.8,113.0,107,27.6
2024-05-28T02:58:00,1716845280,25.8,30.0,25.3,1009.7,97,False,15.0,1.8,3.8,0.4,1.1,245.4,249.0,119.0,122,25.6
2024-05-28T04:58:00,1716852480,23.8,40.0,23.4,1015.1,99,False,18.0,2.4,3.4,0.4,0.9,236.5,237.0,122.0,130,23.6
2024-05-28T07:47:00,1716862620,25.1,34.0,26.0,1012.3,99,False,267.0,2.1,4.6,0.4,0.9,238.5,241.6,115.0,130,25.6
2024-05-28T09:21:00,1716868260,29.1,30.0,30.1,1012.8,96,False,321.0,2.2,4.0,0.5,1.1,232.0,231.2,126.0,142,29.6
2024-05-28T12:02:00,1716877920,35.8,30.0,35.4,1010.6,97,False,381.0,1.9,3.5,0.4,1.0,233.9,238.6,120.0,116,35.6
2024-05-28T14:46:00,1716887760,40.0,30.0,39.2,1009.8,98,False,357.0,1.9,3.3,0.5,0.5,213.2,210.0,119.0,106,39.6
2024-05-28T16:28:00,1716893880,37.3,30.0,37.0,1004.9,95,False,287.0,2.3,3.5,0.5,1.1,247.4,250.3,126.0,138,37.2
2024-05-28T19:32:00,1716904920,33.8,30.0,33.3,1005.4,96,False,60.0,2.5,4.7,0.5,0.8,235.3,231.5,126.0,143,33.6
2024-05-28T21:40:00,1716912600,30.7,36.0,31.7,1010.5,96,False,6.0,1.5,3.8,0.4,0.7,225.2,222.6,116.0,114,31.2
2024-05-29T00:44:00,1716923640,29.2,40.0,28.5,1010.4,100,False,0.0,2.2,3.8,0.5,0.8,250.5,253.0,124.0,144,28.9
2024-05-29T02:19:00,1716929340,27.1,32.0,26.6,1008.0,99,False,0.0,2.8,5.4,0.4,1.2,267.3,271.2,137.0,155,26.9
2024-05-29T04:18:00,1716936480,25.2,33.0,24.5,1013.9,96,False,3.0,2.5,5.2,0.5,1.0,241.9,241.1,122.0,162,24.9
2024-05-29T07:23:00,1716947580,26.9,43.0,26.8,1015.6,100,False,233.0,3.2,4.8,0.6,0.9,254.4,256.0,133.0,187,26.9
2024-05-29T09:52:00,1716956520,30.5,44.0,31.2,1009.1,100,False,303.0,2.3,4.6,0.4,1.3,267.6,272.1,129.0,166,30.9
2024-05-29T12:08:00,1716964680,37.2,30.0,36.6,1012.9,100,False,413.0,2.8,5.8,0.6,1.3,236.7,236.3,122.0,158,36.9
2024-05-29T14:05:00,1716971700,40.4,30.0,41.3,1011.0,96,False,347.0,2.2,4.2,0.4,1.1,236.7,235.4,139.0,159,40.9
2024-05-29T16:18:00,1716979680,38.8,30.0,38.1,1009.5,97,False,280.0,2.7,6.1,0.4,1.1,244.1,244.1,141.0,177,38.5
2024-05-29T19:52:00,1716992520,35.0,30.0,34.7,1010.4,95,False,77.0,3.3,6.5,0.6,1.3,286.0,284.4,136.0,195,34.9
2024-05-29T21:55:00,1716999900,32.4,30.0,32.5,1011.9,97,False,0.0,2.0,3.7,0.4,1.0,230.1,229.2,119.0,137,32.5
2024-05-30T00:07:00,1717007820,29.6,30.0,29.9,1007.8,99,False,0.0,2.5,4.1,0.4,0.8,246.9,250.9,132.0,153,29.8
2024-05-30T02:25:00,1717016100,27.7,30.0,27.9,1014.4,100,False,0.0,2.8,6.2,0.5,1.4,277.1,279.3,129.0,170,27.8
2024-05-30T04:01:00,1717021860,26.2,37.0,25.3,1009.3,100,False,7.0,2.2,5.0,0.5,1.1,251.2,246.7,133.0,167,25.8
2024-05-30T07:26:00,1717034160,27.3,30.0,28.2,1011.3,96,False,233.0,2.3,4.5,0.5,1.4,273.6,277.8,141.0,174,27.8
2024-05-30T09:21:00,1717041060,31.4,30.0,32.1,1012.5,98,False,314.0,2.5,5.8,0.5,1.1,252.2,252.2,136.0,182,31.8
2024-05-30T12:45:00,1717053300,37.4,30.0,38.1,1014.1,95,False,393.0,2.4,4.4,0.4,1.3,245.7,241.1,134.0,148,37.8
2024-05-30T14:05:00,1717058100,41.3,30.0,42.2,1006.9,100,False,357.0,2.6,4.5,0.4,1.0,234.2,233.9,122.0,139,41.8
2024-05-30T16:55:00,1717068300,38.9,33.0,39.9,1008.4,99,False,273.0,2.4,4.6,0.5,1.0,272.7,276.4,139.0,181,39.4
2024-05-30T19:43:00,1717078380,36.0,33.0,35.6,1008.3,95,False,58.0,3.4,6.1,0.6,1.4,257.7,258.3,136.0,196,35.8
2024-05-30T21:08:00,1717083480,33.5,33.0,33.3,1007.8,98,False,6.0,2.3,4.2,0.5,1.1,230.7,229.1,130.0,137,33.4
2024-05-31T00:19:00,1717094940,31.9,30.0,31.9,1009.9,95,False,0.0,2.6,4.9,0.4,1.1,228.2,228.1,132.0,138,31.9
2024-05-31T02:32:00,1717102920,30.3,32.0,29.5,1011.2,100,False,0.0,2.9,5.6,0.4,1.3,265.1,264.8,123.0,159,29.9
2024-05-31T04:20:00,1717109400,28.2,47.0,27.6,1013.7,96,False,18.0,2.6,5.2,0.5,1.0,232.5,237.2,120.0,154,27.9
2024-05-31T07:55:00,1717122300,29.6,30.0,30.3,1013.1,99,False,254.0,3.0,5.8,0.5,1.3,251.7,254.9,125.0,172,29.9
2024-05-31T09:24:00,1717127640,33.5,30.0,34.3,1011.7,100,False,305.0,2.7,5.5,0.4,1.4,244.6,242.9,129.0,167,33.9
2024-05-31T12:06:00,1717137360,40.4,30.0,39.5,1009.3,95,False,406.0,2.0,4.3,0.4,1.0,240.6,236.6,120.0,132,39.9
2024-05-31T14:47:00,1717147020,43.6,30.0,44.3,1008.2,96,False,341.0,2.0,3.8,0.5,0.7,242.6,238.4,129.0,147,43.9
2024-05-31T16:58:00,1717154880,41.7,30.0,41.4,1005.1,100,False,287.0,2.4,5.7,0.5,0.9,265.9,270.7,136.0,177,41.5
2024-05-31T19:41:00,1717164660,37.7,30.0,38.1,1007.9,97,False,71.0,2.4,5.2,0.5,0.9,272.4,268.4,136.0,172,37.9
2024-05-31T21:04:00,1717169640,35.5,41.0,35.6,1010.2,98,False,0.0,2.3,3.8,0.4,1.2,253.7,251.3,124.0,144,35.5
2024-06-01T00:01:00,1717180260,32.5,69.0,32.9,1008.1,98,False,0.0,1.9,2.8,0.4,0.9,227.7,228.0,112.0,110,32.7
2024-06-01T02:02:00,1717187520,30.6,66.0,31.0,1005.3,95,False,0.0,1.8,4.3,0.3,0.8,222.1,220.2,107.0,107,30.8
2024-06-01T04:48:00,1717197480,28.7,73.0,29.1,1011.1,36,True,0.0,2.1,3.6,0.5,0.9,222.0,226.6,116.0,114,28.9
2024-06-01T07:30:00,1717207200,30.9,79.0,30.7,1008.6,91,False,238.0,2.0,4.8,0.5,0.8,231.0,230.6,134.0,149,30.8
2024-06-01T09:40:00,1717215000,35.0,72.0,34.2,1007.4,93,False,308.0,2.0,4.9,0.4,0.7,234.4,232.6,131.0,136,34.6
2024-06-01T12:54:00,1717226640,40.6,59.0,40.0,1008.1,62,True,195.0,1.6,3.4,0.4,1.0,221.9,223.5,109.0,108,40.3
2024-06-01T14:41:00,1717233060,43.6,52.0,44.5,1004.7,17,True,167.0,2.1,3.4,0.3,0.7,222.5,218.3,113.0,100,44.1
2024-06-01T16:39:00,1717240140,41.8,61.0,41.8,1006.8,100,False,273.0,2.7,3.8,0.5,1.2,244.8,248.5,118.0,147,41.8
2024-06-01T19:31:00,1717250460,38.8,57.0,38.0,1005.9,10,True,5.0,2.1,4.8,0.5,0.7,242.2,238.5,130.0,141,38.4
2024-06-01T21:00:00,1717255800,35.7,74.0,36.5,1004.9,64,True,0.0,1.9,4.3,0.5,1.0,247.5,243.5,112.0,115,36.1
2024-06-02T00:58:00,1717270080,28.1,60.0,28.2,1006.4,96,False,0.0,1.8,3.8,0.3,1.0,239.6,237.7,109.0,102,28.1
2024-06-02T02:39:00,1717276140,26.1,66.0,26.3,1007.7,95,False,8.0,2.0,3.9,0.5,0.7,216.6,214.5,109.0,111,26.2
2024-06-02T04:48:00,1717283880,23.9,85.0,24.8,1007.0,98,False,4.0,1.3,3.5,0.4,0.7,234.1,234.7,123.0,107,24.3
2024-06-02T07:53:00,1717294980,26.5,74.0,26.0,1006.0,96,False,268.0,2.5,4.6,0.5,0.9,252.2,253.6,110.0,126,26.2
2024-06-02T09:02:00,1717299120,30.4,60.0,29.7,1012.5,98,False,297.0,1.6,3.9,0.4,0.9,230.6,232.7,117.0,115,30.0
2024-06-02T12:43:00,1717312380,36.2,61.0,35.3,1008.5,97,False,391.0,1.6,2.2,0.4,0.7,206.4,202.7,108.0,91,35.7
2024-06-02T14:54:00,1717320240,39.3,48.0,39.8,1006.0,95,False,344.0,1.6,2.9,0.4,1.0,214.0,216.9,107.0,92,39.5
2024-06-02T16:33:00,1717326180,37.5,66.0,37.0,1007.5,98,False,297.0,1.6,4.2,0.4,1.0,259.3,256.9,130.0,129,37.2
2024-06-02T19:22:00,1717336320,34.0,57.0,33.6,1008.9,97,False,75.0,2.3,4.4,0.5,0.8,253.2,254.4,130.0,130,33.8
2024-06-02T21:02:00,1717342320,31.6,65.0,31.5,1002.7,95,False,12.0,1.9,2.5,0.4,0.8,238.4,236.8,112.0,90,31.5
2024-06-03T00:51:00,1717356060,31.1,69.0,30.6,1008.2,19,True,9.0,2.5,4.1,0.5,0.7,261.4,257.1,133.0,142,30.8
2024-06-03T02:18:00,1717361280,29.4,77.0,28.5,1010.6,52,True,11.0,2.0,3.8,0.4,0.9,232.8,229.2,113.0,115,28.9
2024-06-03T04:58:00,1717370880,26.9,69.0,27.2,1011.3,92,False,10.0,1.6,4.3,0.3,1.0,235.2,233.6,113.0,128,27.0
2024-06-03T07:52:00,1717381320,29.3,67.0,28.6,1008.1,42,True,80.0,2.8,4.9,0.4,1.2,247.4,249.5,132.0,154,28.9
2024-06-03T09:57:00,1717388820,33.0,59.0,32.4,1013.6,51,True,99.0,2.3,5.1,0.4,0.8,252.1,254.7,126.0,150,32.7
2024-06-03T12:05:00,1717396500,38.2,66.0,38.6,1009.7,60,True,150.0,2.4,3.7,0.4,1.0,244.4,247.3,123.0,132,38.4
2024-06-03T14:02:00,1717403520,42.6,49.0,41.9,1007.2,15,True,148.0,1.5,3.5,0.3,0.5,209.7,209.5,115.0,106,42.2
2024-06-03T16:15:00,1717411500,40.1,69.0,39.8,1007.6,99,False,276.0,2.7,5.3,0.4,1.2,248.4,251.7,135.0,163,39.9
2024-06-03T19:20:00,1717422600,36.9,60.0,36.1,1004.6,54,True,11.0,2.2,5.0,0.5,1.2,235.8,232.4,121.0,147,36.5
2024-06-03T21:37:00,1717430820,34.1,60.0,34.4,1005.2,56,True,0.0,1.4,3.4,0.4,0.9,217.1,218.3,124.0,113,34.2
2024-06-04T00:57:00,1717442820,32.2,73.0,33.0,1005.2,96,False,0.0,2.0,3.8,0.4,1.1,262.7,266.9,114.0,139,32.6
2024-06-04T02:57:00,1717450020,30.4,81.0,31.0,1013.5,97,False,0.0,2.1,3.3,0.4,1.2,254.1,249.6,127.0,131,30.7
2024-06-04T04:09:00,1717454340,29.2,77.0,28.5,1008.6,95,False,0.0,2.0,4.8,0.5,0.9,222.1,221.5,120.0,132,28.8
2024-06-04T07:51:00,1717467660,30.6,77.0,30.9,1011.2,95,False,255.0,2.0,4.7,0.4,1.3,237.9,233.7,132.0,159,30.7
2024-06-04T09:06:00,1717472160,34.7,74.0,34.3,1008.9,100,False,324.0,2.2,5.3,0.5,0.8,261.9,266.9,135.0,146,34.5
2024-06-04T12:38:00,1717484880,40.3,62.0,40.1,1009.1,95,False,399.0,1.8,5.4,0.5,0.7,262.7,263.1,116.0,139,40.2
2024-06-04T14:29:00,1717491540,44.5,49.0,43.6,1007.5,100,False,358.0,2.5,4.8,0.4,0.9,250.3,245.5,118.0,132,44.0
2024-06-04T16:52:00,1717500120,41.7,61.0,41.7,1009.8,97,False,267.0,2.6,6.0,0.5,1.1,244.0,241.1,137.0,166,41.7
2024-06-04T19:31:00,1717509660,37.8,65.0,38.8,1008.3,95,False,58.0,2.9,5.1,0.4,0.9,276.7,277.6,125.0,170,38.3
2024-06-04T21:50:00,1717518000,35.7,56.0,36.4,1004.8,95,False,0.0,2.4,4.2,0.5,0.9,244.5,239.8,117.0,118,36.0
2024-06-05T00:38:00,1717528080,30.4,69.0,31.1,1007.6,99,False,18.0,2.5,4.8,0.4,0.8,246.0,247.4,129.0,146,30.7
2024-06-05T02:41:00,1717535460,29.3,66.0,28.4,1008.1,96,False,0.0,2.6,4.2,0.4,1.1,234.9,236.2,133.0,138,28.8
2024-06-05T04:13:00,1717540980,26.7,80.0,27.2,1006.3,98,False,20.0,2.1,3.5,0.4,0.8,249.6,247.9,126.0,124,26.9
2024-06-05T07:53:00,1717554180,29.3,77.0,28.4,1005.5,99,False,247.0,1.9,5.6,0.4,0.8,240.8,237.9,133.0,150,28.8
2024-06-05T09:30:00,1717560000,32.8,56.0,32.5,1010.3,99,False,314.0,2.4,4.9,0.5,1.1,252.6,251.0,126.0,163,32.6
2024-06-05T12:49:00,1717571940,38.8,65.0,37.9,1006.9,96,False,396.0,2.2,3.9,0.4,1.0,248.1,247.9,127.0,138,38.3
2024-06-05T14:57:00,1717579620,42.2,69.0,42.1,1004.0,99,False,334.0,1.6,3.5,0.4,0.8,243.3,244.0,115.0,119,42.1
2024-06-05T16:49:00,1717586340,40.1,59.0,39.7,1008.1,97,False,263.0,2.6,4.2,0.5,1.3,233.7,229.7,136.0,156,39.9
2024-06-05T19:46:00,1717596960,36.4,72.0,36.4,1005.1,97,False,81.0,3.0,5.6,0.5,0.9,243.2,238.6,134.0,170,36.4
2024-06-05T21:15:00,1717602300,34.5,56.0,33.8,1007.7,98,False,0.0,2.7,5.2,0.4,1.1,244.9,241.0,128.0,142,34.2
2024-06-06T00:14:00,1717613040,28.1,72.0,27.7,1007.8,98,False,13.0,1.2,2.8,0.4,0.6,237.8,233.1,118.0,96,27.9
2024-06-06T02:48:00,1717622280,25.8,76.0,26.3,1008.2,92,False,0.0,1.2,3.3,0.5,1.0,230.1,233.3,121.0,100,26.0
2024-06-06T04:10:00,1717627200,24.6,84.0,23.7,1009.3,98,False,5.0,2.0,4.3,0.5,0.6,219.1,216.6,118.0,103,24.1
2024-06-06T07:27:00,1717639020,26.4,72.0,25.6,1010.9,98,False,247.0,1.4,2.8,0.5,0.8,246.3,242.9,126.0,110,26.0
2024-06-06T09:59:00,1717648140,29.3,62.0,30.3,1009.1,96,False,316.0,1.7,3.4,0.4,0.7,236.0,240.6,114.0,128,29.8
2024-06-06T12:14:00,1717656240,35.8,57.0,35.3,1009.3,29,True,157.0,1.9,2.4,0.4,0.5,232.1,228.8,119.0,87,35.5
2024-06-06T14:27:00,1717664220,39.4,63.0,39.2,1006.8,93,False,350.0,1.7,2.6,0.4,0.5,236.5,235.0,109.0,95,39.3
2024-06-06T16:20:00,1717671000,37.3,67.0,36.7,1007.2,12,True,118.0,1.7,4.5,0.4,0.8,221.4,225.0,111.0,119,37.0
2024-06-06T19:17:00,1717681620,33.7,59.0,33.5,1005.5,31,True,35.0,2.5,3.8,0.4,0.7,248.2,248.5,113.0,128,33.6
2024-06-06T21:36:00,1717689960,31.2,61.0,31.4,1009.2,98,False,0.0,2.1,3.7,0.4,0.6,216.0,218.1,104.0,96,31.3
2024-06-07T00:11:00,1717699260,32.3,64.0,31.9,1008.9,92,False,9.0,1.8,4.1,0.4,0.9,235.5,238.2,126.0,116,32.1
2024-06-07T02:46:00,1717708560,30.7,73.0,29.8,1008.1,20,True,0.0,1.7,4.5,0.4,1.0,254.4,258.4,122.0,125,30.2
2024-06-07T04:56:00,1717716360,28.0,63.0,28.7,1013.9,100,False,9.0,2.2,4.3,0.4,0.8,211.3,210.8,119.0,104,28.3
2024-06-07T07:49:00,1717726740,30.7,74.0,29.8,1012.4,96,False,249.0,1.9,4.2,0.5,0.8,215.7,212.1,121.0,120,30.2
2024-06-07T09:04:00,1717731240,34.3,57.0,33.8,1009.0,99,False,296.0,2.0,4.7,0.4,0.9,235.4,237.4,118.0,135,34.0
2024-06-07T12:49:00,1717744740,39.7,53.0,39.8,1010.8,59,True,268.0,1.3,3.3,0.5,1.0,222.1,218.6,120.0,93,39.7
2024-06-07T14:26:00,1717750560,43.2,53.0,43.9,1006.7,34,True,187.0,1.5,2.9,0.4,0.5,245.9,243.5,122.0,106,43.5
2024-06-07T16:38:00,1717758480,40.8,67.0,41.7,1007.2,44,True,151.0,1.7,3.6,0.5,1.0,231.5,232.1,125.0,131,41.3
2024-06-07T19:25:00,1717768500,37.9,59.0,37.8,1005.2,41,True,40.0,2.1,3.3,0.3,0.6,230.0,233.0,119.0,129,37.8
2024-06-07T21:48:00,1717777080,35.9,64.0,35.2,1008.0,51,True,18.0,1.3,3.9,0.3,0.4,210.0,210.5,119.0,93,35.6
2024-06-08T00:05:00,1717785300,32.9,67.0,33.3,1011.4,95,False,11.0,1.6,3.5,0.3,0.7,206.9,211.1,112.0,96,33.1
2024-06-08T02:56:00,1717795560,31.3,75.0,31.1,1006.8,98,False,0.0,1.8,2.7,0.3,0.8,239.4,239.0,122.0,96,31.2
2024-06-08T04:08:00,1717799880,29.3,74.0,29.3,1010.7,100,False,0.0,1.6,2.7,0.5,0.9,235.2,239.1,118.0,90,29.3
2024-06-08T07:09:00,1717810740,31.1,60.0,31.4,1012.3,99,False,237.0,1.4,3.2,0.4,0.8,207.2,206.5,115.0,104,31.2
2024-06-08T09:07:00,1717817820,34.6,74.0,35.4,1008.9,96,False,328.0,2.1,3.3,0.4,0.6,242.9,242.2,117.0,105,35.0
2024-06-08T12:57:00,1717831620,41.1,55.0,40.3,1011.7,97,False,404.0,1.0,2.7,0.3,0.6,203.1,207.0,113.0,89,40.7
2024-06-08T14:23:00,1717836780,44.9,49.0,44.1,1004.6,97,False,339.0,1.6,4.0,0.5,0.7,228.1,228.1,112.0,88,44.5
2024-06-08T16:29:00,1717844340,41.8,62.0,42.7,1007.3,96,False,282.0,2.2,3.0,0.4,0.6,223.6,227.6,123.0,122,42.2
2024-06-08T19:31:00,1717855260,38.9,56.0,38.7,1003.1,96,False,81.0,1.6,3.7,0.4,0.9,231.5,227.8,117.0,126,38.8
2024-06-08T21:01:00,1717860660,36.4,78.0,36.7,1011.3,96,False,11.0,1.8,3.7,0.4,0.6,241.8,239.3,108.0,100,36.5
2024-06-09T00:45:00,1717874100,31.0,71.0,30.1,1007.6,98,False,0.0,1.8,4.5,0.4,0.5,213.3,212.3,118.0,113,30.6
2024-06-09T02:10:00,1717879200,28.3,71.0,29.1,1006.0,97,False,0.0,2.1,3.3,0.3,0.8,223.5,225.1,120.0,103,28.7
2024-06-09T04:50:00,1717888800,26.3,85.0,27.2,1008.5,95,False,0.0,2.2,3.1,0.5,0.8,229.9,231.0,128.0,117,26.8
2024-06-09T07:20:00,1717897800,28.4,67.0,29.0,1009.0,97,False,260.0,1.9,3.3,0.3,0.8,241.3,240.9,114.0,118,28.7
2024-06-09T09:37:00,1717906020,32.3,57.0,32.6,1006.3,96,False,306.0,1.8,3.9,0.4,0.8,254.6,254.8,131.0,129,32.5
2024-06-09T12:57:00,1717918020,37.7,57.0,38.7,1006.1,96,False,419.0,1.5,3.9,0.4,0.5,244.2,244.5,110.0,107,38.2
2024-06-09T14:25:00,1717923300,42.2,57.0,41.7,1007.9,100,False,335.0,1.7,2.5,0.4,1.0,234.3,237.1,124.0,102,42.0
2024-06-09T16:56:00,1717932360,39.3,53.0,40.1,1002.9,95,False,292.0,2.3,3.9,0.5,0.6,227.8,223.2,123.0,122,39.7
2024-06-09T19:32:00,1717941720,36.1,62.0,36.4,1010.4,96,False,80.0,2.0,4.0,0.3,0.9,238.0,240.8,120.0,122,36.3
2024-06-09T21:56:00,1717950360,33.5,70.0,34.5,1005.8,95,False,0.0,1.6,2.8,0.4,0.7,223.7,220.3,116.0,101,34.0
2024-06-10T00:40:00,1717960200,32.5,66.0,33.0,1009.3,99,False,1.0,1.7,4.4,0.5,1.0,250.2,247.6,119.0,131,32.7
2024-06-10T02:56:00,1717968360,31.0,74.0,30.6,1007.2,47,True,18.0,2.1,5.4,0.5,0.9,265.7,269.5,119.0,152,30.8
2024-06-10T04:42:00,1717974720,28.7,79.0,29.1,1007.5,94,False,0.0,2.0,3.5,0.4,0.8,230.2,230.2,115.0,128,28.9
2024-06-10T07:22:00,1717984320,30.5,69.0,31.1,1009.1,99,False,244.0,2.2,4.0,0.4,1.2,253.8,255.0,121.0,158,30.8
2024-06-10T09:45:00,1717992900,34.8,62.0,34.4,1012.3,16,True,140.0,2.3,4.1,0.4,0.7,245.9,249.5,129.0,152,34.6
2024-06-10T12:08:00,1718001480,40.6,69.0,40.0,1007.6,93,False,387.0,1.8,4.7,0.3,1.2,259.5,259.1,113.0,135,40.3
2024-06-10T14:26:00,1718009760,44.5,51.0,43.7,1006.1,37,True,127.0,1.5,4.4,0.4,1.1,227.4,227.3,119.0,120,44.1
2024-06-10T16:29:00,1718017140,42.1,53.0,41.6,1006.9,98,False,295.0,2.0,5.7,0.5,1.3,234.8,234.8,121.0,159,41.8
2024-06-10T19:20:00,1718027400,38.9,59.0,37.9,1006.2,14,True,29.0,2.9,5.3,0.5,1.1,251.6,255.3,126.0,173,38.4
2024-06-10T21:09:00,1718033940,36.1,62.0,36.2,1006.3,56,True,2.0,2.0,3.0,0.4,0.7,245.4,244.9,113.0,123,36.1
2024-06-11T00:00:00,1718044200,31.6,76.0,31.1,1003.5,49,True,0.0,1.5,4.2,0.3,1.2,253.1,257.7,112.0,124,31.4
2024-06-11T02:16:00,1718052360,29.3,72.0,29.7,1006.1,13,True,0.0,2.2,3.1,0.4,0.8,234.5,229.8,107.0,112,29.5
2024-06-11T04:05:00,1718058900,28.0,70.0,27.2,1010.4,95,False,0.0,2.2,4.6,0.4,0.9,226.3,227.1,117.0,119,27.6
2024-06-11T07:29:00,1718071140,29.9,58.0,29.1,1009.2,13,True,169.0,2.2,3.8,0.4,1.1,223.7,222.5,117.0,137,29.5
2024-06-11T09:02:00,1718076720,33.4,55.0,33.2,1009.7,96,False,306.0,1.9,3.2,0.4,1.2,234.2,231.2,124.0,124,33.3
2024-06-11T12:42:00,1718089920,39.3,63.0,38.7,1008.0,90,False,411.0,1.5,3.6,0.5,0.9,238.1,241.6,127.0,117,39.0
2024-06-11T14:26:00,1718096160,43.2,62.0,42.4,1007.9,47,True,182.0,1.8,4.2,0.3,0.9,207.4,211.3,121.0,95,42.8
2024-06-11T16:53:00,1718104980,40.1,60.0,40.9,1004.5,19,True,104.0,2.4,5.5,0.4,1.1,236.8,238.1,122.0,148,40.5
2024-06-11T19:32:00,1718114520,36.6,67.0,37.5,1009.0,30,True,35.0,2.6,4.0,0.4,0.9,249.8,246.5,127.0,138,37.1
2024-06-11T21:59:00,1718123340,35.2,70.0,34.4,1007.3,100,False,0.0,1.9,2.4,0.4,0.9,209.8,210.5,104.0,98,34.8
2024-06-12T00:44:00,1718133240,28.8,76.0,28.8,1006.6,56,True,15.0,1.8,4.5,0.4,1.1,234.8,231.7,131.0,128,28.8
2024-06-12T02:22:00,1718139120,26.7,66.0,27.1,1005.7,94,False,0.0,1.4,3.4,0.4,1.0,219.9,219.0,122.0,120,26.9
2024-06-12T04:29:00,1718146740,25.5,73.0,24.6,1011.3,95,False,0.0,2.2,3.9,0.4,0.7,238.6,240.9,117.0,127,25.0
2024-06-12T07:43:00,1718158380,27.2,68.0,26.7,1010.5,96,False,235.0,1.8,4.7,0.4,0.7,237.5,240.3,128.0,143,26.9
2024-06-12T09:53:00,1718166180,30.4,71.0,31.1,1007.3,97,False,309.0,2.5,3.9,0.4,1.1,228.7,233.2,120.0,143,30.7
2024-06-12T12:07:00,1718174220,36.6,49.0,36.2,1005.9,95,False,394.0,1.5,4.0,0.4,1.0,231.7,230.4,119.0,121,36.4
2024-06-12T14:59:00,1718184540,40.6,62.0,39.9,1008.7,38,True,189.0,2.4,3.3,0.5,1.1,250.1,252.5,120.0,135,40.2
2024-06-12T16:14:00,1718189040,38.0,48.0,37.9,1005.3,91,False,292.0,2.1,4.6,0.4,0.8,249.7,249.3,137.0,154,38.0
2024-06-12T19:10:00,1718199600,34.8,69.0,34.3,1002.8,28,True,27.0,2.2,4.3,0.5,0.9,256.4,256.2,133.0,157,34.5
2024-06-12T21:12:00,1718206920,32.2,70.0,32.3,1002.0,32,True,3.0,1.4,3.5,0.4,1.1,214.8,211.7,123.0,116,32.3
2024-06-13T00:03:00,1718217180,32.9,72.0,32.3,1003.4,100,False,5.0,2.5,3.9,0.4,1.0,236.1,237.7,120.0,122,32.6
2024-06-13T02:42:00,1718226720,30.4,69.0,30.9,1008.8,96,False,0.0,2.1,3.5,0.4,0.6,231.4,230.0,119.0,110,30.7
2024-06-13T04:40:00,1718233800,28.5,74.0,29.0,1007.8,96,False,0.0,2.4,3.2,0.5,0.6,214.2,213.3,123.0,116,28.8
2024-06-13T07:35:00,1718244300,31.0,66.0,30.3,1011.0,98,False,264.0,2.3,3.6,0.4,1.1,245.7,244.5,125.0,137,30.7
2024-06-13T09:48:00,1718252280,34.3,75.0,34.7,1010.0,96,False,314.0,2.2,3.9,0.5,1.1,253.5,256.8,119.0,138,34.5
2024-06-13T12:42:00,1718262720,39.7,61.0,40.7,1005.7,100,False,384.0,2.0,2.9,0.4,0.9,231.4,228.5,113.0,101,40.2
2024-06-13T14:04:00,1718267640,44.4,70.0,43.5,1006.8,96,False,331.0,1.7,2.8,0.5,0.8,232.3,235.0,115.0,118,44.0
2024-06-13T16:55:00,1718277900,42.2,53.0,41.2,1005.9,100,False,267.0,2.5,3.4,0.5,1.2,231.6,233.3,112.0,131,41.7
2024-06-13T19:08:00,1718285880,38.2,64.0,38.4,1009.5,95,False,89.0,2.2,5.5,0.6,0.7,247.5,244.1,135.0,145,38.3
2024-06-13T21:51:00,1718295660,35.5,72.0,36.5,1008.5,97,False,0.0,1.6,4.0,0.4,0.7,232.9,233.3,122.0,111,36.0
2024-06-14T00:52:00,1718306520,30.1,71.0,30.5,1006.1,100,False,3.0,1.9,3.1,0.4,0.9,226.5,226.7,109.0,121,30.3
2024-06-14T02:13:00,1718311380,28.3,78.0,28.6,1008.3,97,False,7.0,2.0,4.9,0.4,0.9,240.8,240.5,124.0,130,28.4
2024-06-14T04:08:00,1718318280,26.5,81.0,26.6,1012.4,98,False,0.0,1.6,4.4,0.4,0.7,239.3,238.8,120.0,126,26.5
2024-06-14T07:38:00,1718330880,28.0,79.0,28.9,1011.4,96,False,239.0,2.4,4.1,0.5,1.0,254.2,258.0,136.0,161,28.4
2024-06-14T09:09:00,1718336340,32.4,75.0,32.0,1009.4,96,False,312.0,2.2,4.3,0.6,0.9,249.5,248.8,122.0,156,32.2
2024-06-14T12:46:00,1718349360,37.7,52.0,38.1,1004.9,99,False,417.0,2.2,2.8,0.4,0.9,228.9,228.5,120.0,119,37.9
2024-06-14T14:14:00,1718354640,41.7,56.0,41.8,1010.2,100,False,334.0,1.7,3.5,0.5,0.8,227.0,229.7,118.0,127,41.7
2024-06-14T16:25:00,1718362500,39.2,60.0,39.6,1006.4,97,False,289.0,2.4,4.3,0.4,1.0,237.0,241.2,126.0,157,39.4
2024-06-14T19:12:00,1718372520,35.6,57.0,36.5,1009.1,98,False,58.0,2.7,5.4,0.6,0.8,260.4,257.6,121.0,156,36.0
2024-06-14T21:23:00,1718380380,33.7,60.0,33.7,1003.8,98,False,0.0,2.0,3.3,0.5,0.9,239.2,244.0,115.0,125,33.7
2024-06-15T00:34:00,1718391840,32.7,60.0,31.8,1007.0,100,False,19.0,2.6,4.1,0.5,1.2,260.6,265.4,118.0,133,32.3
2024-06-15T02:12:00,1718397720,30.4,72.0,30.3,1006.2,99,False,0.0,1.8,5.2,0.5,1.1,254.9,254.2,120.0,144,30.4
2024-06-15T04:24:00,1718405640,28.7,69.0,28.2,1007.8,95,False,0.0,1.6,3.8,0.4,0.9,255.2,257.5,112.0,122,28.5
2024-06-15T07:01:00,1718415060,30.0,71.0,30.7,1011.8,99,False,235.0,2.4,4.8,0.6,0.9,234.9,238.4,135.0,158,30.4
2024-06-15T09:34:00,1718424240,34.6,66.0,33.7,1007.3,95,False,307.0,2.2,5.9,0.4,0.8,253.3,255.3,122.0,161,34.2
2024-06-15T12:50:00,1718436000,40.0,63.0,39.7,1006.2,95,False,394.0,2.4,5.0,0.4,0.7,253.6,258.1,122.0,131,39.9
2024-06-15T14:34:00,1718442240,44.1,58.0,43.2,1008.6,99,False,341.0,1.8,4.0,0.4,1.1,233.2,229.9,122.0,135,43.7
2024-06-15T16:48:00,1718450280,41.7,54.0,41.0,1010.4,98,False,278.0,2.5,4.4,0.5,0.8,246.1,241.9,130.0,155,41.4
2024-06-15T19:25:00,1718459700,37.7,57.0,38.2,1007.4,95,False,75.0,2.1,4.4,0.5,1.0,244.8,244.1,132.0,163,38.0
2024-06-15T21:33:00,1718467380,35.6,61.0,35.8,1002.0,99,False,9.0,1.6,3.2,0.4,1.0,231.8,227.4,125.0,111,35.7
2024-06-16T00:37:00,1718478420,29.5,66.0,29.9,1008.6,97,False,3.0,2.5,4.6,0.4,1.1,235.0,230.2,124.0,145,29.7
2024-06-16T02:20:00,1718484600,27.6,67.0,28.0,1007.4,100,False,0.0,2.2,4.7,0.6,1.1,254.4,251.4,125.0,142,27.8
2024-06-16T04:27:00,1718492220,25.8,77.0,26.1,1005.9,95,False,0.0,2.3,3.3,0.4,1.1,234.3,229.9,122.0,136,25.9
2024-06-16T07:10:00,1718502000,27.8,73.0,27.9,1008.8,97,False,255.0,2.4,4.7,0.6,1.1,248.0,251.4,133.0,166,27.8
2024-06-16T09:24:00,1718510040,32.0,75.0,31.3,1009.6,95,False,328.0,2.8,4.8,0.5,1.2,240.4,239.3,135.0,157,31.6
2024-06-16T12:23:00,1718520780,37.7,64.0,37.0,1010.6,98,False,397.0,1.9,4.4,0.5,0.6,237.2,241.0,125.0,113,37.3
2024-06-16T14:37:00,1718528820,41.4,50.0,40.8,1007.9,96,False,324.0,2.1,4.0,0.5,0.7,224.4,221.4,127.0,121,41.1
2024-06-16T16:59:00,1718537340,38.4,58.0,39.3,1005.5,96,False,298.0,2.6,3.9,0.4,1.0,257.9,253.5,127.0,155,38.9
2024-06-16T19:18:00,1718545680,35.0,50.0,35.9,1009.6,97,False,65.0,2.9,4.0,0.5,0.8,267.2,270.4,136.0,158,35.4
2024-06-16T21:45:00,1718554500,33.0,66.0,33.3,1008.2,99,False,0.0,2.1,3.8,0.3,1.0,212.1,212.6,118.0,111,33.2
2024-06-17T00:21:00,1718563860,30.4,69.0,29.8,1008.4,19,True,0.0,1.5,3.7,0.4,0.7,231.8,233.9,108.0,114,30.1
2024-06-17T02:25:00,1718571300,27.7,67.0,28.7,1010.0,100,False,10.0,2.2,3.6,0.5,0.8,231.6,235.2,119.0,112,28.2
2024-06-17T04:12:00,1718577720,25.8,66.0,26.8,1008.2,93,False,4.0,1.4,2.8,0.4,0.7,231.9,231.5,126.0,114,26.3
2024-06-17T07:41:00,1718590260,28.5,58.0,27.9,1007.6,99,False,246.0,2.4,4.2,0.5,0.6,249.6,254.3,123.0,123,28.2
2024-06-17T09:49:00,1718597940,31.5,55.0,32.4,1011.7,99,False,325.0,1.9,4.2,0.5,0.7,246.9,249.3,111.0,118,32.0
2024-06-17T12:28:00,1718607480,37.6,60.0,37.8,1010.2,35,True,149.0,1.2,2.3,0.3,0.5,202.1,202.7,118.0,88,37.7
2024-06-17T14:00:00,1718613000,41.9,64.0,41.1,1006.8,10,True,97.0,1.3,3.7,0.3,0.7,223.5,224.6,107.0,106,41.5
2024-06-17T16:22:00,1718621520,39.1,56.0,39.3,1008.7,96,False,265.0,2.0,3.1,0.5,1.1,237.2,238.1,123.0,118,39.2
2024-06-17T19:47:00,1718633820,35.7,66.0,35.9,1003.8,100,False,64.0,1.5,3.5,0.5,0.7,216.1,215.0,128.0,122,35.8
2024-06-17T21:04:00,1718638440,33.1,74.0,34.0,1005.9,10,True,0.0,1.4,3.9,0.3,0.5,221.1,225.1,113.0,87,33.5
2024-06-18T00:19:00,1718650140,29.4,78.0,28.8,1008.4,100,False,3.0,1.5,3.2,0.4,1.1,252.2,252.4,109.0,117,29.1
2024-06-18T02:27:00,1718657820,27.3,74.0,27.2,1010.8,95,False,0.0,1.8,4.3,0.5,1.3,258.5,262.0,119.0,142,27.2
2024-06-18T04:21:00,1718664660,25.4,80.0,25.2,1011.5,97,False,17.0,2.1,4.5,0.5,1.1,237.7,239.8,117.0,143,25.3
2024-06-18T07:43:00,1718676780,26.9,74.0,27.5,1010.2,96,False,267.0,2.1,5.8,0.5,0.9,257.7,255.5,133.0,164,27.2
2024-06-18T09:03:00,1718681580,30.6,68.0,31.5,1009.5,99,False,317.0,2.1,5.0,0.5,0.9,244.8,241.5,121.0,156,31.0
2024-06-18T12:09:00,1718692740,36.3,68.0,37.1,1006.5,98,False,415.0,1.4,2.9,0.3,1.0,229.9,232.2,118.0,113,36.7
2024-06-18T14:58:00,1718702880,40.5,45.0,40.5,1002.6,99,False,357.0,1.7,3.5,0.5,0.6,219.2,215.8,119.0,115,40.5
2024-06-18T16:41:00,1718709060,37.8,69.0,38.7,1005.9,97,False,288.0,2.8,4.5,0.5,0.7,254.2,255.3,136.0,148,38.3
2024-06-18T19:30:00,1718719200,34.6,60.0,35.1,1005.8,97,False,58.0,1.8,4.1,0.6,1.1,252.3,249.7,122.0,148,34.8
2024-06-18T21:03:00,1718724780,32.6,65.0,32.6,1010.5,96,False,0.0,1.7,3.9,0.3,0.9,237.1,239.7,119.0,111,32.6
2024-06-19T00:26:00,1718736960,32.7,71.0,33.6,1007.9,62,True,0.0,2.6,4.9,0.4,0.8,244.4,245.5,117.0,149,33.1
2024-06-19T02:12:00,1718743320,31.3,65.0,31.2,1009.0,90,False,20.0,2.6,3.8,0.4,0.7,238.7,233.8,133.0,150,31.2
2024-06-19T04:09:00,1718750340,29.5,61.0,29.2,1009.7,99,False,0.0,2.2,4.8,0.5,0.8,256.2,260.1,135.0,146,29.3
2024-06-19T07:54:00,1718763840,31.0,76.0,31.5,1005.3,46,True,119.0,2.3,4.6,0.5,1.1,235.6,231.9,126.0,152,31.2
2024-06-19T09:29:00,1718769540,34.7,59.0,35.4,1007.2,90,False,315.0,2.6,5.6,0.5,0.9,257.8,258.1,119.0,157,35.0
2024-06-19T12:26:00,1718780160,41.1,63.0,40.4,1008.0,68,True,244.0,2.0,3.3,0.4,0.8,219.1,218.5,115.0,127,40.7
2024-06-19T14:32:00,1718787720,44.2,59.0,44.9,1006.8,52,True,181.0,2.3,4.3,0.4,0.9,257.0,259.9,117.0,135,44.5
2024-06-19T16:19:00,1718794140,42.5,59.0,42.0,1008.0,96,False,264.0,2.7,6.0,0.5,0.9,255.2,258.9,134.0,179,42.3
2024-06-19T19:03:00,1718803980,38.5,62.0,39.2,1004.9,45,True,13.0,3.0,5.0,0.4,0.9,271.0,276.0,129.0,165,38.8
2024-06-19T21:48:00,1718813880,36.5,57.0,36.6,1005.5,56,True,0.0,2.3,4.4,0.4,1.1,252.5,252.0,117.0,136,36.6
2024-06-20T00:32:00,1718823720,31.6,66.0,31.2,1007.1,93,False,11.0,1.9,5.1,0.4,1.1,236.4,236.5,118.0,131,31.4
2024-06-20T02:03:00,1718829180,29.9,76.0,29.1,1009.9,98,False,0.0,2.7,4.1,0.5,1.2,250.2,245.5,133.0,139,29.5
2024-06-20T04:53:00,1718839380,27.5,65.0,27.7,1010.1,32,True,0.0,2.3,3.5,0.5,0.6,222.4,218.4,127.0,133,27.6
2024-06-20T07:58:00,1718850480,29.6,75.0,29.3,1008.6,67,True,121.0,2.6,4.1,0.5,1.2,240.7,235.8,121.0,154,29.5
2024-06-20T09:23:00,1718855580,33.1,53.0,33.4,1007.4,90,False,306.0,1.9,5.3,0.4,1.2,247.0,249.8,128.0,145,33.3
2024-06-20T12:09:00,1718865540,38.7,57.0,39.2,1007.6,94,False,400.0,1.6,3.1,0.4,0.8,224.2,223.5,118.0,122,39.0
2024-06-20T14:35:00,1718874300,42.3,63.0,43.2,1007.4,40,True,208.0,2.3,4.1,0.3,1.1,224.6,221.8,121.0,120,42.8
2024-06-20T16:24:00,1718880840,40.2,65.0,40.8,1011.0,55,True,161.0,2.7,4.8,0.4,0.9,232.2,232.3,118.0,154,40.5
2024-06-20T19:04:00,1718890440,37.2,74.0,36.9,1003.3,98,False,93.0,2.6,5.2,0.6,1.3,244.8,240.3,128.0,162,37.1
2024-06-20T21:24:00,1718898840,34.4,64.0,35.2,1007.2,96,False,0.0,2.7,5.3,0.4,0.8,253.7,255.5,130.0,142,34.8
2024-06-21T00:57:00,1718911620,31.9,69.0,32.8,1004.1,96,False,6.0,2.6,3.4,0.5,0.7,222.6,219.5,120.0,134,32.4
2024-06-21T02:45:00,1718918100,30.7,62.0,30.2,1007.7,100,False,7.0,2.1,4.6,0.5,0.8,262.9,260.2,128.0,152,30.5
2024-06-21T04:13:00,1718923380,28.8,64.0,28.3,1005.9,98,False,19.0,2.4,5.1,0.5,1.2,257.4,259.9,118.0,142,28.6
2024-06-21T07:36:00,1718935560,30.3,73.0,30.6,1011.3,95,False,232.0,2.6,4.8,0.4,1.2,259.7,255.4,130.0,145,30.5
2024-06-21T09:10:00,1718941200,34.5,56.0,34.1,1005.3,95,False,316.0,2.8,5.5,0.5,0.8,255.8,254.3,125.0,149,34.3
2024-06-21T12:07:00,1718951820,40.2,70.0,39.7,1010.5,97,False,409.0,2.4,4.0,0.4,1.2,254.0,255.7,114.0,141,40.0
2024-06-21T14:10:00,1718959200,44.3,64.0,43.3,1005.1,100,False,321.0,2.2,4.1,0.3,1.2,237.2,237.1,111.0,124,43.8
2024-06-21T16:46:00,1718968560,41.9,48.0,41.1,1008.1,97,False,285.0,3.0,4.8,0.5,0.9,255.8,253.7,135.0,162,41.5
2024-06-21T19:01:00,1718976660,38.1,63.0,38.1,1007.1,99,False,69.0,2.1,5.4,0.5,1.3,241.4,237.2,123.0,156,38.1
2024-06-21T21:37:00,1718986020,35.6,78.0,36.0,1007.2,96,False,0.0,2.0,4.0,0.4,0.7,230.9,227.4,128.0,136,35.8
2024-06-22T00:02:00,1718994720,28.9,62.0,28.2,1006.7,96,False,0.0,1.5,3.4,0.4,0.9,215.4,220.0,115.0,120,28.6
2024-06-22T02:55:00,1719005100,26.3,76.0,27.0,1005.4,93,False,17.0,2.4,3.9,0.4,0.6,219.8,219.7,126.0,122,26.7
2024-06-22T04:05:00,1719009300,25.1,67.0,24.4,1009.1,67,True,3.0,1.8,3.6,0.5,0.8,220.8,222.0,127.0,118,24.8
2024-06-22T07:36:00,1719021960,26.7,82.0,26.6,1013.0,93,False,248.0,1.6,3.8,0.4,0.8,248.1,252.3,113.0,124,26.7
2024-06-22T09:26:00,1719028560,30.7,75.0,30.2,1006.0,97,False,325.0,2.0,4.9,0.3,0.7,250.7,253.6,119.0,135,30.5
2024-06-22T12:33:00,1719039780,35.9,68.0,36.4,1005.3,96,False,415.0,2.0,4.1,0.4,1.0,237.6,237.6,108.0,114,36.2
2024-06-22T14:13:00,1719045780,40.4,52.0,39.5,1005.9,66,True,189.0,1.4,3.4,0.3,0.7,217.8,213.2,113.0,110,40.0
2024-06-22T16:00:00,1719052200,37.7,65.0,37.6,1006.8,34,True,129.0,2.6,3.8,0.5,1.2,265.1,267.0,122.0,142,37.7
2024-06-22T19:42:00,1719065520,34.6,72.0,33.9,1006.2,65,True,13.0,1.6,4.6,0.5,1.0,254.4,252.9,127.0,131,34.3
2024-06-22T21:58:00,1719073680,31.8,75.0,32.2,1005.3,42,True,17.0,1.4,3.5,0.4,0.6,219.6,220.9,124.0,109,32.0
2024-06-23T00:55:00,1719084300,32.4,73.0,31.5,1006.9,25,True,0.0,1.8,4.3,0.3,0.6,207.1,207.8,114.0,104,31.9
2024-06-23T02:50:00,1719091200,29.6,69.0,30.4,1005.2,37,True,16.0,1.4,3.0,0.4,0.5,213.0,216.2,118.0,98,30.0
2024-06-23T04:28:00,1719097080,28.3,75.0,27.9,1008.8,64,True,0.0,1.2,4.1,0.3,0.8,219.4,222.6,113.0,96,28.1
2024-06-23T07:26:00,1719107760,30.2,75.0,29.8,1008.1,94,False,262.0,1.8,3.0,0.5,1.0,222.4,218.2,108.0,114,30.0
2024-06-23T09:22:00,1719114720,34.2,74.0,33.4,1009.2,18,True,165.0,2.1,4.9,0.4,0.8,248.3,252.1,126.0,125,33.8
2024-06-23T12:59:00,1719127740,40.0,65.0,39.0,1005.7,54,True,188.0,1.3,2.7,0.4,0.7,218.7,220.7,108.0,99,39.5
2024-06-23T14:49:00,1719134340,43.1,47.0,43.5,1005.6,62,True,206.0,1.6,3.4,0.5,1.0,217.4,221.2,115.0,97,43.3
2024-06-23T16:59:00,1719142140,40.9,57.0,41.2,1004.3,43,True,144.0,2.5,3.1,0.4,0.9,217.2,216.0,120.0,122,41.0
2024-06-23T19:36:00,1719151560,37.2,55.0,38.0,1004.9,26,True,36.0,1.9,4.7,0.4,1.1,232.0,232.8,111.0,122,37.6
2024-06-23T21:11:00,1719157260,35.3,73.0,35.4,1005.3,95,False,0.0,1.4,3.7,0.4,0.5,233.2,234.2,102.0,89,35.3
2024-06-24T00:44:00,1719170040,29.8,67.0,29.0,1008.4,99,False,9.0,1.2,2.4,0.4,0.4,228.4,232.0,118.0,85,29.4
2024-06-24T02:06:00,1719174960,27.6,69.0,27.4,1012.3,47,True,4.0,1.4,4.0,0.3,1.0,223.7,221.4,101.0,89,27.5
2024-06-24T04:12:00,1719182520,25.8,67.0,25.4,1010.7,93,False,14.0,2.1,3.6,0.5,0.6,222.8,226.0,109.0,100,25.6
2024-06-24T07:59:00,1719196140,27.3,82.0,27.7,1012.3,96,False,264.0,1.7,3.4,0.3,0.5,219.4,220.3,107.0,100,27.5
2024-06-24T09:29:00,1719201540,31.7,66.0,30.9,1010.1,98,False,326.0,2.1,2.7,0.4,0.9,243.8,244.3,116.0,100,31.3
2024-06-24T12:27:00,1719212220,36.6,64.0,37.4,1006.8,98,False,387.0,1.6,2.0,0.3,0.8,218.2,219.5,103.0,87,37.0
2024-06-24T14:07:00,1719218220,41.0,66.0,40.5,1007.8,49,True,202.0,1.2,2.2,0.4,1.0,220.9,220.2,118.0,96,40.8
2024-06-24T16:12:00,1719225720,39.0,63.0,38.1,1007.3,44,True,185.0,2.0,4.6,0.4,0.6,232.7,233.6,114.0,120,38.5
2024-06-24T19:52:00,1719238920,35.4,73.0,34.8,1010.0,56,True,48.0,1.7,3.4,0.5,1.0,240.1,240.6,120.0,112,35.1
2024-06-24T21:40:00,1719245400,33.3,63.0,32.4,1004.4,22,True,7.0,1.9,3.8,0.4,0.8,224.3,220.4,105.0,89,32.8
2024-06-25T00:58:00,1719257280,29.4,73.0,28.5,1008.9,95,False,14.0,2.1,4.0,0.5,0.7,224.6,225.3,115.0,135,28.9
2024-06-25T02:07:00,1719261420,27.1,72.0,26.9,1007.4,18,True,2.0,2.1,5.3,0.5,0.8,246.3,242.3,129.0,141,27.0
2024-06-25T04:42:00,1719270720,25.2,76.0,25.0,1011.8,52,True,19.0,2.2,3.7,0.4,1.1,239.7,243.8,121.0,124,25.1
2024-06-25T07:47:00,1719281820,26.9,64.0,27.1,1009.9,99,False,242.0,2.2,4.8,0.6,1.2,248.0,249.4,128.0,159,27.0
2024-06-25T09:13:00,1719286980,30.9,77.0,30.8,1010.2,92,False,321.0,2.3,4.2,0.4,0.9,260.5,262.1,128.0,138,30.8
2024-06-25T12:20:00,1719298200,36.1,72.0,36.9,1005.1,95,False,414.0,1.8,3.4,0.3,0.5,219.3,220.4,112.0,106,36.5
2024-06-25T14:11:00,1719304860,40.4,65.0,40.3,1009.7,97,False,334.0,2.1,3.0,0.5,0.5,235.7,237.6,119.0,108,40.3
2024-06-25T16:46:00,1719314160,38.4,47.0,37.7,1008.6,91,False,284.0,2.4,4.8,0.4,0.9,231.6,229.3,128.0,149,38.1
2024-06-25T19:17:00,1719323220,34.6,59.0,34.7,1007.3,98,False,85.0,2.5,5.4,0.6,0.8,265.1,261.3,128.0,157,34.6
2024-06-25T21:00:00,1719329400,32.5,64.0,32.2,1004.7,31,True,18.0,2.1,4.1,0.4,0.6,222.7,221.5,109.0,119,32.4
2024-06-26T00:51:00,1719343260,28.7,66.0,28.9,1010.9,97,False,1.0,1.7,3.6,0.4,0.8,229.5,233.5,118.0,127,28.8
2024-06-26T02:59:00,1719350940,27.3,65.0,26.5,1011.7,35,True,16.0,2.4,4.1,0.4,0.7,259.1,264.0,115.0,131,26.9
2024-06-26T04:58:00,1719358080,25.2,74.0,24.8,1011.7,95,False,0.0,1.9,3.9,0.4,0.8,242.7,243.6,130.0,144,25.0
2024-06-26T07:01:00,1719365460,27.1,73.0,26.7,1010.1,96,False,261.0,2.5,4.6,0.5,1.4,281.9,282.8,125.0,175,26.9
2024-06-26T09:34:00,1719374640,30.3,61.0,31.1,1012.7,90,False,309.0,3.0,5.3,0.5,1.3,279.4,282.1,141.0,175,30.7
2024-06-26T12:07:00,1719383820,36.0,56.0,36.8,1007.5,10,True,182.0,1.8,3.9,0.3,1.0,225.6,230.2,123.0,123,36.4
2024-06-26T14:20:00,1719391800,40.3,52.0,40.1,1005.5,95,False,342.0,2.6,4.6,0.4,0.8,256.6,256.7,120.0,138,40.2
2024-06-26T16:12:00,1719398520,37.8,67.0,38.1,1006.4,55,True,129.0,3.0,5.8,0.6,1.2,263.7,265.2,132.0,178,37.9
2024-06-26T19:13:00,1719409380,34.4,71.0,34.6,1005.4,13,True,61.0,2.8,6.1,0.5,1.1,247.7,249.8,138.0,168,34.5
2024-06-26T21:40:00,1719418200,32.1,69.0,32.3,1006.5,37,True,12.0,2.0,4.9,0.4,1.1,243.8,246.4,127.0,127,32.2
2024-06-27T00:13:00,1719427380,30.1,79.0,29.6,1009.1,94,False,7.0,1.8,3.4,0.4,0.6,230.5,233.6,120.0,97,29.8
2024-06-27T02:19:00,1719434940,28.2,59.0,27.7,1008.9,90,False,5.0,1.7,2.8,0.4,0.9,210.8,213.0,122.0,110,27.9
2024-06-27T04:03:00,1719441180,26.0,77.0,26.1,1009.4,61,True,0.0,1.4,3.7,0.3,0.4,206.2,201.4,109.0,95,26.0
2024-06-27T07:30:00,1719453600,28.3,75.0,27.6,1009.4,90,False,255.0,2.2,3.5,0.4,0.8,238.4,235.0,120.0,112,27.9
2024-06-27T09:36:00,1719461160,31.3,75.0,32.2,1007.5,44,True,144.0,1.6,3.2,0.3,0.6,225.9,228.8,114.0,113,31.7
2024-06-27T12:34:00,1719471840,37.5,60.0,37.4,1008.2,96,False,420.0,1.4,2.1,0.4,0.6,200.8,202.0,111.0,86,37.4
2024-06-27T14:29:00,1719478740,41.0,67.0,41.5,1008.7,54,True,129.0,1.8,4.2,0.4,0.7,242.4,243.7,108.0,100,41.2
2024-06-27T16:06:00,1719484560,38.6,64.0,39.4,1004.7,31,True,150.0,1.9,3.8,0.4,0.6,227.6,224.5,129.0,123,39.0
2024-06-27T19:02:00,1719495120,35.2,68.0,35.9,1009.3,64,True,47.0,1.9,4.1,0.4,0.8,243.9,243.5,114.0,129,35.5
2024-06-27T21:10:00,1719502800,33.2,65.0,33.3,1005.3,22,True,0.0,2.0,3.4,0.3,0.8,216.1,213.4,106.0,103,33.3
2024-06-28T00:05:00,1719513300,31.3,75.0,31.0,1008.2,59,True,17.0,1.4,2.9,0.4,1.0,245.3,244.8,111.0,116,31.1
2024-06-28T02:45:00,1719522900,29.0,76.0,29.5,1012.5,95,False,0.0,1.7,3.3,0.3,1.0,239.2,235.0,111.0,99,29.2
2024-06-28T04:02:00,1719527520,27.8,67.0,26.9,1012.8,31,True,4.0,1.7,4.3,0.3,1.0,218.2,217.3,115.0,107,27.3
2024-06-28T07:12:00,1719538920,29.4,82.0,29.1,1009.1,38,True,99.0,2.4,3.5,0.5,0.8,245.2,245.7,119.0,130,29.2
2024-06-28T09:25:00,1719546900,33.0,76.0,33.1,1006.7,99,False,292.0,1.5,5.0,0.4,0.7,226.7,223.6,124.0,125,33.0
2024-06-28T12:50:00,1719559200,38.4,52.0,39.1,1006.9,43,True,113.0,1.2,4.1,0.5,1.0,212.4,211.5,116.0,92,38.7
2024-06-28T14:43:00,1719565980,42.8,59.0,42.2,1006.2,29,True,177.0,1.5,2.6,0.4,0.6,219.6,218.3,113.0,105,42.5
2024-06-28T16:01:00,1719570660,39.8,50.0,40.7,1006.6,99,False,278.0,2.4,3.3,0.4,0.7,257.7,253.9,113.0,126,40.3
2024-06-28T19:29:00,1719583140,37.0,58.0,36.6,1008.7,56,True,15.0,1.9,4.3,0.5,1.1,241.7,238.5,118.0,132,36.8
2024-06-28T21:36:00,1719590760,34.4,79.0,34.7,1004.5,21,True,0.0,2.0,3.8,0.4,0.6,220.6,225.0,105.0,101,34.6
2024-06-29T00:10:00,1719600000,30.9,66.0,30.5,1005.0,97,False,15.0,2.5,4.8,0.5,0.8,225.3,229.1,125.0,130,30.7
2024-06-29T02:35:00,1719608700,28.4,77.0,29.2,1010.3,99,False,3.0,2.6,3.9,0.5,0.8,231.5,229.4,123.0,151,28.8
2024-06-29T04:05:00,1719614100,27.0,69.0,26.9,1010.5,36,True,14.0,1.8,4.4,0.4,0.8,251.9,255.2,124.0,121,26.9
2024-06-29T07:59:00,1719628140,28.7,71.0,28.9,1010.5,100,False,246.0,2.2,5.6,0.5,0.9,270.3,268.7,120.0,159,28.8
2024-06-29T09:38:00,1719634080,32.9,64.0,32.3,1008.0,19,True,230.0,2.3,4.5,0.4,0.8,243.5,248.5,133.0,164,32.6
2024-06-29T12:27:00,1719644220,38.8,68.0,37.9,1007.1,38,True,245.0,1.7,3.5,0.4,1.1,238.3,234.1,119.0,112,38.3
2024-06-29T14:07:00,1719650220,42.5,53.0,41.7,1006.9,19,True,137.0,1.9,4.3,0.5,0.7,223.0,221.3,122.0,124,42.1
2024-06-29T16:41:00,1719659460,40.2,72.0,39.5,1008.1,50,True,161.0,2.7,5.1,0.5,1.3,237.9,235.4,134.0,163,39.8
2024-06-29T19:33:00,1719669780,36.6,62.0,36.2,1005.8,91,False,80.0,2.4,4.3,0.4,1.1,242.9,238.0,133.0,171,36.4
2024-06-29T21:48:00,1719677880,34.3,61.0,33.9,1003.5,11,True,5.0,2.2,3.8,0.3,0.5,217.2,213.8,121.0,111,34.1
2024-06-30T00:42:00,1719688320,30.5,73.0,31.0,1006.3,100,False,10.0,2.2,2.9,0.4,0.5,213.5,216.7,121.0,112,30.7
2024-06-30T02:16:00,1719693960,29.0,72.0,28.7,1013.0,100,False,0.0,1.5,4.6,0.3,0.6,245.8,241.1,108.0,112,28.8
2024-06-30T04:51:00,1719703260,27.0,72.0,26.9,1006.9,36,True,2.0,1.8,3.0,0.4,0.7,227.1,228.3,127.0,115,26.9
2024-06-30T07:43:00,1719713580,28.8,81.0,28.9,1013.7,93,False,268.0,2.5,4.9,0.4,0.7,229.3,227.7,129.0,130,28.8
2024-06-30T09:56:00,1719721560,32.9,64.0,32.4,1008.7,14,True,120.0,2.1,3.7,0.4,0.8,263.6,264.7,117.0,139,32.6
2024-06-30T12:44:00,1719731640,37.9,68.0,38.7,1009.7,95,False,414.0,1.7,2.8,0.3,0.5,242.4,247.3,115.0,100,38.3
2024-06-30T14:01:00,1719736260,42.2,47.0,42.0,1004.7,44,True,182.0,1.5,3.5,0.3,0.9,241.0,242.9,116.0,108,42.1
2024-06-30T16:45:00,1719746100,39.8,67.0,39.9,1004.9,92,False,266.0,2.3,5.1,0.4,1.1,249.6,246.0,132.0,139,39.9
2024-06-30T19:35:00,1719756300,36.8,61.0,36.1,1007.3,91,False,63.0,1.9,5.2,0.4,0.7,238.8,241.1,129.0,141,36.4
2024-06-30T21:36:00,1719763560,34.0,69.0,34.3,1007.1,45,True,0.0,1.6,2.6,0.5,0.5,238.7,240.0,104.0,94,34.2
2024-07-01T00:34:00,1719774240,25.7,63.0,26.5,1007.3,100,False,0.0,1.4,4.2,0.4,0.6,222.5,222.6,121.0,108,26.1
2024-07-01T02:49:00,1719782340,24.6,60.0,25.1,1011.0,98,False,19.0,1.6,3.0,0.3,0.7,217.1,216.9,119.0,114,24.8
2024-07-01T04:16:00,1719787560,23.9,82.0,23.1,1006.5,97,False,0.0,1.3,3.9,0.3,0.5,227.2,228.2,112.0,103,23.5
2024-07-01T07:42:00,1719799920,25.1,66.0,24.5,1013.9,97,False,269.0,2.1,3.6,0.5,0.9,233.2,237.9,117.0,118,24.8
2024-07-01T09:29:00,1719806340,27.1,58.0,27.8,1006.7,97,False,313.0,1.9,4.8,0.5,0.8,234.3,235.1,114.0,122,27.4
2024-07-01T12:34:00,1719817440,31.3,55.0,31.3,1006.5,95,False,412.0,1.8,3.4,0.4,1.0,218.5,221.0,119.0,99,31.3
2024-07-01T14:13:00,1719823380,34.3,63.0,33.5,1003.7,96,False,344.0,1.9,3.5,0.4,0.5,210.4,210.5,124.0,107,33.9
2024-07-01T16:33:00,1719831780,32.1,67.0,32.7,1008.0,95,False,282.0,2.6,3.6,0.5,1.0,238.7,238.8,125.0,138,32.4
2024-07-01T19:31:00,1719842460,29.7,69.0,30.3,1004.1,95,False,74.0,2.4,4.9,0.5,1.1,255.0,259.4,130.0,141,30.0
2024-07-01T21:55:00,1719851100,28.6,63.0,28.3,1009.5,100,False,13.0,1.2,4.1,0.4,0.6,221.7,223.3,120.0,96,28.5
2024-07-02T00:36:00,1719860760,29.3,65.0,29.2,1009.4,96,False,0.0,1.2,3.6,0.3,0.5,217.4,215.7,101.0,80,29.3
2024-07-02T02:31:00,1719867660,28.1,70.0,27.8,1008.7,43,True,0.0,1.7,2.2,0.4,0.7,235.8,240.0,117.0,82,28.0
2024-07-02T04:20:00,1719874200,26.9,85.0,26.5,1007.4,96,False,0.0,1.6,3.2,0.3,0.8,204.9,203.0,104.0,92,26.7
2024-07-02T07:23:00,1719885180,27.7,79.0,28.2,1010.8,100,False,265.0,1.1,4.1,0.3,1.0,235.9,236.4,118.0,94,28.0
2024-07-02T09:40:00,1719893400,30.8,61.0,30.3,1010.1,90,False,296.0,2.1,3.5,0.4,1.0,223.5,221.2,124.0,104,30.6
2024-07-02T12:26:00,1719903360,34.2,54.0,34.7,1003.5,70,True,229.0,1.7,2.2,0.3,0.4,203.9,206.5,112.0,76,34.5
2024-07-02T14:37:00,1719911220,36.6,59.0,37.5,1002.4,60,True,193.0,1.2,2.0,0.3,0.6,222.6,222.9,96.0,70,37.1
2024-07-02T16:25:00,1719917700,35.5,61.0,35.5,1005.3,99,False,286.0,1.8,3.1,0.3,0.5,203.8,208.0,106.0,97,35.5
2024-07-02T19:03:00,1719927180,33.4,67.0,32.9,1003.3,36,True,14.0,1.6,4.3,0.4,0.5,207.6,211.3,108.0,102,33.2
2024-07-02T21:07:00,1719934620,32.0,62.0,31.2,1005.9,61,True,0.0,1.4,3.9,0.3,0.6,218.7,216.1,114.0,85,31.6
2024-07-03T00:06:00,1719945360,28.5,75.0,28.8,1009.3,93,False,16.0,1.6,2.4,0.3,0.9,206.9,205.2,120.0,90,28.7
2024-07-03T02:47:00,1719955020,26.9,77.0,27.8,1009.2,98,False,13.0,2.0,4.0,0.4,0.7,213.9,210.6,105.0,91,27.4
2024-07-03T04:21:00,1719960660,26.1,84.0,26.0,1007.9,98,False,0.0,2.0,2.4,0.4,0.9,227.0,228.6,114.0,91,26.1
2024-07-03T07:48:00,1719973080,27.9,83.0,26.9,1008.6,96,False,242.0,1.3,2.5,0.4,0.9,237.1,233.0,120.0,107,27.4
2024-07-03T09:48:00,1719980280,30.0,75.0,29.9,1012.6,98,False,293.0,1.8,3.4,0.4,0.6,241.8,240.1,115.0,111,30.0
2024-07-03T12:23:00,1719989580,34.1,63.0,33.6,1008.4,54,True,238.0,1.2,2.6,0.4,0.8,210.4,208.7,121.0,94,33.9
2024-07-03T14:04:00,1719995640,36.7,62.0,36.2,1007.9,95,False,346.0,1.7,4.1,0.3,0.9,237.3,234.3,117.0,92,36.5
2024-07-03T16:58:00,1720006080,34.6,70.0,35.2,1007.1,90,False,279.0,2.2,3.1,0.5,0.7,234.5,232.3,123.0,109,34.9
2024-07-03T19:57:00,1720016820,32.2,56.0,32.9,1004.9,39,True,23.0,1.8,3.8,0.5,0.6,249.1,249.2,111.0,111,32.6
2024-07-03T21:54:00,1720023840,30.9,69.0,31.1,1003.5,94,False,2.0,1.4,3.2,0.3,0.4,201.0,198.7,112.0,87,31.0
2024-07-04T00:04:00,1720031640,26.6,70.0,27.0,1006.6,97,False,6.0,1.5,3.3,0.4,0.9,234.0,236.2,122.0,116,26.8
2024-07-04T02:43:00,1720041180,25.6,70.0,25.4,1009.3,93,False,0.0,2.1,3.8,0.4,0.8,245.0,244.8,118.0,113,25.5
2024-07-04T04:47:00,1720048620,23.8,75.0,24.6,1010.2,100,False,0.0,1.7,3.9,0.4,1.0,223.0,222.6,115.0,124,24.2
2024-07-04T07:18:00,1720057680,25.6,75.0,25.4,1009.7,60,True,76.0,1.8,2.9,0.4,1.0,217.5,215.9,118.0,122,25.5
2024-07-04T09:08:00,1720064280,28.3,64.0,27.8,1008.4,69,True,105.0,2.8,3.7,0.4,0.9,259.9,258.8,124.0,145,28.1
2024-07-04T12:22:00,1720075920,32.3,73.0,31.7,1010.1,96,False,394.0,1.9,3.2,0.4,0.9,205.7,200.9,108.0,95,32.0
2024-07-04T14:48:00,1720084680,34.5,63.0,34.7,1005.3,40,True,155.0,1.8,2.7,0.3,0.8,217.5,219.3,107.0,112,34.6
2024-07-04T16:36:00,1720091160,32.7,66.0,33.3,1007.4,56,True,136.0,2.1,4.4,0.5,1.2,234.1,229.3,131.0,140,33.0
2024-07-04T19:26:00,1720101360,30.5,61.0,30.9,1005.8,61,True,52.0,1.6,3.6,0.4,1.0,230.2,228.2,123.0,134,30.7
2024-07-04T21:46:00,1720109760,28.9,66.0,29.3,1004.0,63,True,0.0,1.9,2.7,0.5,0.9,204.1,207.5,102.0,95,29.1
2024-07-05T00:35:00,1720119900,29.6,67.0,30.3,1004.9,90,False,2.0,1.3,2.4,0.3,0.5,236.7,237.3,108.0,99,29.9
2024-07-05T02:29:00,1720126740,29.1,64.0,28.2,1010.8,99,False,13.0,1.4,2.3,0.4,0.9,227.4,223.9,104.0,90,28.6
2024-07-05T04:12:00,1720132920,27.4,79.0,27.3,1011.0,58,True,20.0,1.5,3.8,0.3,0.9,227.6,226.3,108.0,95,27.3
2024-07-05T07:01:00,1720143060,29.0,75.0,28.3,1010.5,15,True,76.0,1.9,3.3,0.5,0.7,230.9,233.6,111.0,107,28.6
2024-07-05T09:15:00,1720151100,31.5,57.0,31.0,1008.2,94,False,299.0,2.0,4.2,0.4,1.1,239.9,241.8,126.0,110,31.2
2024-07-05T12:34:00,1720163040,35.6,53.0,34.7,1004.2,32,True,111.0,0.9,2.9,0.3,0.4,199.7,203.2,108.0,82,35.1
2024-07-05T14:46:00,1720170960,37.4,50.0,38.1,1006.9,45,True,225.0,1.4,2.7,0.5,0.7,211.0,213.3,107.0,94,37.7
2024-07-05T16:57:00,1720178820,36.4,70.0,36.0,1008.7,16,True,164.0,1.3,3.0,0.3,0.5,228.0,225.0,108.0,106,36.2
2024-07-05T19:19:00,1720187340,33.4,63.0,34.3,1004.8,52,True,36.0,1.5,3.3,0.4,0.6,214.5,216.2,122.0,108,33.8
2024-07-05T21:04:00,1720193640,32.4,69.0,32.2,1009.3,92,False,3.0,0.9,2.4,0.3,0.7,203.6,203.1,106.0,77,32.3
2024-07-06T00:04:00,1720204440,29.0,60.0,28.5,1007.0,97,False,0.0,1.7,4.1,0.5,1.1,235.4,234.2,122.0,117,28.7
2024-07-06T02:35:00,1720213500,26.9,76.0,27.9,1013.0,98,False,0.0,1.6,4.4,0.4,0.8,227.4,230.7,110.0,116,27.4
2024-07-06T04:17:00,1720219620,26.5,70.0,25.8,1010.1,97,False,1.0,2.1,2.5,0.4,1.0,227.4,229.3,113.0,105,26.1
2024-07-06T07:13:00,1720230180,27.5,59.0,27.4,1011.0,100,False,247.0,2.2,4.6,0.3,0.7,253.7,257.2,116.0,123,27.4
2024-07-06T09:52:00,1720239720,30.4,62.0,29.7,1006.1,97,False,329.0,2.2,4.4,0.5,1.0,235.3,235.5,131.0,140,30.0
2024-07-06T12:47:00,1720250220,33.9,63.0,34.0,1003.3,97,False,384.0,1.4,3.7,0.3,0.5,236.4,236.9,124.0,117,33.9
2024-07-06T14:46:00,1720257360,36.4,53.0,36.7,1006.3,98,False,346.0,1.2,3.5,0.4,0.7,232.3,230.8,116.0,98,36.5
2024-07-06T16:52:00,1720264920,35.2,51.0,34.8,1007.8,99,False,281.0,2.0,4.1,0.4,0.7,253.2,251.3,117.0,137,35.0
2024-07-06T19:03:00,1720272780,32.3,70.0,33.0,1007.4,100,False,70.0,1.8,3.4,0.5,0.9,249.8,253.9,119.0,139,32.6
2024-07-06T21:30:00,1720281600,30.9,78.0,31.2,1008.4,95,False,0.0,2.1,3.4,0.5,0.6,230.6,227.5,119.0,102,31.1
2024-07-07T00:26:00,1720292160,30.8,65.0,31.4,1008.7,96,False,6.0,1.8,3.7,0.4,0.7,222.1,220.2,125.0,116,31.1
2024-07-07T02:56:00,1720301160,29.4,73.0,30.2,1010.0,99,False,0.0,1.9,2.8,0.4,0.7,244.8,241.0,119.0,104,29.8
2024-07-07T04:12:00,1720305720,28.1,80.0,28.9,1007.3,99,False,10.0,2.2,3.1,0.3,1.0,224.1,221.6,114.0,121,28.5
2024-07-07T07:01:00,1720315860,29.6,71.0,30.0,1008.5,97,False,251.0,1.8,3.1,0.4,0.8,245.9,248.5,114.0,126,29.8
2024-07-07T09:12:00,1720323720,32.2,68.0,32.6,1011.3,95,False,304.0,1.9,4.0,0.4,1.0,240.0,244.1,119.0,136,32.4
2024-07-07T12:42:00,1720336320,36.7,60.0,35.9,1008.0,96,False,410.0,1.6,3.5,0.4,1.0,215.5,215.6,122.0,117,36.3
2024-07-07T14:24:00,1720342440,39.0,68.0,38.8,1009.4,97,False,346.0,1.3,2.8,0.4,0.6,217.8,214.9,108.0,93,38.9
2024-07-07T16:59:00,1720351740,37.2,73.0,37.5,1004.7,99,False,274.0,2.0,4.6,0.4,0.9,252.8,252.8,127.0,131,37.3
2024-07-07T19:37:00,1720361220,34.7,65.0,35.2,1006.9,95,False,92.0,1.7,4.4,0.5,0.9,235.3,237.6,127.0,140,35.0
2024-07-07T21:27:00,1720367820,33.3,68.0,33.5,1006.0,100,False,0.0,1.5,3.4,0.3,0.8,238.4,240.9,107.0,110,33.4
2024-07-08T00:44:00,1720379640,26.4,61.0,25.7,1010.2,95,False,0.0,1.9,3.4,0.4,0.8,228.3,230.0,113.0,92,26.0
2024-07-08T02:15:00,1720385100,24.4,68.0,25.0,1007.4,97,False,0.0,1.4,2.5,0.3,0.6,229.3,226.2,104.0,88,24.7
2024-07-08T04:03:00,1720391580,23.0,72.0,23.9,1009.1,100,False,0.0,1.5,2.2,0.3,1.0,226.5,227.7,112.0,86,23.4
2024-07-08T07:32:00,1720404120,25.2,74.0,24.3,1009.5,96,False,261.0,1.7,3.2,0.3,0.9,217.8,214.6,111.0,105,24.7
2024-07-08T09:21:00,1720410660,27.6,67.0,27.1,1011.9,96,False,302.0,2.2,4.4,0.4,0.6,209.5,206.3,122.0,106,27.3
2024-07-08T12:19:00,1720421340,31.2,63.0,31.3,1004.7,97,False,402.0,1.4,3.7,0.3,0.5,213.5,218.5,107.0,77,31.2
2024-07-08T14:51:00,1720430460,33.6,54.0,34.1,1006.4,95,False,331.0,2.0,2.6,0.4,1.0,235.7,233.9,114.0,90,33.8
2024-07-08T16:06:00,1720434960,32.4,65.0,32.2,1005.8,98,False,282.0,1.6,3.4,0.5,1.0,235.3,233.9,115.0,114,32.3
2024-07-08T19:21:00,1720446660,29.8,60.0,30.0,1007.0,96,False,90.0,2.2,3.5,0.5,0.6,246.1,242.8,116.0,114,29.9
2024-07-08T21:19:00,1720453740,28.3,61.0,28.5,1007.5,100,False,11.0,1.7,3.6,0.3,0.7,226.8,227.4,112.0,97,28.4
2024-07-09T00:01:00,1720463460,28.7,62.0,28.9,1006.6,39,True,7.0,2.3,4.5,0.4,0.5,238.0,233.4,115.0,115,28.8
2024-07-09T02:58:00,1720474080,27.8,70.0,27.2,1010.8,28,True,0.0,1.9,3.9,0.5,0.8,238.2,239.4,121.0,106,27.5
2024-07-09T04:25:00,1720479300,26.6,64.0,25.8,1009.6,94,False,7.0,1.7,2.9,0.4,0.6,222.2,218.4,119.0,102,26.2
2024-07-09T07:53:00,1720491780,28.0,63.0,27.0,1005.7,98,False,258.0,2.1,5.3,0.4,1.0,247.8,248.3,128.0,137,27.5
2024-07-09T09:27:00,1720497420,30.6,64.0,29.7,1010.5,38,True,137.0,2.5,4.0,0.3,0.8,231.1,233.2,115.0,133,30.1
2024-07-09T12:30:00,1720508400,33.6,66.0,34.4,1008.4,13,True,273.0,1.9,2.5,0.4,0.5,220.6,216.5,122.0,96,34.0
2024-07-09T14:52:00,1720516920,36.2,50.0,37.0,1005.0,97,False,345.0,1.8,2.9,0.5,1.0,228.7,224.6,119.0,107,36.6
2024-07-09T16:57:00,1720524420,35.3,61.0,34.8,1005.9,53,True,143.0,2.0,3.6,0.5,0.9,241.9,244.7,133.0,138,35.0
2024-07-09T19:47:00,1720534620,32.6,59.0,32.8,1005.2,64,True,30.0,2.4,3.5,0.5,0.8,228.5,225.3,115.0,132,32.7
2024-07-09T21:57:00,1720542420,30.8,59.0,31.5,1005.3,99,False,0.0,1.8,4.1,0.3,0.7,206.7,204.7,107.0,91,31.1
2024-07-10T00:20:00,1720551000,30.5,67.0,30.0,1008.0,15,True,0.0,1.2,3.4,0.4,0.7,244.9,247.7,110.0,103,30.3
2024-07-10T02:17:00,1720558020,28.5,65.0,29.4,1010.7,93,False,4.0,2.1,4.2,0.4,0.7,211.8,215.5,110.0,104,29.0
2024-07-10T04:10:00,1720564800,27.2,67.0,28.1,1007.4,64,True,0.0,2.4,3.6,0.3,0.8,235.8,231.6,127.0,121,27.7
2024-07-10T07:34:00,1720577040,29.1,75.0,28.8,1010.6,25,True,88.0,2.5,3.5,0.4,0.9,240.2,243.1,127.0,136,29.0
2024-07-10T09:34:00,1720584240,31.3,71.0,31.8,1011.7,41,True,206.0,1.7,3.8,0.3,0.9,217.3,212.3,116.0,122,31.6
2024-07-10T12:57:00,1720596420,35.1,70.0,35.8,1005.9,36,True,217.0,2.1,2.7,0.4,0.7,229.9,228.5,115.0,101,35.5
2024-07-10T14:31:00,1720602060,38.1,62.0,38.1,1007.3,90,False,352.0,2.1,3.1,0.4,0.9,227.3,229.9,114.0,97,38.1
2024-07-10T16:21:00,1720608660,36.2,63.0,36.8,1006.3,93,False,292.0,2.1,4.1,0.5,1.2,234.9,234.4,112.0,133,36.5
2024-07-10T19:06:00,1720618560,33.7,57.0,34.6,1006.4,51,True,32.0,1.9,5.0,0.4,1.1,254.4,258.6,128.0,130,34.2
2024-07-10T21:16:00,1720626360,32.6,69.0,32.6,1003.8,20,True,13.0,1.8,4.2,0.3,0.8,214.8,217.2,123.0,109,32.6
2024-07-11T00:13:00,1720636980,27.1,64.0,27.3,1010.5,98,False,0.0,2.0,3.5,0.5,0.9,234.8,235.5,108.0,107,27.2
2024-07-11T02:58:00,1720646880,25.6,66.0,26.3,1010.2,99,False,5.0,1.4,3.6,0.4,0.6,224.2,222.3,122.0,98,25.9
2024-07-11T04:01:00,1720650660,24.9,78.0,24.3,1010.2,100,False,12.0,1.6,3.9,0.3,0.6,200.5,196.7,112.0,90,24.6
2024-07-11T07:57:00,1720664820,25.6,72.0,26.3,1013.0,97,False,237.0,1.3,3.8,0.4,0.8,237.2,242.0,112.0,109,25.9
2024-07-11T09:35:00,1720670700,28.4,78.0,28.6,1010.9,96,False,316.0,1.4,4.3,0.4,0.9,238.5,236.4,106.0,104,28.5
2024-07-11T12:07:00,1720679820,32.1,62.0,32.7,1005.8,97,False,389.0,1.5,4.0,0.4,0.7,225.9,228.6,106.0,100,32.4
2024-07-11T14:54:00,1720689840,35.3,59.0,34.7,1007.2,96,False,323.0,1.9,3.7,0.3,0.8,238.2,238.9,108.0,87,35.0
2024-07-11T16:07:00,1720694220,33.3,67.0,33.6,1006.9,96,False,285.0,1.7,3.5,0.4,0.7,226.7,227.7,120.0,112,33.5
2024-07-11T19:59:00,1720708140,31.1,71.0,31.1,1008.8,99,False,62.0,2.2,3.1,0.5,0.6,234.8,235.3,108.0,111,31.1
2024-07-11T21:30:00,1720713600,29.4,68.0,29.7,1004.9,99,False,0.0,1.3,3.2,0.4,1.0,205.6,200.7,111.0,92,29.6
2024-07-12T00:48:00,1720725480,30.6,73.0,30.9,1007.8,99,False,11.0,1.9,3.7,0.3,0.8,214.5,212.6,115.0,98,30.8
2024-07-12T02:46:00,1720732560,29.3,77.0,29.6,1010.4,96,False,19.0,1.9,2.9,0.4,0.9,208.1,207.8,107.0,98,29.5
2024-07-12T04:15:00,1720737900,28.4,85.0,28.0,1007.9,95,False,0.0,2.0,3.6,0.5,1.0,239.3,244.2,124.0,104,28.2
2024-07-12T07:13:00,1720748580,29.8,66.0,29.1,1008.2,99,False,265.0,1.6,4.9,0.3,0.6,231.7,232.2,117.0,127,29.5
2024-07-12T09:57:00,1720758420,31.8,60.0,32.3,1009.9,96,False,296.0,1.5,3.4,0.4,0.6,233.9,236.3,121.0,124,32.1
2024-07-12T12:03:00,1720765980,35.9,51.0,36.0,1007.6,95,False,381.0,1.2,2.2,0.3,0.8,233.9,229.3,105.0,89,36.0
2024-07-12T14:23:00,1720774380,38.7,56.0,38.4,1008.9,97,False,324.0,1.4,3.1,0.4,0.7,212.5,210.5,122.0,104,38.6
2024-07-12T16:31:00,1720782060,36.6,48.0,37.4,1007.2,95,False,298.0,2.0,4.5,0.4,0.7,222.6,222.2,124.0,119,37.0
2024-07-12T19:57:00,1720794420,34.2,69.0,35.1,1007.4,100,False,65.0,2.4,3.3,0.3,0.9,250.7,248.6,110.0,119,34.7
2024-07-12T21:08:00,1720798680,32.8,67.0,33.4,1008.9,95,False,0.0,1.4,3.3,0.3,0.9,236.8,239.8,116.0,93,33.1
2024-07-13T00:22:00,1720810320,27.5,74.0,27.9,1009.4,96,False,0.0,1.3,3.2,0.4,1.0,242.2,246.0,113.0,98,27.7
2024-07-13T02:05:00,1720816500,26.6,77.0,26.3,1007.0,100,False,0.0,2.0,3.9,0.3,0.6,240.9,242.5,117.0,94,26.4
2024-07-13T04:57:00,1720826820,25.0,84.0,25.3,1011.8,96,False,5.0,1.3,2.8,0.4,0.6,214.3,210.1,114.0,95,25.1
2024-07-13T07:37:00,1720836420,26.7,76.0,26.2,1007.2,97,False,232.0,1.9,3.2,0.4,0.7,251.1,247.1,118.0,115,26.4
2024-07-13T09:38:00,1720843680,29.4,73.0,28.7,1009.2,95,False,321.0,1.5,4.6,0.5,1.1,229.5,229.1,114.0,115,29.0
2024-07-13T12:09:00,1720852740,33.0,59.0,32.9,1006.1,100,False,397.0,1.2,3.7,0.4,0.9,211.6,216.2,112.0,87,32.9
2024-07-13T14:21:00,1720860660,35.4,63.0,35.7,1010.2,95,False,342.0,1.4,3.1,0.4,0.9,221.0,220.1,106.0,86,35.5
2024-07-13T16:08:00,1720867080,34.0,68.0,34.0,1006.1,100,False,269.0,2.2,4.1,0.4,1.0,230.5,225.5,117.0,111,34.0
2024-07-13T19:14:00,1720878240,31.4,68.0,31.9,1004.0,97,False,62.0,1.6,4.4,0.3,0.6,209.3,206.2,122.0,108,31.6
2024-07-13T21:57:00,1720888020,30.5,73.0,29.6,1008.0,98,False,3.0,1.9,3.7,0.4,0.8,213.4,209.5,121.0,97,30.1
2024-07-14T00:14:00,1720896240,28.1,56.0,28.1,1008.4,96,False,20.0,2.5,3.9,0.5,0.9,250.3,251.9,116.0,126,28.1
2024-07-14T02:49:00,1720905540,27.0,77.0,26.6,1010.2,98,False,1.0,1.5,3.8,0.3,0.9,223.6,221.6,110.0,110,26.8
2024-07-14T04:08:00,1720910280,25.5,65.0,25.5,1011.6,100,False,11.0,1.9,3.5,0.4,0.7,206.2,201.3,119.0,100,25.5
2024-07-14T07:17:00,1720921620,26.9,77.0,26.7,1012.0,100,False,262.0,1.9,4.7,0.4,0.8,245.2,246.5,128.0,137,26.8
2024-07-14T09:31:00,1720929660,29.0,77.0,29.8,1011.9,96,False,312.0,2.6,4.8,0.4,1.0,248.9,252.7,119.0,138,29.4
2024-07-14T12:52:00,1720941720,33.1,55.0,33.5,1007.7,97,False,404.0,1.4,3.6,0.4,0.8,216.7,220.0,118.0,92,33.3
2024-07-14T14:12:00,1720946520,35.9,63.0,36.0,1004.7,98,False,353.0,1.3,2.7,0.4,1.0,217.2,222.0,112.0,98,35.9
2024-07-14T16:45:00,1720955700,34.7,62.0,34.1,1007.1,99,False,272.0,2.0,4.5,0.4,1.0,236.8,238.2,117.0,128,34.4
2024-07-14T19:05:00,1720964100,32.5,60.0,31.5,1008.1,97,False,67.0,1.7,4.4,0.5,1.0,231.3,232.1,133.0,137,32.0
2024-07-14T21:25:00,1720972500,30.4,73.0,30.5,1004.4,95,False,0.0,1.7,3.4,0.4,0.8,214.8,211.3,105.0,102,30.5
2024-07-15T00:27:00,1720983420,26.8,70.0,26.1,1009.8,93,False,0.0,1.9,2.6,0.3,0.6,233.6,234.3,119.0,86,26.5
2024-07-15T02:04:00,1720989240,25.6,68.0,24.7,1006.8,92,False,0.0,1.3,3.4,0.5,0.9,242.2,243.1,108.0,99,25.2
2024-07-15T04:21:00,1720997460,23.9,74.0,23.9,1011.2,16,True,0.0,2.0,2.7,0.4,1.0,228.4,224.7,111.0,101,23.9
2024-07-15T07:42:00,1721009520,25.3,77.0,25.0,1008.3,100,False,267.0,1.7,3.2,0.4,0.8,217.2,215.7,108.0,103,25.2
2024-07-15T09:14:00,1721015040,28.1,73.0,27.4,1009.8,40,True,194.0,1.7,3.5,0.4,0.6,211.4,211.1,115.0,109,27.8
2024-07-15T12:28:00,1721026680,31.5,51.0,31.9,1010.1,19,True,124.0,1.5,3.3,0.5,0.6,236.2,239.3,122.0,97,31.7
2024-07-15T14:11:00,1721032860,33.8,68.0,34.7,1010.3,98,False,329.0,1.4,2.4,0.4,0.5,221.7,218.3,101.0,91,34.3
2024-07-15T16:46:00,1721042160,32.8,53.0,32.7,1009.2,64,True,167.0,1.8,3.2,0.4,0.9,222.5,223.1,112.0,116,32.7
2024-07-15T19:52:00,1721053320,29.9,68.0,30.8,1004.2,12,True,31.0,1.9,3.3,0.3,0.6,222.7,218.9,117.0,118,30.4
2024-07-15T21:04:00,1721057640,28.7,60.0,28.9,1005.1,94,False,0.0,1.2,2.8,0.4,0.7,225.3,224.2,106.0,98,28.8
2024-07-16T00:45:00,1721070900,26.8,75.0,27.3,1007.6,25,True,0.0,1.8,2.1,0.4,0.7,229.2,227.9,113.0,86,27.0
2024-07-16T02:32:00,1721077320,25.8,73.0,25.6,1008.5,92,False,0.0,1.5,3.5,0.4,0.5,212.8,210.0,106.0,84,25.7
2024-07-16T04:07:00,1721083020,24.1,78.0,24.8,1009.3,92,False,13.0,2.0,3.0,0.4,0.6,209.1,208.7,107.0,96,24.4
2024-07-16T07:01:00,1721093460,25.3,60.0,26.1,1008.8,94,False,231.0,1.6,3.0,0.3,0.6,207.0,210.1,104.0,95,25.7
2024-07-16T09:13:00,1721101380,27.9,53.0,28.7,1011.9,56,True,128.0,1.3,4.0,0.4,0.9,213.8,211.9,108.0,95,28.3
2024-07-16T12:50:00,1721114400,31.8,53.0,32.7,1007.3,15,True,238.0,1.7,3.9,0.4,0.5,218.9,216.7,116.0,87,32.2
2024-07-16T14:38:00,1721120880,35.1,51.0,34.6,1005.0,63,True,142.0,1.5,3.8,0.3,0.4,206.6,209.2,109.0,82,34.8
2024-07-16T16:11:00,1721126460,33.7,63.0,32.8,1006.6,92,False,261.0,1.4,3.5,0.4,0.8,214.2,209.6,118.0,112,33.3
2024-07-16T19:34:00,1721138640,30.6,73.0,31.2,1009.0,19,True,37.0,1.2,3.8,0.3,0.5,235.1,235.3,119.0,100,30.9
2024-07-16T21:26:00,1721145360,29.7,56.0,29.0,1003.8,47,True,18.0,1.2,3.0,0.3,0.7,213.8,218.6,111.0,90,29.4
2024-07-17T00:57:00,1721158020,29.4,60.0,29.4,1005.2,42,True,2.0,1.3,4.0,0.4,1.0,213.4,210.4,109.0,91,29.4
2024-07-17T02:12:00,1721162520,27.6,73.0,28.6,1012.4,57,True,0.0,1.8,3.2,0.3,0.7,226.6,230.8,117.0,81,28.1
2024-07-17T04:48:00,1721171880,26.8,68.0,26.7,1009.0,40,True,5.0,1.5,3.4,0.3,0.9,232.6,231.0,108.0,81,26.8
2024-07-17T07:35:00,1721181900,28.6,72.0,27.6,1009.4,54,True,141.0,1.5,3.1,0.4,0.7,242.1,242.2,122.0,100,28.1
2024-07-17T09:11:00,1721187660,30.7,59.0,30.7,1011.8,94,False,324.0,1.4,4.2,0.4,0.5,210.0,212.2,116.0,102,30.7
2024-07-17T12:59:00,1721201340,34.9,49.0,34.3,1008.2,100,False,382.0,0.9,2.7,0.3,0.3,211.8,215.7,104.0,67,34.6
2024-07-17T14:15:00,1721205900,37.1,53.0,37.3,1006.8,98,False,357.0,0.8,2.7,0.3,0.6,225.3,228.2,110.0,74,37.2
2024-07-17T16:48:00,1721215080,35.7,66.0,35.6,1008.0,98,False,276.0,1.7,3.1,0.4,0.8,213.0,215.7,120.0,102,35.6
2024-07-17T19:40:00,1721225400,33.0,66.0,33.6,1008.0,57,True,6.0,2.0,3.1,0.5,0.8,220.9,224.0,105.0,102,33.3
2024-07-17T21:50:00,1721233200,31.5,71.0,31.9,1003.2,19,True,0.0,1.6,3.2,0.4,0.5,226.5,230.6,118.0,81,31.7
2024-07-18T00:21:00,1721242260,28.2,71.0,27.4,1006.3,92,False,0.0,1.9,4.0,0.4,0.9,239.7,243.5,108.0,104,27.8
2024-07-18T02:00:00,1721248200,26.3,71.0,26.7,1009.6,91,False,0.0,1.4,4.2,0.4,0.7,222.1,217.8,108.0,103,26.5
2024-07-18T04:09:00,1721255940,24.8,66.0,25.6,1009.4,33,True,0.0,1.3,3.7,0.3,0.6,233.9,236.9,100.0,85,25.2
2024-07-18T07:01:00,1721266260,26.8,75.0,26.2,1008.1,92,False,238.0,2.1,4.6,0.5,0.7,214.1,210.0,125.0,117,26.5
2024-07-18T09:00:00,1721273400,29.2,74.0,29.0,1007.8,91,False,314.0,1.7,4.0,0.4,1.0,215.2,219.7,116.0,117,29.1
2024-07-18T12:07:00,1721284620,32.8,59.0,33.2,1010.3,97,False,394.0,1.4,3.1,0.5,0.5,236.6,239.4,114.0,96,33.0
2024-07-18T14:52:00,1721294520,35.3,63.0,35.9,1009.0,95,False,347.0,1.2,2.5,0.3,0.8,209.3,213.7,113.0,87,35.6
2024-07-18T16:45:00,1721301300,34.4,65.0,33.7,1004.7,70,True,110.0,1.9,2.6,0.5,1.1,217.1,214.7,110.0,108,34.0
2024-07-18T19:28:00,1721311080,31.6,68.0,31.8,1007.9,94,False,64.0,2.2,4.7,0.4,0.8,218.0,215.4,113.0,117,31.7
2024-07-18T21:17:00,1721317620,30.6,67.0,29.7,1003.4,34,True,7.0,1.1,1.9,0.4,0.6,211.2,211.2,99.0,76,30.1
2024-07-19T00:43:00,1721329980,26.4,64.0,26.9,1009.6,97,False,10.0,1.6,3.8,0.5,0.6,211.6,210.4,108.0,95,26.6
2024-07-19T02:12:00,1721335320,24.9,68.0,25.7,1007.6,92,False,5.0,1.7,2.1,0.3,0.8,234.9,238.8,112.0,82,25.3
2024-07-19T04:13:00,1721342580,24.4,64.0,23.7,1012.7,99,False,9.0,1.9,2.6,0.3,0.4,232.8,233.5,111.0,86,24.0
2024-07-19T07:32:00,1721354520,25.5,60.0,25.1,1007.2,90,False,236.0,1.8,4.2,0.4,1.0,206.4,203.7,113.0,96,25.3
2024-07-19T09:04:00,1721360040,28.0,69.0,27.9,1012.0,96,False,294.0,1.7,3.7,0.3,0.9,222.0,222.0,111.0,94,27.9
2024-07-19T12:45:00,1721373300,32.0,68.0,31.7,1010.7,44,True,188.0,1.2,3.3,0.3,0.7,209.5,211.3,106.0,74,31.8
2024-07-19T14:23:00,1721379180,34.4,66.0,34.5,1008.7,67,True,114.0,1.2,2.7,0.3,0.4,205.6,205.6,110.0,77,34.4
2024-07-19T16:36:00,1721387160,32.8,57.0,32.9,1006.5,96,False,291.0,1.9,4.1,0.4,0.5,216.2,215.3,121.0,101,32.9
2024-07-19T19:52:00,1721398920,30.8,63.0,30.3,1002.9,13,True,31.0,1.3,3.4,0.4,1.1,232.5,230.2,110.0,106,30.5
2024-07-19T21:22:00,1721404320,29.2,71.0,28.8,1009.7,17,True,0.0,1.7,2.8,0.4,0.5,200.4,198.7,107.0,77,29.0
2024-07-20T00:54:00,1721417040,28.0,62.0,28.8,1006.0,50,True,0.0,2.2,4.4,0.4,0.6,250.8,253.2,127.0,122,28.4
2024-07-20T02:24:00,1721422440,27.3,76.0,26.9,1006.6,100,False,0.0,2.3,4.7,0.3,0.9,251.1,247.5,112.0,121,27.1
2024-07-20T04:52:00,1721431320,26.0,76.0,25.6,1009.6,100,False,0.0,2.3,2.9,0.4,1.1,228.2,227.2,122.0,116,25.8
2024-07-20T07:46:00,1721441760,26.8,80.0,27.4,1012.0,100,False,244.0,1.9,3.3,0.4,0.8,234.8,237.8,115.0,122,27.1
2024-07-20T09:17:00,1721447220,30.1,68.0,29.3,1011.7,100,False,307.0,1.8,3.5,0.4,0.9,231.0,235.0,117.0,138,29.7
2024-07-20T12:00:00,1721457000,33.9,56.0,33.3,1011.3,91,False,390.0,1.4,2.9,0.5,0.9,245.6,247.2,119.0,107,33.6
2024-07-20T14:26:00,1721465760,36.7,53.0,35.7,1002.5,92,False,352.0,1.2,2.9,0.4,1.0,213.5,209.5,107.0,98,36.2
2024-07-20T16:14:00,1721472240,34.3,56.0,35.0,1003.9,37,True,112.0,2.1,3.3,0.4,0.8,259.0,260.3,113.0,132,34.6
2024-07-20T19:54:00,1721485440,32.1,77.0,32.5,1008.8,91,False,73.0,2.4,4.2,0.5,0.6,228.6,228.3,115.0,129,32.3
2024-07-20T21:26:00,1721490960,31.0,58.0,30.5,1007.0,91,False,10.0,1.9,2.6,0.3,0.6,231.8,233.9,112.0,90,30.7
2024-07-21T00:36:00,1721502360,30.3,70.0,30.8,1011.3,48,True,0.0,1.2,2.6,0.4,0.6,237.4,241.6,113.0,96,30.5
2024-07-21T02:20:00,1721508600,29.1,71.0,29.4,1008.4,22,True,0.0,2.1,3.0,0.3,0.9,224.2,227.4,122.0,113,29.2
2024-07-21T04:08:00,1721515080,27.5,75.0,28.4,1005.9,96,False,6.0,1.9,4.4,0.4,0.5,211.2,207.7,111.0,104,27.9
2024-07-21T07:42:00,1721527920,29.6,76.0,28.9,1012.6,96,False,246.0,2.4,5.0,0.5,0.9,237.8,237.6,129.0,125,29.2
2024-07-21T09:19:00,1721533740,32.0,65.0,31.7,1010.9,67,True,180.0,1.8,4.4,0.4,0.7,260.4,255.8,115.0,132,31.8
2024-07-21T12:48:00,1721546280,35.3,58.0,36.2,1005.4,99,False,382.0,1.5,2.8,0.4,0.8,238.2,235.6,112.0,92,35.7
2024-07-21T14:13:00,1721551380,38.2,67.0,38.5,1008.7,13,True,141.0,1.5,3.5,0.4,0.8,203.4,203.9,103.0,96,38.3
2024-07-21T16:40:00,1721560200,36.4,61.0,37.2,1004.4,51,True,113.0,1.7,5.1,0.4,1.1,257.0,260.1,119.0,134,36.8
2024-07-21T19:45:00,1721571300,34.8,67.0,34.1,1008.1,100,False,94.0,1.5,4.1,0.3,0.8,249.8,250.3,127.0,124,34.4
2024-07-21T21:08:00,1721576280,33.2,59.0,32.6,1010.5,100,False,0.0,1.6,3.6,0.4,0.9,238.3,242.9,118.0,103,32.9
2024-07-22T00:05:00,1721586900,31.6,73.0,31.1,1007.6,100,False,0.0,2.2,3.2,0.3,1.0,234.1,233.1,127.0,114,31.4
2024-07-22T02:23:00,1721595180,30.5,69.0,29.6,1011.5,96,False,9.0,1.8,2.5,0.4,0.7,242.3,239.6,115.0,104,30.1
2024-07-22T04:27:00,1721602620,28.9,61.0,28.6,1009.4,97,False,14.0,1.4,2.9,0.4,0.6,224.2,221.9,114.0,101,28.8
2024-07-22T07:31:00,1721613660,30.0,74.0,30.1,1006.5,98,False,248.0,1.9,4.6,0.4,0.7,244.9,242.5,117.0,139,30.1
2024-07-22T09:50:00,1721622000,33.0,66.0,32.3,1006.8,99,False,313.0,2.3,4.1,0.4,0.8,253.6,254.7,114.0,129,32.7
2024-07-22T12:43:00,1721632380,36.5,55.0,36.6,1007.3,96,False,404.0,1.9,4.2,0.4,0.5,212.5,214.6,115.0,101,36.6
2024-07-22T14:51:00,1721640060,38.9,61.0,39.4,1006.0,100,False,346.0,1.7,2.6,0.4,0.9,234.7,230.7,119.0,105,39.2
2024-07-22T16:26:00,1721645760,37.8,68.0,37.4,1004.8,99,False,261.0,2.2,4.4,0.5,0.7,248.7,243.8,118.0,141,37.6
2024-07-22T19:49:00,1721657940,35.7,58.0,34.8,1005.7,96,False,84.0,1.7,4.7,0.4,0.8,230.7,232.7,118.0,137,35.3
2024-07-22T21:59:00,1721665740,33.6,73.0,33.8,1006.4,95,False,15.0,1.8,3.8,0.5,0.8,220.5,220.7,104.0,101,33.7
2024-07-23T00:36:00,1721675160,30.9,62.0,29.9,1006.2,66,True,0.0,1.2,3.0,0.5,1.0,206.2,210.7,104.0,94,30.4
2024-07-23T02:45:00,1721682900,29.4,72.0,28.8,1012.6,98,False,0.0,1.8,3.5,0.4,0.7,228.1,225.6,118.0,84,29.1
2024-07-23T04:49:00,1721690340,27.7,78.0,28.0,1007.3,97,False,17.0,1.2,3.2,0.4,0.8,238.9,242.0,111.0,89,27.8
2024-07-23T07:01:00,1721698260,29.3,83.0,29.0,1008.3,90,False,260.0,2.1,4.0,0.4,1.0,211.8,210.6,109.0,103,29.1
2024-07-23T09:22:00,1721706720,31.4,55.0,32.0,1008.4,96,False,318.0,2.0,3.5,0.4,1.0,216.7,221.3,109.0,106,31.7
2024-07-23T12:44:00,1721718840,35.4,57.0,35.8,1005.4,10,True,192.0,1.4,2.2,0.4,0.8,210.8,214.6,102.0,91,35.6
2024-07-23T14:35:00,1721725500,38.3,64.0,38.1,1006.3,57,True,140.0,1.8,3.9,0.3,0.5,201.6,201.9,106.0,84,38.2
2024-07-23T16:09:00,1721731140,36.9,61.0,36.4,1008.6,16,True,192.0,1.4,4.5,0.3,0.7,234.8,230.0,125.0,108,36.7
2024-07-23T19:19:00,1721742540,34.8,54.0,33.9,1002.7,53,True,28.0,2.0,3.2,0.4,1.0,233.3,234.9,117.0,103,34.3
2024-07-23T21:35:00,1721750700,32.8,74.0,32.7,1004.3,53,True,0.0,1.2,1.9,0.4,0.8,219.4,223.8,105.0,80,32.8
2024-07-24T00:07:00,1721759820,28.3,72.0,28.4,1011.1,91,False,19.0,1.6,3.7,0.3,0.8,219.2,222.1,107.0,104,28.3
2024-07-24T02:34:00,1721768640,26.6,66.0,27.5,1007.5,100,False,0.0,2.0,4.4,0.4,0.5,211.1,208.4,107.0,107,27.0
2024-07-24T04:02:00,1721773920,26.1,68.0,25.4,1009.0,99,False,11.0,1.3,3.6,0.5,0.9,220.4,223.3,114.0,99,25.7
2024-07-24T07:07:00,1721785020,27.1,74.0,27.0,1012.6,91,False,258.0,1.5,4.4,0.4,0.8,212.9,214.5,119.0,113,27.0
2024-07-24T09:54:00,1721795040,29.4,63.0,29.9,1007.4,62,True,226.0,1.9,4.2,0.3,0.9,229.8,226.8,110.0,107,29.6
2024-07-24T12:44:00,1721805240,33.3,69.0,33.8,1006.7,32,True,242.0,1.0,2.3,0.3,0.5,217.2,213.6,112.0,84,33.5
2024-07-24T14:03:00,1721809980,36.0,49.0,36.3,1006.4,99,False,333.0,2.1,2.3,0.4,0.5,238.6,238.9,112.0,97,36.1
2024-07-24T16:16:00,1721817960,34.5,62.0,34.7,1006.6,39,True,85.0,1.6,3.6,0.4,0.9,227.2,224.6,126.0,118,34.6
2024-07-24T19:39:00,1721830140,32.3,58.0,32.1,1009.2,99,False,92.0,2.2,4.5,0.4,0.8,248.2,248.5,117.0,112,32.2
2024-07-24T21:20:00,1721836200,30.7,69.0,30.6,1009.9,45,True,2.0,1.6,3.1,0.4,0.8,205.5,202.1,112.0,88,30.7
2024-07-25T00:48:00,1721848680,25.8,71.0,26.3,1012.5,99,False,3.0,2.0,2.8,0.4,0.5,210.6,214.9,108.0,100,26.1
2024-07-25T02:11:00,1721853660,25.2,66.0,24.3,1010.0,96,False,0.0,2.1,3.0,0.4,1.0,245.7,248.1,118.0,103,24.8
2024-07-25T04:29:00,1721861940,23.6,74.0,23.3,1008.6,95,False,2.0,1.7,4.3,0.4,0.7,213.8,211.4,116.0,105,23.5
2024-07-25T07:05:00,1721871300,25.2,80.0,24.3,1012.1,97,False,248.0,1.5,3.5,0.5,0.9,235.0,232.6,127.0,126,24.8
2024-07-25T09:33:00,1721880180,27.3,67.0,27.4,1010.0,98,False,305.0,2.2,3.8,0.5,0.8,249.1,245.8,124.0,133,27.4
2024-07-25T12:20:00,1721890200,30.9,57.0,31.6,1010.3,100,False,416.0,1.5,2.5,0.4,0.8,234.0,233.6,114.0,86,31.3
2024-07-25T14:31:00,1721898060,33.9,63.0,33.8,1005.8,98,False,330.0,1.7,2.5,0.3,0.9,212.3,215.5,114.0,104,33.9
2024-07-25T16:12:00,1721904120,32.1,52.0,32.5,1005.7,95,False,295.0,1.8,4.5,0.5,1.0,226.0,227.9,121.0,122,32.3
2024-07-25T19:05:00,1721914500,29.8,59.0,30.1,1005.2,98,False,82.0,1.6,4.6,0.4,1.0,255.2,257.4,123.0,128,30.0
2024-07-25T21:23:00,1721922780,28.1,68.0,28.7,1006.6,100,False,0.0,1.4,3.7,0.3,0.7,223.8,220.2,106.0,87,28.4
2024-07-26T00:20:00,1721933400,25.8,65.0,26.5,1010.3,93,False,19.0,1.4,4.1,0.4,1.1,226.8,231.1,118.0,116,26.2
2024-07-26T02:56:00,1721942760,24.5,65.0,25.3,1009.9,94,False,17.0,1.5,2.6,0.4,1.0,215.5,211.5,117.0,104,24.9
2024-07-26T04:38:00,1721948880,23.7,75.0,23.4,1012.1,97,False,0.0,1.9,2.5,0.4,0.9,206.2,203.4,108.0,97,23.6
2024-07-26T07:35:00,1721959500,25.1,70.0,24.6,1008.4,94,False,258.0,1.7,3.8,0.3,0.8,248.7,244.3,113.0,126,24.9
2024-07-26T09:06:00,1721964960,27.4,64.0,27.5,1004.8,94,False,294.0,2.3,3.4,0.4,0.5,249.5,249.8,111.0,112,27.5
2024-07-26T12:03:00,1721975580,31.7,58.0,31.0,1007.9,49,True,144.0,1.8,2.7,0.3,0.7,228.2,230.6,112.0,100,31.4
2024-07-26T14:09:00,1721983140,34.2,63.0,33.7,1004.9,90,False,351.0,1.4,2.6,0.4,0.9,241.4,243.1,107.0,98,34.0
2024-07-26T16:51:00,1721992860,32.8,64.0,32.1,1009.8,20,True,117.0,2.1,4.9,0.5,0.9,231.7,232.0,129.0,130,32.4
2024-07-26T19:51:00,1722003660,30.4,60.0,29.8,1007.8,97,False,60.0,2.4,4.7,0.5,0.8,238.5,240.8,113.0,123,30.1
2024-07-26T21:14:00,1722008640,28.7,66.0,28.3,1008.6,93,False,13.0,1.8,3.6,0.4,0.6,238.5,238.5,113.0,101,28.5
2024-07-27T00:21:00,1722019860,28.8,66.0,29.0,1007.2,96,False,0.0,1.5,3.4,0.4,0.9,225.1,221.1,120.0,92,28.9
2024-07-27T02:25:00,1722027300,27.3,68.0,27.9,1007.3,90,False,1.0,1.6,3.9,0.3,0.6,213.2,212.2,106.0,92,27.6
2024-07-27T04:45:00,1722035700,26.1,82.0,26.5,1009.7,90,False,5.0,1.0,3.4,0.4,0.9,231.9,234.6,101.0,77,26.3
2024-07-27T07:30:00,1722045600,27.1,65.0,28.1,1005.4,100,False,255.0,1.7,3.7,0.4,0.7,236.5,236.1,106.0,102,27.6
2024-07-27T09:20:00,1722052200,30.3,69.0,30.1,1010.8,98,False,298.0,2.0,3.4,0.3,1.0,230.3,231.7,115.0,93,30.2
2024-07-27T12:26:00,1722063360,33.7,50.0,34.5,1005.5,96,False,419.0,1.6,2.1,0.4,0.8,222.9,226.5,104.0,70,34.1
2024-07-27T14:32:00,1722070920,37.1,53.0,36.3,1006.3,96,False,356.0,1.6,2.9,0.3,0.7,232.2,236.5,101.0,79,36.7
2024-07-27T16:47:00,1722079020,34.9,48.0,35.3,1005.5,36,True,176.0,1.4,3.6,0.4,0.5,224.8,224.3,122.0,96,35.1
2024-07-27T19:56:00,1722090360,33.0,63.0,32.6,1010.1,48,True,33.0,1.3,2.9,0.3,0.9,205.5,209.1,119.0,95,32.8
2024-07-27T21:31:00,1722096060,31.2,63.0,31.2,1007.8,60,True,5.0,1.8,2.4,0.4,0.6,205.4,201.4,107.0,76,31.2
2024-07-28T00:40:00,1722107400,27.2,68.0,26.4,1005.9,100,False,16.0,2.0,3.0,0.3,0.8,216.2,217.3,121.0,99,26.8
2024-07-28T02:06:00,1722112560,25.9,75.0,25.1,1012.0,98,False,0.0,1.6,3.0,0.4,0.7,217.1,212.4,123.0,99,25.5
2024-07-28T04:01:00,1722119460,24.5,75.0,23.9,1007.0,97,False,5.0,1.4,2.5,0.4,0.5,215.5,212.5,120.0,101,24.2
2024-07-28T07:16:00,1722131160,26.0,76.0,25.1,1013.3,95,False,250.0,2.0,3.0,0.5,0.7,232.6,236.2,123.0,123,25.5
2024-07-28T09:46:00,1722140160,28.0,62.0,28.2,1008.2,98,False,313.0,2.0,4.1,0.4,0.6,239.3,243.7,124.0,124,28.1
2024-07-28T12:33:00,1722150180,32.1,72.0,32.0,1006.8,96,False,417.0,1.7,3.5,0.3,0.7,225.0,225.6,116.0,96,32.0
2024-07-28T14:23:00,1722156780,34.7,58.0,34.5,1006.2,97,False,345.0,1.4,3.6,0.4,0.6,235.5,237.9,106.0,82,34.6
2024-07-28T16:13:00,1722163380,33.2,60.0,32.9,1005.5,96,False,286.0,1.8,3.3,0.4,0.7,253.0,256.7,126.0,119,33.1
2024-07-28T19:19:00,1722174540,30.5,72.0,31.0,1007.7,98,False,75.0,2.1,4.1,0.5,0.6,247.1,251.4,111.0,122,30.7
2024-07-28T21:04:00,1722180840,29.0,61.0,29.4,1004.9,95,False,0.0,1.0,2.7,0.3,0.4,207.1,209.2,104.0,83,29.2
2024-07-29T00:11:00,1722192060,28.4,78.0,27.8,1009.7,35,True,0.0,1.8,4.0,0.5,0.5,218.8,220.9,119.0,91,28.1
2024-07-29T02:57:00,1722202020,26.9,63.0,26.8,1011.7,100,False,0.0,1.2,3.5,0.4,0.9,204.3,206.7,98.0,75,26.8
2024-07-29T04:59:00,1722209340,25.5,68.0,25.5,1009.9,29,True,0.0,1.8,2.9,0.4,0.7,199.5,201.6,110.0,88,25.5
2024-07-29T07:38:00,1722218880,27.3,80.0,26.4,1011.9,91,False,244.0,1.9,3.1,0.4,0.5,235.6,236.3,121.0,98,26.8
2024-07-29T09:24:00,1722225240,29.1,61.0,29.8,1011.6,58,True,156.0,2.2,3.2,0.4,1.0,238.8,238.0,124.0,105,29.4
2024-07-29T12:30:00,1722236400,33.8,57.0,32.9,1007.0,95,False,393.0,1.3,2.0,0.4,0.4,226.1,227.0,100.0,75,33.3
2024-07-29T14:41:00,1722244260,35.6,61.0,36.3,1005.2,14,True,190.0,1.4,2.6,0.4,0.7,211.4,209.5,106.0,75,35.9
2024-07-29T16:18:00,1722250080,34.7,59.0,34.1,1009.3,52,True,91.0,1.2,3.9,0.4,0.6,229.6,231.6,104.0,94,34.4
2024-07-29T19:47:00,1722262620,31.9,64.0,32.2,1006.7,90,False,84.0,1.9,4.1,0.4,0.7,239.2,242.0,111.0,104,32.0
2024-07-29T21:08:00,1722267480,30.4,66.0,30.6,1007.1,91,False,0.0,1.5,3.1,0.3,0.5,220.7,222.6,102.0,75,30.5
2024-07-30T00:42:00,1722280320,30.1,63.0,29.1,1006.6,49,True,0.0,2.1,4.4,0.3,1.0,243.3,247.8,114.0,109,29.6
2024-07-30T02:08:00,1722285480,28.4,77.0,28.2,1012.8,93,False,0.0,1.7,2.7,0.3,1.0,240.1,241.3,117.0,105,28.3
2024-07-30T04:34:00,1722294240,26.9,75.0,27.1,1011.9,92,False,15.0,1.8,2.9,0.3,0.7,206.8,208.5,116.0,93,27.0
2024-07-30T07:58:00,1722306480,28.2,82.0,28.4,1013.3,93,False,233.0,1.4,4.2,0.5,1.0,223.9,227.9,109.0,105,28.3
2024-07-30T09:28:00,1722311880,31.1,59.0,30.7,1010.7,30,True,180.0,2.1,3.0,0.4,0.6,225.8,221.8,109.0,117,30.9
2024-07-30T12:45:00,1722323700,34.5,48.0,35.1,1010.3,91,False,419.0,1.3,3.6,0.3,0.8,236.9,237.7,117.0,88,34.8
2024-07-30T14:35:00,1722330300,37.7,60.0,37.1,1003.3,66,True,233.0,1.3,2.8,0.4,0.6,226.1,229.9,121.0,97,37.4
2024-07-30T16:08:00,1722335880,35.9,62.0,35.8,1005.1,44,True,181.0,1.9,3.6,0.5,0.7,232.6,228.6,121.0,125,35.9
2024-07-30T19:35:00,1722348300,33.5,68.0,33.5,1005.2,19,True,46.0,2.3,4.8,0.4,0.6,242.7,246.2,128.0,121,33.5
2024-07-30T21:18:00,1722354480,31.5,71.0,32.5,1007.3,36,True,0.0,1.2,2.3,0.3,0.9,220.9,216.4,101.0,84,32.0
2024-07-31T00:00:00,1722364200,28.7,58.0,29.4,1008.9,98,False,14.0,1.1,3.3,0.3,0.6,208.6,213.6,104.0,82,29.1
2024-07-31T02:33:00,1722373380,28.0,70.0,27.5,1009.5,94,False,0.0,1.7,2.8,0.3,0.5,219.9,222.1,101.0,91,27.8
2024-07-31T04:48:00,1722381480,26.0,65.0,26.9,1011.7,91,False,16.0,1.1,3.1,0.3,0.5,230.7,227.2,107.0,90,26.5
2024-07-31T07:53:00,1722392580,27.9,74.0,27.6,1010.6,97,False,232.0,1.8,2.8,0.4,0.6,235.0,238.5,116.0,109,27.8
2024-07-31T09:10:00,1722397200,30.6,69.0,30.2,1009.7,55,True,178.0,1.3,2.7,0.4,0.7,227.3,231.6,124.0,108,30.4
2024-07-31T12:31:00,1722409260,34.6,64.0,33.9,1008.2,18,True,165.0,1.4,2.4,0.4,0.4,214.1,213.1,99.0,78,34.3
2024-07-31T14:03:00,1722414780,36.4,63.0,37.3,1005.3,55,True,165.0,1.1,3.6,0.4,0.7,234.8,238.7,106.0,80,36.9
2024-07-31T16:36:00,1722423960,35.5,56.0,35.1,1009.6,17,True,79.0,1.6,3.1,0.3,0.5,213.9,209.0,116.0,99,35.3
2024-07-31T19:02:00,1722432720,32.7,72.0,33.2,1005.9,12,True,54.0,1.9,3.4,0.4,0.8,211.9,209.3,108.0,104,33.0
2024-07-31T21:40:00,1722442200,31.6,69.0,31.2,1008.5,22,True,0.0,1.1,2.6,0.4,0.6,216.4,220.5,119.0,90,31.4
2024-08-01T00:59:00,1722454140,30.6,61.0,29.9,1012.3,19,True,0.0,1.6,4.4,0.4,1.0,224.4,219.7,107.0,111,30.2
2024-08-01T02:36:00,1722459960,29.2,65.0,29.1,1009.9,98,False,0.0,1.8,3.2,0.4,0.5,216.8,220.0,104.0,92,29.1
2024-08-01T04:33:00,1722466980,27.7,78.0,28.3,1011.2,96,False,0.0,1.2,3.8,0.3,0.8,215.7,220.1,117.0,94,28.0
2024-08-01T07:29:00,1722477540,28.7,76.0,29.6,1008.9,90,False,261.0,1.5,3.8,0.5,0.9,219.5,219.5,111.0,106,29.1
2024-08-01T09:47:00,1722485820,30.9,68.0,31.8,1007.7,70,True,198.0,2.0,4.2,0.4,1.0,243.1,243.6,125.0,110,31.3
2024-08-01T12:02:00,1722493920,34.6,60.0,34.6,1011.8,55,True,138.0,1.4,3.2,0.4,0.4,208.3,211.7,104.0,86,34.6
2024-08-01T14:56:00,1722504360,37.0,51.0,36.7,1008.0,69,True,204.0,2.1,4.2,0.3,0.9,212.7,209.2,122.0,105,36.8
2024-08-01T16:02:00,1722508320,35.3,54.0,35.7,1009.4,93,False,285.0,2.2,4.2,0.4,0.8,236.7,233.8,116.0,119,35.5
2024-08-01T19:44:00,1722521640,33.2,59.0,33.8,1006.3,93,False,80.0,2.2,2.9,0.4,0.8,221.1,218.1,112.0,115,33.5
2024-08-01T21:36:00,1722528360,32.0,58.0,32.5,1009.9,100,False,0.0,1.9,3.9,0.3,0.9,213.7,212.8,116.0,96,32.2
2024-08-02T00:55:00,1722540300,29.4,70.0,29.5,1005.7,56,True,10.0,1.4,4.5,0.3,1.1,225.4,229.1,115.0,105,29.4
2024-08-02T02:14:00,1722545040,28.8,67.0,27.9,1007.7,93,False,5.0,2.0,3.5,0.4,0.6,228.5,233.1,108.0,99,28.3
2024-08-02T04:26:00,1722552960,27.7,82.0,26.8,1013.6,96,False,0.0,1.3,3.4,0.3,0.8,231.9,236.2,116.0,94,27.2
2024-08-02T07:20:00,1722563400,28.4,64.0,28.3,1013.9,98,False,231.0,2.2,4.1,0.4,1.1,246.7,244.4,120.0,106,28.3
2024-08-02T09:45:00,1722572100,30.5,58.0,30.6,1007.8,57,True,212.0,1.7,4.4,0.4,0.7,215.1,214.1,111.0,107,30.5
2024-08-02T12:04:00,1722580440,33.9,48.0,33.8,1006.8,55,True,123.0,1.0,3.5,0.3,0.5,234.8,234.1,109.0,85,33.8
2024-08-02T14:42:00,1722589920,36.2,55.0,35.9,1002.4,27,True,178.0,1.1,2.8,0.4,0.4,228.7,224.7,100.0,84,36.0
2024-08-02T16:14:00,1722595440,34.7,61.0,34.8,1009.4,63,True,167.0,1.7,3.1,0.3,0.8,228.8,230.5,116.0,116,34.7
2024-08-02T19:58:00,1722608880,32.3,56.0,33.2,1004.7,68,True,67.0,2.2,4.8,0.5,0.7,244.8,248.1,122.0,118,32.7
2024-08-02T21:50:00,1722615600,31.3,72.0,31.5,1005.7,48,True,0.0,1.6,2.5,0.3,0.5,229.3,225.8,106.0,82,31.4
2024-08-03T00:12:00,1722624120,29.4,63.0,29.7,1006.8,98,False,18.0,1.6,2.4,0.4,0.8,237.7,236.0,118.0,96,29.5
2024-08-03T02:58:00,1722634080,28.0,82.0,28.9,1008.3,98,False,0.0,1.8,3.2,0.3,0.9,219.5,215.7,109.0,91,28.4
2024-08-03T04:57:00,1722641220,27.3,79.0,27.4,1008.8,98,False,0.0,1.5,2.7,0.4,1.0,213.0,208.0,106.0,111,27.3
2024-08-03T07:51:00,1722651660,28.1,70.0,28.8,1006.2,97,False,259.0,1.7,4.2,0.4,0.7,238.0,237.9,125.0,127,28.4
2024-08-03T09:21:00,1722657060,30.6,66.0,30.7,1013.3,100,False,322.0,2.3,3.2,0.5,0.8,230.6,233.9,113.0,113,30.6
2024-08-03T12:24:00,1722668040,34.3,63.0,33.5,1005.1,100,False,391.0,2.0,3.7,0.4,0.8,227.2,224.7,104.0,98,33.9
2024-08-03T14:20:00,1722675000,36.3,48.0,35.9,1007.3,96,False,349.0,1.1,2.4,0.4,0.9,199.2,195.0,102.0,85,36.1
2024-08-03T16:40:00,1722683400,34.8,72.0,34.8,1006.6,96,False,281.0,1.6,4.6,0.5,1.0,218.6,222.7,125.0,123,34.8
2024-08-03T19:25:00,1722693300,32.8,57.0,32.8,1007.4,97,False,92.0,1.7,3.6,0.5,0.8,226.0,222.5,110.0,126,32.8
2024-08-03T21:10:00,1722699600,31.2,69.0,31.8,1008.1,98,False,8.0,1.7,2.6,0.3,1.0,230.9,232.0,111.0,100,31.5
2024-08-04T00:06:00,1722710160,26.6,65.0,26.2,1008.8,95,False,0.0,1.5,2.9,0.4,0.7,228.0,224.1,112.0,112,26.4
2024-08-04T02:10:00,1722717600,25.6,74.0,25.0,1009.7,32,True,0.0,1.3,2.6,0.3,0.9,242.9,243.8,108.0,108,25.3
2024-08-04T04:24:00,1722725640,24.6,70.0,23.7,1011.9,37,True,0.0,1.8,3.5,0.4,0.8,230.1,233.0,121.0,114,24.2
2024-08-04T07:04:00,1722735240,25.0,76.0,25.5,1012.8,96,False,259.0,2.3,4.1,0.5,1.0,249.1,245.3,125.0,132,25.3
2024-08-04T09:13:00,1722742980,27.3,78.0,27.7,1007.1,52,True,100.0,1.8,3.9,0.5,0.7,233.7,238.2,122.0,130,27.5
2024-08-04T12:54:00,1722756240,30.8,59.0,30.7,1010.3,96,False,408.0,2.2,3.1,0.4,1.0,250.6,247.3,127.0,114,30.8
2024-08-04T14:44:00,1722762840,33.3,60.0,32.7,1007.6,46,True,181.0,1.2,2.9,0.4,0.5,234.1,232.0,122.0,103,33.0
2024-08-04T16:16:00,1722768360,31.4,59.0,31.9,1006.4,49,True,133.0,2.0,4.9,0.4,1.2,231.8,232.5,132.0,141,31.7
2024-08-04T19:15:00,1722779100,30.0,72.0,29.4,1004.4,100,False,75.0,2.3,4.1,0.4,0.8,232.5,237.5,121.0,129,29.7
2024-08-04T21:23:00,1722786780,28.0,70.0,28.8,1010.0,20,True,0.0,2.2,3.1,0.4,0.7,234.0,233.4,109.0,119,28.4
2024-08-05T00:16:00,1722797160,25.8,65.0,24.9,1012.2,94,False,20.0,2.2,4.5,0.5,1.0,243.6,245.1,110.0,107,25.3
2024-08-05T02:30:00,1722805200,24.1,66.0,24.3,1012.1,100,False,0.0,1.3,3.4,0.3,0.9,206.8,204.0,107.0,100,24.2
2024-08-05T04:23:00,1722811980,22.9,80.0,23.3,1007.0,95,False,7.0,1.9,4.4,0.3,0.9,239.8,241.0,124.0,116,23.1
2024-08-05T07:01:00,1722821460,24.4,62.0,24.1,1007.6,92,False,249.0,1.9,3.1,0.5,0.9,237.7,234.9,115.0,128,24.2
2024-08-05T09:44:00,1722831240,26.2,67.0,26.7,1009.5,91,False,320.0,2.3,2.8,0.5,1.0,233.6,237.0,113.0,114,26.4
2024-08-05T12:44:00,1722842040,29.9,47.0,29.5,1006.1,62,True,169.0,1.2,2.4,0.4,0.7,223.1,227.2,116.0,103,29.7
2024-08-05T14:14:00,1722847440,32.1,56.0,31.8,1009.4,60,True,246.0,1.8,2.7,0.4,0.7,211.1,214.1,107.0,93,31.9
2024-08-05T16:01:00,1722853860,31.0,72.0,30.2,1006.4,100,False,285.0,1.8,3.7,0.4,0.7,240.7,239.8,116.0,122,30.6
2024-08-05T19:04:00,1722864840,29.0,67.0,28.2,1004.4,43,True,31.0,1.7,4.7,0.4,0.9,237.1,235.0,110.0,119,28.6
2024-08-05T21:13:00,1722872580,27.3,64.0,27.3,1010.9,94,False,0.0,1.3,2.8,0.4,0.6,212.2,208.2,109.0,92,27.3
2024-08-06T00:32:00,1722884520,28.7,70.0,28.0,1005.2,100,False,0.0,1.8,3.0,0.4,0.9,237.5,240.7,111.0,91,28.4
2024-08-06T02:41:00,1722892260,27.0,64.0,27.5,1010.2,98,False,4.0,1.6,2.6,0.4,0.4,210.8,209.8,106.0,76,27.3
2024-08-06T04:41:00,1722899460,26.4,84.0,25.9,1010.7,96,False,0.0,1.2,3.0,0.4,0.9,230.1,232.2,107.0,87,26.2
2024-08-06T07:51:00,1722910860,26.9,75.0,27.6,1012.6,92,False,242.0,1.8,2.7,0.3,0.4,204.7,205.7,113.0,92,27.3
2024-08-06T09:31:00,1722916860,29.0,75.0,30.0,1007.0,20,True,168.0,1.7,3.2,0.5,0.8,210.2,211.6,122.0,96,29.5
2024-08-06T12:22:00,1722927120,33.2,62.0,32.4,1009.1,25,True,195.0,1.3,2.9,0.4,0.6,216.4,219.3,98.0,79,32.8
2024-08-06T14:46:00,1722935760,34.8,53.0,35.1,1007.2,98,False,332.0,1.2,3.6,0.3,0.4,205.5,202.2,114.0,86,35.0
2024-08-06T16:50:00,1722943200,33.8,65.0,33.4,1009.0,22,True,86.0,1.6,3.1,0.3,0.7,237.1,234.4,122.0,100,33.6
2024-08-06T19:37:00,1722953220,31.2,74.0,32.1,1008.1,17,True,49.0,2.1,4.4,0.3,1.0,244.2,245.8,121.0,104,31.7
2024-08-06T21:28:00,1722959880,30.3,71.0,30.3,1008.0,99,False,0.0,1.8,1.8,0.4,0.3,220.7,217.6,113.0,72,30.3
2024-08-07T00:06:00,1722969360,26.5,72.0,27.2,1006.0,99,False,0.0,1.7,2.7,0.4,0.5,217.0,218.3,120.0,107,26.9
2024-08-07T02:53:00,1722979380,25.7,67.0,25.8,1012.8,92,False,0.0,2.0,3.8,0.4,0.6,235.2,235.3,122.0,110,25.8
2024-08-07T04:24:00,1722984840,25.1,62.0,24.2,1013.3,96,False,18.0,2.1,3.3,0.5,0.7,237.9,238.0,111.0,117,24.7
2024-08-07T07:54:00,1722997440,26.2,62.0,25.3,1011.3,92,False,253.0,2.5,3.7,0.4,0.9,255.0,252.3,116.0,129,25.8
2024-08-07T09:25:00,1723002900,27.5,80.0,28.4,1010.7,90,False,322.0,1.7,5.0,0.5,1.2,229.8,232.5,125.0,129,28.0
2024-08-07T12:20:00,1723013400,31.2,66.0,31.3,1006.1,91,False,408.0,1.3,3.9,0.3,0.6,217.8,219.7,114.0,103,31.3
2024-08-07T14:10:00,1723020000,33.0,53.0,33.9,1010.1,67,True,178.0,2.2,3.2,0.5,0.9,221.8,217.0,108.0,116,33.5
2024-08-07T16:57:00,1723030020,31.8,51.0,32.4,1008.7,94,False,279.0,2.2,4.3,0.6,1.2,261.8,264.5,127.0,145,32.1
2024-08-07T19:34:00,1723039440,29.7,57.0,30.6,1006.7,23,True,48.0,2.1,3.4,0.5,1.2,236.5,241.4,132.0,137,30.2
2024-08-07T21:41:00,1723047060,29.2,66.0,28.5,1006.0,92,False,3.0,1.9,4.1,0.4,1.1,237.2,233.0,111.0,105,28.8
2024-08-08T00:33:00,1723057380,29.2,79.0,28.3,1007.9,70,True,0.0,1.7,4.0,0.4,0.8,217.1,221.2,112.0,98,28.8
2024-08-08T02:12:00,1723063320,27.9,81.0,27.4,1008.9,98,False,0.0,2.0,3.1,0.4,0.9,230.5,227.1,119.0,99,27.7
2024-08-08T04:27:00,1723071420,26.8,86.0,26.3,1008.3,95,False,0.0,1.5,4.4,0.3,0.7,238.8,241.9,114.0,102,26.6
2024-08-08T07:43:00,1723083180,28.0,65.0,27.3,1011.0,90,False,267.0,1.7,4.9,0.4,0.8,245.0,240.7,130.0,131,27.7
2024-08-08T09:07:00,1723088220,30.2,61.0,29.6,1010.3,64,True,121.0,1.5,3.0,0.4,0.6,251.1,253.0,111.0,118,29.9
2024-08-08T12:39:00,1723100940,33.0,58.0,33.3,1012.3,96,False,417.0,1.5,3.7,0.4,0.6,241.5,244.4,119.0,106,33.2
2024-08-08T14:46:00,1723108560,35.5,63.0,35.2,1004.8,22,True,102.0,1.7,4.1,0.4,0.5,210.1,205.2,121.0,104,35.4
2024-08-08T16:00:00,1723113000,34.1,67.0,34.0,1007.1,99,False,285.0,1.8,3.3,0.4,1.2,245.3,246.2,118.0,137,34.0
2024-08-08T19:55:00,1723127100,31.6,59.0,32.5,1009.9,12,True,60.0,2.4,4.2,0.5,1.2,247.4,243.2,118.0,133,32.1
2024-08-08T21:57:00,1723134420,30.7,63.0,30.8,1003.5,99,False,0.0,1.3,2.5,0.5,0.9,210.2,214.2,111.0,100,30.7
2024-08-09T00:15:00,1723142700,30.3,77.0,29.6,1005.7,91,False,12.0,1.7,3.4,0.4,0.8,227.2,228.8,124.0,105,30.0
2024-08-09T02:15:00,1723149900,28.6,78.0,29.1,1008.6,90,False,0.0,1.8,4.0,0.4,0.7,234.9,232.8,107.0,109,28.9
2024-08-09T04:20:00,1723157400,28.2,71.0,27.3,1013.5,16,True,10.0,2.0,4.2,0.4,0.7,215.0,219.1,123.0,104,27.8
2024-08-09T07:00:00,1723167000,29.1,73.0,28.7,1006.8,28,True,132.0,1.6,5.1,0.5,0.8,221.2,225.3,131.0,131,28.9
2024-08-09T09:52:00,1723177320,30.9,63.0,31.2,1010.2,39,True,171.0,1.6,4.8,0.5,0.8,235.4,235.7,126.0,125,31.1
2024-08-09T12:17:00,1723186020,34.5,49.0,34.3,1007.9,50,True,198.0,1.6,2.9,0.4,0.6,245.1,241.8,120.0,110,34.4
2024-08-09T14:24:00,1723193640,36.3,55.0,36.8,1003.2,91,False,338.0,1.3,3.2,0.3,0.6,211.8,208.2,111.0,106,36.6
2024-08-09T16:57:00,1723202820,35.0,67.0,35.5,1007.3,45,True,119.0,2.2,3.6,0.5,1.1,261.3,260.9,115.0,143,35.2
2024-08-09T19:59:00,1723213740,33.4,68.0,33.1,1005.3,17,True,40.0,2.3,3.8,0.4,1.2,235.2,238.3,121.0,148,33.3
2024-08-09T21:41:00,1723219860,32.2,58.0,31.7,1007.8,99,False,0.0,1.8,2.9,0.4,0.6,225.0,223.7,104.0,97,31.9
2024-08-10T00:06:00,1723228560,24.9,55.0,24.6,1007.3,97,False,7.0,1.4,4.0,0.4,0.7,236.8,238.0,127.0,117,24.7
2024-08-10T02:11:00,1723236060,23.7,70.0,23.6,1008.0,99,False,0.0,1.4,2.6,0.5,0.7,244.4,245.0,120.0,111,23.6
2024-08-10T04:29:00,1723244340,22.4,77.0,22.7,1012.6,96,False,17.0,2.2,4.5,0.4,0.6,226.9,230.5,115.0,106,22.5
2024-08-10T07:51:00,1723256460,24.0,63.0,23.3,1007.8,97,False,265.0,1.7,4.7,0.5,1.1,231.2,234.5,121.0,116,23.6
2024-08-10T09:40:00,1723263000,25.4,72.0,26.3,1005.7,97,False,305.0,2.4,4.5,0.4,1.2,245.7,247.1,119.0,123,25.8
2024-08-10T12:18:00,1723272480,29.3,61.0,28.9,1009.1,95,False,409.0,2.1,2.9,0.5,0.6,237.8,235.3,112.0,100,29.1
2024-08-10T14:20:00,1723279800,31.8,56.0,30.9,1007.0,96,False,336.0,2.1,3.9,0.5,0.6,242.1,245.7,126.0,113,31.3
2024-08-10T16:37:00,1723288020,29.9,56.0,30.1,1007.8,96,False,262.0,1.9,3.5,0.5,1.0,232.3,227.9,112.0,128,30.0
2024-08-10T19:10:00,1723297200,27.9,58.0,28.2,1008.7,96,False,71.0,2.5,4.5,0.5,0.9,239.6,241.3,129.0,124,28.0
2024-08-10T21:36:00,1723305960,26.2,73.0,27.2,1009.5,100,False,3.0,1.6,4.1,0.4,1.0,232.7,234.9,120.0,98,26.7
2024-08-11T00:48:00,1723317480,29.4,73.0,30.1,1010.2,94,False,0.0,2.4,4.4,0.3,0.9,240.5,236.6,126.0,117,29.8
2024-08-11T02:25:00,1723323300,28.9,80.0,28.5,1009.3,93,False,0.0,1.7,3.9,0.3,0.9,234.8,232.2,117.0,102,28.7
2024-08-11T04:21:00,1723330260,27.6,77.0,27.5,1010.8,93,False,13.0,1.2,3.7,0.5,0.5,210.3,211.2,120.0,102,27.6
2024-08-11T07:37:00,1723342020,28.8,79.0,28.6,1013.0,100,False,232.0,1.8,3.0,0.4,0.9,213.7,218.5,127.0,117,28.7
2024-08-11T09:49:00,1723349940,31.2,64.0,30.6,1012.7,92,False,325.0,2.3,3.6,0.5,1.0,223.2,223.5,110.0,121,30.9
2024-08-11T12:13:00,1723358580,34.1,70.0,34.2,1010.0,34,True,287.0,1.5,2.4,0.4,0.5,212.9,216.6,112.0,94,34.2
2024-08-11T14:28:00,1723366680,35.9,54.0,36.8,1007.7,90,False,329.0,1.8,3.3,0.3,0.8,231.5,231.6,118.0,102,36.4
2024-08-11T16:22:00,1723373520,35.4,63.0,34.8,1006.3,12,True,171.0,2.5,4.9,0.5,0.8,229.0,229.1,118.0,123,35.1
2024-08-11T19:10:00,1723383600,33.0,64.0,33.1,1006.6,57,True,47.0,2.4,3.9,0.5,0.7,243.8,242.4,114.0,134,33.1
2024-08-11T21:16:00,1723391160,31.8,70.0,31.7,1007.3,42,True,6.0,1.0,3.8,0.5,0.5,225.8,226.3,116.0,88,31.8
2024-08-12T00:16:00,1723401960,27.0,72.0,26.4,1009.2,91,False,6.0,1.4,4.2,0.4,1.0,217.3,218.4,106.0,102,26.7
2024-08-12T02:05:00,1723408500,25.9,76.0,25.3,1006.7,97,False,0.0,1.7,4.1,0.4,1.0,241.5,237.0,122.0,123,25.6
2024-08-12T04:33:00,1723417380,24.4,63.0,24.6,1013.4,54,True,0.0,2.1,3.6,0.5,1.1,218.5,216.0,115.0,117,24.5
2024-08-12T07:52:00,1723429320,25.9,61.0,25.2,1012.1,47,True,119.0,1.7,3.4,0.4,0.9,218.2,219.1,125.0,122,25.6
2024-08-12T09:14:00,1723434240,28.1,66.0,27.5,1010.2,14,True,192.0,1.9,4.4,0.5,1.1,250.9,249.0,120.0,121,27.8
2024-08-12T12:11:00,1723444860,30.9,62.0,31.3,1007.4,97,False,387.0,1.9,2.4,0.4,0.9,205.9,203.8,118.0,95,31.1
2024-08-12T14:58:00,1723454880,33.1,56.0,33.4,1007.8,91,False,357.0,1.4,3.3,0.4,0.6,217.1,219.2,123.0,107,33.3
2024-08-12T16:29:00,1723460340,31.7,50.0,32.3,1007.5,47,True,103.0,1.7,3.8,0.4,0.7,240.5,243.4,122.0,134,32.0
2024-08-12T19:32:00,1723471320,29.8,67.0,30.2,1003.7,56,True,35.0,1.9,3.6,0.4,1.2,247.2,243.5,114.0,135,30.0
2024-08-12T21:41:00,1723479060,28.8,63.0,28.5,1005.3,69,True,0.0,1.4,4.2,0.4,0.5,230.6,227.9,120.0,106,28.7
2024-08-13T00:23:00,1723488780,28.0,78.0,28.4,1004.0,96,False,15.0,1.9,2.0,0.3,0.6,229.5,224.9,108.0,83,28.2
2024-08-13T02:57:00,1723498020,27.6,69.0,26.7,1006.8,100,False,0.0,2.0,2.9,0.4,0.5,205.5,207.3,108.0,93,27.1
2024-08-13T04:15:00,1723502700,26.0,77.0,26.0,1008.7,94,False,10.0,1.7,2.4,0.3,0.5,228.5,232.8,106.0,90,26.0
2024-08-13T07:38:00,1723514880,27.3,69.0,27.0,1008.6,67,True,99.0,1.9,2.8,0.5,0.7,240.5,243.4,110.0,100,27.1
2024-08-13T09:32:00,1723521720,29.6,57.0,29.0,1013.0,50,True,144.0,1.4,4.1,0.3,0.8,205.1,201.2,117.0,93,29.3
2024-08-13T12:16:00,1723531560,32.6,69.0,32.6,1010.1,26,True,247.0,1.2,2.3,0.4,0.7,216.9,212.8,116.0,85,32.6
2024-08-13T14:03:00,1723537980,34.5,59.0,35.1,1007.2,21,True,127.0,2.0,2.8,0.4,0.5,218.7,220.4,112.0,87,34.8
2024-08-13T16:57:00,1723548420,33.4,64.0,33.6,1006.2,90,False,294.0,1.7,4.5,0.4,0.6,225.7,221.1,118.0,109,33.5
2024-08-13T19:03:00,1723555980,32.0,75.0,31.1,1005.1,43,True,27.0,1.3,3.8,0.4,0.6,210.3,207.9,110.0,100,31.5
2024-08-13T21:22:00,1723564320,30.0,74.0,30.4,1006.6,29,True,0.0,1.5,3.5,0.4,0.9,223.2,221.6,109.0,76,30.2
2024-08-14T00:20:00,1723575000,26.9,61.0,26.9,1007.4,98,False,10.0,1.0,2.0,0.4,0.6,207.4,206.9,115.0,84,26.9
2024-08-14T02:16:00,1723581960,26.3,66.0,25.4,1009.3,97,False,0.0,1.6,3.8,0.3,0.6,228.1,224.0,119.0,96,25.8
2024-08-14T04:46:00,1723590960,25.2,75.0,24.3,1009.8,97,False,18.0,1.5,3.7,0.4,0.9,211.8,212.0,112.0,81,24.7
2024-08-14T07:05:00,1723599300,26.0,66.0,25.7,1013.8,98,False,241.0,2.0,3.8,0.3,0.9,246.1,242.4,122.0,105,25.8
2024-08-14T09:46:00,1723608960,28.3,63.0,27.8,1009.6,99,False,323.0,1.5,2.8,0.3,0.5,243.1,246.3,123.0,105,28.0
2024-08-14T12:08:00,1723617480,31.3,54.0,31.3,1007.2,99,False,387.0,1.0,2.1,0.3,0.9,199.1,197.5,102.0,83,31.3
2024-08-14T14:26:00,1723625760,33.5,46.0,33.5,1007.9,100,False,351.0,1.2,2.4,0.3,0.8,196.9,198.7,117.0,80,33.5
2024-08-14T16:28:00,1723633080,32.4,59.0,32.0,1010.2,95,False,261.0,2.1,3.4,0.4,0.6,237.1,239.1,106.0,99,32.2
2024-08-14T19:52:00,1723645320,30.4,69.0,30.1,1005.6,98,False,74.0,2.2,2.6,0.4,0.8,234.7,236.8,107.0,108,30.2
2024-08-14T21:22:00,1723650720,29.2,76.0,28.6,1004.0,96,False,3.0,1.8,3.4,0.4,0.9,211.9,210.7,103.0,78,28.9
2024-08-15T00:06:00,1723660560,28.5,72.0,28.4,1007.9,93,False,1.0,1.4,4.1,0.3,1.0,235.6,237.5,112.0,114,28.5
2024-08-15T02:50:00,1723670400,27.2,76.0,27.6,1005.9,96,False,15.0,1.9,4.0,0.3,0.8,231.7,234.3,115.0,113,27.4
2024-08-15T04:39:00,1723676940,26.1,79.0,26.5,1007.8,94,False,18.0,1.7,3.0,0.5,1.1,220.1,224.6,110.0,111,26.3
2024-08-15T07:21:00,1723686660,26.9,74.0,27.9,1009.1,99,False,250.0,2.1,5.0,0.5,0.7,227.1,223.5,126.0,134,27.4
2024-08-15T09:43:00,1723695180,29.7,64.0,29.4,1005.9,100,False,320.0,2.3,4.1,0.4,0.7,251.8,252.8,123.0,133,29.6
2024-08-15T12:37:00,1723705620,32.8,54.0,33.0,1003.2,92,False,391.0,1.8,3.9,0.4,0.6,233.7,229.9,113.0,95,32.9
2024-08-15T14:40:00,1723713000,35.4,48.0,34.7,1008.7,50,True,176.0,1.8,3.9,0.4,0.8,242.9,242.0,121.0,107,35.1
2024-08-15T16:30:00,1723719600,34.1,58.0,33.4,1009.8,97,False,286.0,2.6,3.9,0.5,0.9,229.9,225.7,134.0,140,33.8
2024-08-15T19:27:00,1723730220,31.5,66.0,32.0,1009.0,91,False,64.0,2.5,3.4,0.4,1.2,228.4,229.1,115.0,136,31.8
2024-08-15T21:31:00,1723737660,30.6,74.0,30.4,1003.9,40,True,0.0,2.0,3.5,0.4,1.0,214.9,210.1,121.0,114,30.5
2024-08-16T00:02:00,1723746720,30.3,67.0,30.3,1006.3,91,False,0.0,1.9,3.7,0.4,1.0,242.8,245.3,116.0,117,30.3
2024-08-16T02:53:00,1723756980,28.9,75.0,29.5,1004.6,91,False,0.0,1.4,3.1,0.3,1.0,245.1,248.3,107.0,104,29.2
2024-08-16T04:14:00,1723761840,28.4,63.0,27.8,1009.6,95,False,19.0,1.3,2.7,0.4,0.6,244.4,248.4,105.0,105,28.1
2024-08-16T07:18:00,1723772880,29.6,80.0,28.8,1014.3,100,False,230.0,2.4,3.4,0.3,0.6,226.5,226.7,124.0,121,29.2
2024-08-16T09:19:00,1723780140,31.4,58.0,31.4,1013.5,99,False,297.0,2.2,3.3,0.4,0.9,222.0,225.1,126.0,134,31.4
2024-08-16T12:40:00,1723792200,34.4,48.0,35.0,1007.4,95,False,393.0,1.9,3.2,0.4,0.5,223.5,226.1,118.0,111,34.7
2024-08-16T14:24:00,1723798440,36.6,57.0,37.2,1007.4,19,True,214.0,1.2,3.9,0.5,1.0,207.8,203.5,108.0,98,36.9
2024-08-16T16:03:00,1723804380,35.2,56.0,36.0,1005.6,98,False,287.0,1.7,3.5,0.5,0.8,236.1,238.0,112.0,130,35.6
2024-08-16T19:37:00,1723817220,33.8,66.0,33.3,1002.7,24,True,19.0,2.3,3.9,0.3,0.7,230.7,228.9,117.0,127,33.6
2024-08-16T21:20:00,1723823400,32.6,54.0,32.0,1007.7,92,False,6.0,1.1,3.6,0.4,0.4,222.8,219.8,109.0,89,32.3
2024-08-17T00:09:00,1723833540,26.4,63.0,26.7,1007.6,90,False,3.0,1.1,2.9,0.4,0.9,227.6,227.9,106.0,85,26.5
2024-08-17T02:16:00,1723841160,25.9,79.0,24.9,1007.2,93,False,0.0,1.0,2.9,0.3,0.5,221.3,226.1,112.0,85,25.4
2024-08-17T04:03:00,1723847580,24.6,80.0,24.1,1005.6,96,False,18.0,1.6,2.1,0.4,0.5,199.8,199.0,103.0,80,24.3
2024-08-17T07:57:00,1723861620,25.9,75.0,25.0,1011.1,99,False,250.0,1.5,3.1,0.5,0.7,246.1,241.3,105.0,103,25.4
2024-08-17T09:47:00,1723868220,27.4,59.0,27.9,1006.5,53,True,187.0,1.3,3.5,0.3,0.5,210.6,214.9,122.0,96,27.6
2024-08-17T12:15:00,1723877100,31.1,66.0,30.7,1007.5,24,True,252.0,1.4,2.3,0.4,0.9,224.6,223.9,100.0,79,30.9
2024-08-17T14:19:00,1723884540,33.5,61.0,32.8,1007.1,93,False,334.0,0.8,1.8,0.2,0.6,220.6,217.1,98.0,71,33.1
2024-08-17T16:25:00,1723892100,31.7,65.0,32.0,1007.6,55,True,175.0,1.8,4.2,0.3,0.8,232.1,237.1,110.0,94,31.8
2024-08-17T19:30:00,1723903200,30.0,63.0,29.7,1003.7,26,True,51.0,1.5,3.5,0.4,0.8,212.3,217.0,107.0,101,29.8
2024-08-17T21:36:00,1723910760,28.7,70.0,28.3,1007.9,93,False,16.0,1.7,2.8,0.3,0.7,233.8,236.8,118.0,82,28.5
2024-08-18T00:11:00,1723920060,28.4,68.0,27.5,1006.1,62,True,0.0,2.0,4.9,0.4,1.1,256.5,254.4,116.0,127,28.0
2024-08-18T02:56:00,1723929960,26.7,60.0,27.0,1008.4,94,False,0.0,2.5,4.9,0.5,0.9,229.0,227.1,116.0,134,26.9
2024-08-18T04:56:00,1723937160,26.0,76.0,25.5,1008.7,56,True,17.0,1.7,4.1,0.4,0.6,236.2,232.5,122.0,135,25.8
2024-08-18T07:51:00,1723947660,27.3,60.0,26.5,1009.2,98,False,249.0,1.8,3.5,0.4,0.7,265.5,262.4,120.0,142,26.9
2024-08-18T09:18:00,1723952880,28.7,67.0,29.4,1013.5,95,False,323.0,2.5,4.6,0.5,1.2,252.6,248.6,121.0,140,29.1
2024-08-18T12:36:00,1723964760,32.1,58.0,32.6,1006.7,48,True,241.0,1.4,3.5,0.4,1.0,242.6,241.8,116.0,102,32.4
2024-08-18T14:34:00,1723971840,34.4,59.0,34.7,1010.6,65,True,103.0,1.6,3.6,0.3,0.9,249.8,247.8,126.0,121,34.6
2024-08-18T16:47:00,1723979820,33.5,54.0,33.0,1006.9,60,True,151.0,2.4,4.7,0.4,0.7,228.7,231.8,127.0,137,33.2
2024-08-18T19:55:00,1723991100,31.5,56.0,31.0,1003.8,36,True,50.0,2.3,4.7,0.5,1.0,237.6,235.5,130.0,140,31.3
2024-08-18T21:50:00,1723998000,30.3,58.0,29.6,1006.8,45,True,0.0,1.8,4.2,0.5,0.6,215.2,215.1,118.0,119,29.9
2024-08-19T00:31:00,1724007660,27.6,66.0,27.6,1005.5,97,False,0.0,2.4,3.6,0.5,1.0,231.4,234.8,128.0,126,27.6
2024-08-19T02:25:00,1724014500,27.0,79.0,26.0,1009.7,95,False,14.0,2.1,3.7,0.5,0.7,242.8,244.5,116.0,110,26.5
2024-08-19T04:54:00,1724023440,25.5,84.0,25.3,1012.0,100,False,16.0,2.5,4.0,0.5,1.2,239.3,243.7,130.0,128,25.4
2024-08-19T07:17:00,1724032020,27.0,63.0,26.0,1010.8,95,False,233.0,2.1,3.6,0.4,0.8,234.7,235.8,117.0,134,26.5
2024-08-19T09:38:00,1724040480,28.3,61.0,29.2,1012.3,99,False,314.0,2.4,4.6,0.3,0.8,231.2,233.9,126.0,128,28.7
2024-08-19T12:51:00,1724052060,32.2,52.0,31.8,1009.4,100,False,418.0,1.4,3.6,0.4,1.0,247.3,243.9,116.0,113,32.0
2024-08-19T14:25:00,1724057700,34.1,66.0,34.3,1003.4,95,False,332.0,2.1,3.7,0.4,0.9,226.1,230.0,118.0,116,34.2
2024-08-19T16:15:00,1724064300,33.2,63.0,32.5,1006.8,95,False,280.0,2.1,3.6,0.4,0.8,250.3,253.9,126.0,139,32.9
2024-08-19T19:16:00,1724075160,30.6,72.0,31.3,1003.7,97,False,80.0,2.4,3.8,0.4,0.9,247.3,250.4,135.0,146,30.9
2024-08-19T21:08:00,1724081880,29.9,75.0,29.2,1008.1,95,False,0.0,2.2,3.8,0.4,0.9,230.6,226.2,110.0,106,29.6
2024-08-20T00:06:00,1724092560,29.9,65.0,30.0,1009.4,97,False,0.0,1.6,3.5,0.4,1.0,220.5,220.1,122.0,118,30.0
2024-08-20T02:21:00,1724100660,28.9,70.0,28.8,1010.3,90,False,9.0,2.0,3.9,0.5,0.6,241.9,240.3,113.0,133,28.9
2024-08-20T04:13:00,1724107380,28.2,77.0,27.3,1010.0,94,False,0.0,2.3,4.9,0.4,1.1,257.9,262.5,127.0,132,27.8
2024-08-20T07:49:00,1724120340,28.5,60.0,29.2,1009.0,100,False,260.0,2.4,3.6,0.4,0.9,245.2,245.7,118.0,127,28.9
2024-08-20T09:40:00,1724127000,31.5,67.0,30.6,1008.6,40,True,103.0,2.3,4.8,0.4,0.9,230.6,231.7,132.0,134,31.1
2024-08-20T12:55:00,1724138700,34.4,66.0,34.3,1007.7,97,False,419.0,2.2,3.8,0.5,0.8,207.8,210.3,122.0,102,34.4
2024-08-20T14:54:00,1724145840,36.1,58.0,37.0,1007.8,93,False,357.0,1.5,4.9,0.4,0.8,224.7,225.0,122.0,125,36.6
2024-08-20T16:19:00,1724150940,35.1,65.0,35.4,1004.5,93,False,297.0,2.1,3.7,0.4,0.8,262.5,264.7,127.0,141,35.2
2024-08-20T19:32:00,1724162520,33.5,56.0,33.0,1007.3,13,True,31.0,2.2,4.4,0.5,0.7,237.6,232.9,124.0,154,33.3
2024-08-20T21:43:00,1724170380,31.9,75.0,32.0,1010.4,96,False,0.0,1.7,4.5,0.3,0.8,245.7,249.4,128.0,119,31.9
2024-08-21T00:44:00,1724181240,24.2,72.0,24.8,1008.7,13,True,1.0,1.3,4.4,0.5,0.7,232.3,237.1,119.0,111,24.5
2024-08-21T02:03:00,1724185980,23.8,71.0,23.0,1008.2,50,True,0.0,1.7,3.3,0.5,0.6,253.4,249.0,109.0,120,23.4
2024-08-21T04:38:00,1724195280,22.2,61.0,22.3,1010.8,97,False,17.0,1.9,3.9,0.3,0.7,244.7,240.4,123.0,133,22.3
2024-08-21T07:53:00,1724206980,23.3,71.0,23.4,1008.2,98,False,247.0,2.6,5.5,0.4,0.9,265.9,264.1,125.0,143,23.4
2024-08-21T09:45:00,1724213700,25.2,69.0,25.9,1010.1,99,False,330.0,2.3,3.3,0.4,0.7,241.9,238.6,116.0,135,25.6
2024-08-21T12:28:00,1724223480,29.4,60.0,28.4,1009.9,61,True,130.0,2.3,4.8,0.4,1.1,220.6,224.8,111.0,121,28.9
2024-08-21T14:53:00,1724232180,31.5,55.0,30.7,1005.7,15,True,106.0,2.1,4.2,0.4,0.4,203.6,203.7,111.0,97,31.1
2024-08-21T16:12:00,1724236920,29.4,58.0,30.1,1005.4,24,True,104.0,2.3,4.7,0.4,1.0,260.3,261.5,128.0,152,29.8
2024-08-21T19:44:00,1724249640,27.5,62.0,28.0,1003.9,69,True,38.0,2.4,4.2,0.5,0.7,252.5,248.9,118.0,134,27.8
2024-08-21T21:07:00,1724254620,26.9,60.0,26.0,1008.6,56,True,0.0,2.2,4.0,0.4,0.6,236.7,232.7,121.0,101,26.5
2024-08-22T00:27:00,1724266620,28.2,76.0,28.9,1009.6,26,True,0.0,2.1,4.8,0.5,0.7,255.4,259.7,128.0,135,28.5
2024-08-22T02:41:00,1724274660,27.8,74.0,27.0,1010.1,100,False,11.0,2.3,4.4,0.4,1.0,232.5,233.9,131.0,131,27.4
2024-08-22T04:27:00,1724281020,26.1,66.0,26.5,1010.6,95,False,0.0,2.3,4.2,0.4,1.2,261.6,264.7,118.0,135,26.3
2024-08-22T07:56:00,1724293560,27.8,73.0,27.1,1014.6,95,False,259.0,2.6,4.7,0.4,1.2,239.7,240.0,116.0,136,27.4
2024-08-22T09:17:00,1724298420,29.7,57.0,29.5,1006.2,61,True,208.0,1.9,3.8,0.5,1.3,259.0,259.4,126.0,145,29.6
2024-08-22T12:18:00,1724309280,32.5,52.0,33.4,1006.3,27,True,180.0,2.1,4.5,0.4,0.7,209.4,206.2,116.0,108,32.9
2024-08-22T14:30:00,1724317200,35.5,48.0,34.7,1008.6,95,False,355.0,1.6,3.5,0.4,0.9,246.3,243.5,110.0,103,35.1
2024-08-22T16:09:00,1724323140,33.4,57.0,34.2,1003.8,92,False,281.0,2.1,4.2,0.4,0.7,235.1,238.6,122.0,141,33.8
2024-08-22T19:31:00,1724335260,31.9,52.0,31.7,1005.1,90,False,72.0,2.9,4.0,0.5,1.1,268.4,266.5,124.0,155,31.8
2024-08-22T21:51:00,1724343660,30.2,72.0,30.8,1010.7,27,True,6.0,1.6,3.0,0.5,0.5,236.4,239.9,121.0,106,30.5
2024-08-23T00:57:00,1724354820,29.3,66.0,30.1,1006.1,91,False,0.0,1.7,4.2,0.4,0.9,224.7,223.3,117.0,102,29.7
2024-08-23T02:19:00,1724359740,29.1,59.0,28.1,1007.7,97,False,17.0,2.1,2.6,0.5,0.8,239.1,236.4,118.0,106,28.6
2024-08-23T04:01:00,1724365860,27.7,71.0,27.4,1010.2,99,False,19.0,1.4,3.2,0.5,0.8,227.0,226.7,118.0,106,27.5
2024-08-23T07:42:00,1724379120,28.4,73.0,28.9,1011.8,96,False,250.0,2.0,4.4,0.3,0.8,244.5,245.7,118.0,125,28.6
2024-08-23T09:53:00,1724386980,30.5,69.0,31.1,1008.7,91,False,303.0,1.9,2.9,0.3,0.6,212.1,207.2,116.0,105,30.8
2024-08-23T12:38:00,1724396880,33.8,59.0,34.4,1005.5,99,False,396.0,1.9,2.9,0.5,0.8,212.6,209.0,110.0,101,34.1
2024-08-23T14:21:00,1724403060,36.3,51.0,36.4,1003.4,67,True,101.0,1.9,2.8,0.4,0.7,233.7,238.4,117.0,99,36.3
2024-08-23T16:47:00,1724411820,35.0,47.0,35.1,1005.9,56,True,166.0,1.9,4.8,0.3,1.0,239.0,237.6,129.0,124,35.0
2024-08-23T19:18:00,1724420880,33.2,70.0,32.8,1005.2,97,False,62.0,1.5,3.2,0.5,1.0,225.8,225.6,124.0,117,33.0
2024-08-23T21:00:00,1724427000,31.8,61.0,31.7,1008.0,94,False,16.0,0.9,2.5,0.3,0.8,198.7,197.3,101.0,81,31.7
2024-08-24T00:28:00,1724439480,29.5,70.0,29.2,1009.6,94,False,6.0,2.0,3.2,0.5,0.5,215.6,214.0,113.0,93,29.4
2024-08-24T02:42:00,1724447520,28.4,72.0,28.2,1007.0,68,True,2.0,1.1,2.3,0.3,0.5,201.7,203.7,113.0,75,28.3
2024-08-24T04:20:00,1724453400,27.0,67.0,27.3,1013.8,93,False,0.0,1.7,2.7,0.3,0.7,215.0,212.5,103.0,82,27.2
2024-08-24T07:16:00,1724463960,28.6,67.0,27.9,1012.3,92,False,257.0,1.9,3.6,0.3,0.8,225.6,222.1,104.0,99,28.3
2024-08-24T09:36:00,1724472360,30.9,62.0,30.1,1009.3,58,True,134.0,1.5,2.8,0.4,1.0,214.4,213.4,106.0,101,30.5
2024-08-24T12:31:00,1724482860,33.6,66.0,33.9,1008.9,14,True,158.0,1.3,1.7,0.4,0.3,230.1,231.6,107.0,73,33.8
2024-08-24T14:30:00,1724490000,35.9,44.0,36.0,1008.0,41,True,158.0,0.9,2.9,0.4,0.5,197.5,194.9,105.0,70,36.0
2024-08-24T16:33:00,1724497380,34.3,53.0,35.0,1009.0,22,True,198.0,1.4,3.5,0.3,0.8,204.6,200.3,111.0,97,34.6
2024-08-24T19:25:00,1724507700,32.5,61.0,32.8,1009.5,54,True,36.0,1.9,3.6,0.5,0.6,233.9,234.2,108.0,102,32.7
2024-08-24T21:12:00,1724514120,31.1,74.0,31.5,1009.8,96,False,8.0,1.7,3.3,0.3,0.8,221.6,222.8,105.0,79,31.3
2024-08-25T00:53:00,1724527380,24.5,57.0,24.3,1004.3,99,False,0.0,2.4,2.9,0.4,0.9,252.4,250.0,112.0,117,24.4
2024-08-25T02:48:00,1724534280,23.8,77.0,22.8,1007.0,98,False,0.0,2.3,3.6,0.3,0.5,216.1,219.1,125.0,113,23.3
2024-08-25T04:49:00,1724541540,22.0,76.0,22.3,1008.3,99,False,0.0,2.1,3.9,0.5,0.8,230.0,226.1,118.0,110,22.2
2024-08-25T07:10:00,1724550000,23.8,67.0,22.8,1009.9,94,False,251.0,1.9,4.7,0.5,0.8,222.7,218.5,125.0,132,23.3
2024-08-25T09:06:00,1724556960,25.2,63.0,25.8,1006.9,27,True,142.0,2.6,4.9,0.5,0.8,248.8,251.0,128.0,138,25.5
2024-08-25T12:48:00,1724570280,28.9,67.0,28.7,1005.4,15,True,172.0,1.5,4.2,0.3,0.8,231.1,234.7,120.0,103,28.8
2024-08-25T14:22:00,1724575920,30.9,57.0,31.1,1004.8,62,True,99.0,1.7,2.7,0.5,0.4,204.1,200.3,107.0,96,31.0
2024-08-25T16:59:00,1724585340,29.6,57.0,29.7,1004.1,56,True,192.0,1.7,5.3,0.4,0.9,234.0,232.1,117.0,137,29.7
2024-08-25T19:32:00,1724594520,27.9,54.0,27.5,1007.2,25,True,68.0,2.2,4.7,0.4,0.8,247.7,249.0,123.0,132,27.7
2024-08-25T21:39:00,1724602140,26.0,69.0,26.8,1008.0,25,True,0.0,1.9,4.3,0.4,0.7,245.2,243.9,110.0,118,26.4
2024-08-26T00:32:00,1724612520,28.9,67.0,28.9,1010.9,100,False,0.0,1.8,4.0,0.4,0.8,241.9,241.6,120.0,108,28.9
2024-08-26T02:57:00,1724621220,27.7,80.0,27.9,1005.0,90,False,10.0,1.5,3.2,0.4,1.1,243.9,248.0,123.0,113,27.8
2024-08-26T04:52:00,1724628120,26.7,59.0,26.7,1012.2,91,False,6.0,1.4,4.3,0.5,1.0,211.1,209.0,109.0,111,26.7
2024-08-26T07:48:00,1724638680,27.9,60.0,27.7,1007.0,94,False,266.0,2.1,5.0,0.4,1.2,249.2,249.4,117.0,140,27.8
2024-08-26T09:06:00,1724643360,29.9,77.0,30.0,1008.2,91,False,311.0,2.4,4.0,0.4,0.7,249.6,249.3,119.0,140,30.0
2024-08-26T12:51:00,1724656860,33.0,56.0,33.6,1010.9,92,False,405.0,1.9,3.7,0.4,1.0,230.5,228.2,106.0,105,33.3
2024-08-26T14:57:00,1724664420,35.0,55.0,36.0,1006.3,25,True,177.0,1.8,2.4,0.4,0.8,211.7,209.7,108.0,94,35.5
2024-08-26T16:49:00,1724671140,33.8,68.0,34.5,1005.0,69,True,177.0,2.5,4.1,0.4,0.9,232.5,232.2,114.0,139,34.2
2024-08-26T19:03:00,1724679180,31.8,71.0,32.6,1007.1,93,False,85.0,2.6,4.4,0.4,0.8,240.1,237.1,123.0,139,32.2
2024-08-26T21:26:00,1724687760,30.7,66.0,31.1,1004.1,52,True,17.0,1.3,2.4,0.3,1.0,225.3,224.3,109.0,101,30.9
2024-08-27T00:42:00,1724699520,27.6,68.0,27.4,1006.7,96,False,0.0,1.8,4.7,0.4,0.7,215.3,211.1,119.0,118,27.5
2024-08-27T02:02:00,1724704320,26.0,80.0,26.8,1011.9,98,False,0.0,2.4,3.7,0.5,1.1,231.9,234.8,127.0,119,26.4
2024-08-27T04:55:00,1724714700,25.3,68.0,25.2,1006.6,98,False,0.0,2.1,4.5,0.4,0.9,233.9,233.6,124.0,127,25.3
2024-08-27T07:58:00,1724725680,26.6,67.0,26.2,1011.5,95,False,252.0,2.5,4.2,0.4,0.8,243.1,246.9,121.0,132,26.4
2024-08-27T09:49:00,1724732340,28.5,61.0,28.7,1009.0,95,False,305.0,2.0,3.6,0.4,1.1,230.6,227.6,123.0,137,28.6
2024-08-27T12:46:00,1724742960,32.3,69.0,31.5,1006.0,99,False,413.0,1.9,3.9,0.4,0.5,242.2,243.8,123.0,108,31.9
2024-08-27T14:04:00,1724747640,34.2,58.0,34.0,1007.8,99,False,351.0,1.4,3.0,0.4,0.7,233.8,232.9,126.0,112,34.1
2024-08-27T16:30:00,1724756400,32.4,62.0,33.2,1007.4,96,False,272.0,2.7,3.8,0.4,0.7,258.8,255.6,126.0,140,32.8
2024-08-27T19:16:00,1724766360,30.3,70.0,31.2,1009.8,98,False,95.0,1.9,4.9,0.4,1.2,252.3,252.1,124.0,150,30.8
2024-08-27T21:47:00,1724775420,30.0,72.0,29.0,1003.9,99,False,2.0,1.6,3.4,0.4,0.6,237.6,236.2,108.0,105,29.5
2024-08-28T00:07:00,1724783820,26.1,66.0,26.7,1008.8,33,True,0.0,1.3,3.2,0.3,0.5,217.5,219.2,106.0,94,26.4
2024-08-28T02:04:00,1724790840,25.6,77.0,25.0,1010.2,96,False,0.0,1.5,2.7,0.4,0.6,212.4,213.1,106.0,77,25.3
2024-08-28T04:01:00,1724797860,24.6,65.0,23.7,1012.5,26,True,0.0,1.8,2.3,0.4,0.9,240.0,238.0,116.0,91,24.2
2024-08-28T07:15:00,1724809500,24.9,65.0,25.6,1008.0,92,False,230.0,1.6,3.8,0.5,0.9,229.7,225.6,116.0,108,25.3
2024-08-28T09:48:00,1724818680,27.6,72.0,27.3,1008.4,99,False,314.0,1.3,3.9,0.4,0.6,233.3,228.6,114.0,103,27.5
2024-08-28T12:40:00,1724829000,31.1,67.0,30.4,1007.9,28,True,220.0,1.1,3.3,0.4,0.8,204.9,201.6,110.0,86,30.8
2024-08-28T14:53:00,1724836980,32.5,62.0,33.4,1005.3,48,True,215.0,1.2,2.8,0.4,0.8,221.7,218.6,105.0,73,33.0
2024-08-28T16:10:00,1724841600,31.5,63.0,31.8,1009.9,43,True,108.0,1.2,3.8,0.4,0.5,219.7,215.7,108.0,97,31.7
2024-08-28T19:54:00,1724855040,29.7,55.0,29.6,1006.4,90,False,88.0,1.9,2.5,0.3,0.8,219.5,221.8,107.0,102,29.7
2024-08-28T21:36:00,1724861160,28.4,66.0,28.4,1006.3,66,True,0.0,2.0,3.3,0.3,0.6,229.5,234.4,118.0,88,28.4
2024-08-29T00:26:00,1724871360,25.8,73.0,25.8,1009.0,98,False,0.0,1.8,2.4,0.4,0.9,203.6,205.7,101.0,81,25.8
2024-08-29T02:10:00,1724877600,24.3,79.0,25.0,1008.6,55,True,0.0,1.4,2.9,0.4,0.5,217.7,215.1,101.0,76,24.7
2024-08-29T04:55:00,1724887500,23.4,83.0,23.8,1011.1,40,True,0.0,1.5,2.5,0.3,0.9,203.8,198.9,101.0,81,23.6
2024-08-29T07:14:00,1724895840,24.5,70.0,24.9,1011.6,91,False,250.0,2.0,2.8,0.4,1.0,234.5,235.3,101.0,92,24.7
2024-08-29T09:07:00,1724902620,27.3,59.0,26.5,1011.5,91,False,322.0,1.6,3.2,0.4,1.0,236.2,237.9,120.0,100,26.9
2024-08-29T12:48:00,1724915880,30.4,60.0,29.9,1008.1,57,True,223.0,1.7,1.8,0.3,0.7,195.0,190.8,115.0,71,30.2
2024-08-29T14:30:00,1724922000,32.5,63.0,32.3,1008.7,93,False,331.0,1.7,3.4,0.4,0.7,223.5,226.4,101.0,83,32.4
2024-08-29T16:51:00,1724930460,30.9,51.0,31.3,1008.1,99,False,291.0,1.3,4.3,0.3,0.5,214.6,218.4,109.0,98,31.1
2024-08-29T19:46:00,1724940960,29.1,68.0,29.1,1006.5,93,False,81.0,1.9,2.6,0.5,0.7,238.4,240.7,106.0,107,29.1
2024-08-29T21:36:00,1724947560,28.1,67.0,27.4,1006.5,98,False,0.0,1.5,2.3,0.4,0.6,202.9,207.3,106.0,71,27.8
2024-08-30T00:44:00,1724958840,28.5,68.0,27.6,1009.9,96,False,12.0,1.6,3.7,0.3,0.8,210.0,211.5,105.0,86,28.0
2024-08-30T02:27:00,1724965020,26.6,67.0,27.3,1010.4,95,False,19.0,1.4,2.5,0.4,0.5,232.3,232.0,119.0,96,26.9
2024-08-30T04:48:00,1724973480,26.2,68.0,25.5,1007.6,99,False,15.0,1.8,2.1,0.4,0.9,220.6,221.2,115.0,86,25.8
2024-08-30T07:48:00,1724984280,26.6,61.0,27.3,1010.5,98,False,233.0,1.8,3.7,0.4,0.8,207.4,211.4,108.0,102,26.9
2024-08-30T09:16:00,1724989560,29.3,69.0,29.0,1010.9,96,False,322.0,1.9,3.5,0.3,0.8,226.9,228.2,105.0,96,29.1
2024-08-30T12:56:00,1725002760,32.0,58.0,32.9,1008.6,97,False,396.0,1.6,2.7,0.4,0.4,228.1,232.8,109.0,80,32.4
2024-08-30T14:09:00,1725007140,34.3,65.0,35.0,1005.8,100,False,344.0,1.5,2.2,0.4,0.5,207.8,206.4,119.0,86,34.6
2024-08-30T16:07:00,1725014220,33.0,56.0,33.6,1005.1,97,False,261.0,1.4,3.9,0.4,0.7,220.8,218.2,110.0,100,33.3
2024-08-30T19:34:00,1725026640,31.3,68.0,31.4,1005.6,100,False,90.0,2.3,3.6,0.3,1.0,220.2,215.3,121.0,112,31.3
2024-08-30T21:31:00,1725033660,30.2,77.0,29.8,1003.6,100,False,8.0,1.0,2.5,0.4,0.6,231.9,227.0,102.0,75,30.0
2024-08-31T00:28:00,1725044280,26.1,71.0,26.2,1007.8,99,False,0.0,2.0,4.0,0.4,1.0,230.4,229.2,129.0,122,26.1
2024-08-31T02:45:00,1725052500,24.7,58.0,25.4,1007.3,37,True,8.0,2.0,4.4,0.4,0.6,234.8,233.5,117.0,122,25.0
2024-08-31T04:47:00,1725059820,24.1,75.0,23.8,1008.8,90,False,0.0,1.9,3.1,0.4,1.1,221.6,223.9,112.0,116,23.9
2024-08-31T07:22:00,1725069120,24.9,78.0,25.2,1010.1,93,False,241.0,1.9,4.1,0.4,0.8,255.3,256.3,111.0,125,25.0
2024-08-31T09:55:00,1725078300,27.7,62.0,26.8,1009.9,67,True,137.0,1.6,3.5,0.4,1.0,233.2,236.1,118.0,129,27.2
2024-08-31T12:51:00,1725088860,30.6,64.0,30.5,1009.1,46,True,265.0,1.7,3.7,0.4,0.9,241.0,239.1,119.0,109,30.5
2024-08-31T14:14:00,1725093840,32.4,55.0,33.1,1007.7,13,True,125.0,1.5,4.1,0.5,0.6,241.4,242.0,121.0,115,32.7
2024-08-31T16:30:00,1725102000,31.8,56.0,31.0,1009.9,32,True,198.0,1.8,4.0,0.5,1.1,258.2,260.1,129.0,137,31.4
2024-08-31T19:28:00,1725112680,29.6,59.0,29.3,1005.4,99,False,79.0,1.7,3.4,0.3,0.9,229.1,231.0,113.0,132,29.4
2024-08-31T21:21:00,1725119460,27.9,67.0,28.4,1002.6,11,True,16.0,2.3,3.5,0.4,0.5,228.5,229.1,109.0,112,28.1
2024-09-01T00:35:00,1725131100,24.3,72.0,23.5,1006.8,65,True,0.0,2.5,3.6,0.5,0.8,242.0,245.4,127.0,131,23.9
2024-09-01T02:23:00,1725137580,22.4,59.0,23.0,1005.9,98,False,19.0,2.0,4.2,0.6,1.2,262.9,261.4,122.0,151,22.7
2024-09-01T04:59:00,1725146940,21.3,67.0,21.7,1009.5,100,False,6.0,2.9,5.3,0.4,1.0,245.6,244.9,133.0,158,21.5
2024-09-01T07:44:00,1725156840,22.6,81.0,22.8,1006.8,98,False,233.0,2.1,5.2,0.5,1.3,268.8,270.5,127.0,159,22.7
2024-09-01T09:40:00,1725163800,25.2,59.0,25.0,1010.6,23,True,165.0,2.2,5.9,0.4,1.0,253.5,250.0,131.0,161,25.1
2024-09-01T12:48:00,1725175080,28.6,65.0,28.8,1009.4,11,True,171.0,1.8,5.0,0.4,1.0,245.7,250.0,126.0,128,28.7
2024-09-01T14:17:00,1725180420,31.2,57.0,31.0,1004.7,92,False,358.0,2.0,3.9,0.4,0.7,257.1,253.9,134.0,140,31.1
2024-09-01T16:54:00,1725189840,29.9,61.0,29.4,1010.0,17,True,158.0,2.3,4.9,0.6,0.9,254.2,254.8,130.0,178,29.7
2024-09-01T19:54:00,1725200640,27.1,62.0,27.9,1005.8,55,True,13.0,3.1,4.8,0.5,1.2,259.7,255.8,136.0,173,27.5
2024-09-01T21:51:00,1725207660,26.2,77.0,25.9,1002.9,33,True,0.0,2.7,3.8,0.4,1.2,247.1,242.5,129.0,138,26.1
2024-09-02T00:58:00,1725218880,26.7,67.0,27.1,1008.7,90,False,0.0,2.6,5.8,0.4,1.2,271.2,266.8,125.0,155,26.9
2024-09-02T02:13:00,1725223380,25.4,78.0,26.1,1005.7,17,True,0.0,2.1,5.2,0.4,1.2,241.6,237.5,127.0,139,25.7
2024-09-02T04:01:00,1725229860,24.5,70.0,24.5,1007.1,97,False,4.0,2.5,3.8,0.5,1.0,231.1,233.4,126.0,138,24.5
2024-09-02T07:53:00,1725243780,25.4,70.0,26.1,1008.2,17,True,174.0,2.3,5.7,0.5,1.3,257.7,262.6,139.0,172,25.7
2024-09-02T09:55:00,1725251100,28.1,58.0,28.2,1009.1,94,False,309.0,2.7,5.7,0.6,1.1,277.8,281.9,144.0,187,28.1
2024-09-02T12:02:00,1725258720,31.5,62.0,31.9,1007.7,94,False,411.0,2.1,5.1,0.4,1.1,251.6,248.1,132.0,137,31.7
2024-09-02T14:08:00,1725266280,34.1,52.0,34.1,1006.5,20,True,153.0,2.8,3.7,0.4,1.1,240.2,244.6,127.0,148,34.1
2024-09-02T16:51:00,1725276060,33.0,59.0,32.3,1003.5,55,True,153.0,3.2,5.2,0.5,0.9,271.6,271.0,134.0,182,32.7
2024-09-02T19:05:00,1725284100,30.6,62.0,30.4,1006.9,58,True,31.0,2.6,4.3,0.5,1.4,242.0,242.8,131.0,172,30.5
2024-09-02T21:53:00,1725294180,29.4,74.0,28.7,1004.3,17,True,4.0,1.8,4.9,0.4,1.0,227.1,230.6,119.0,131,29.1
2024-09-03T00:31:00,1725303660,23.3,72.0,22.7,1006.6,97,False,0.0,1.6,3.8,0.4,0.8,230.9,227.2,120.0,114,23.0
2024-09-03T02:37:00,1725311220,22.0,64.0,21.6,1010.0,91,False,20.0,2.4,4.2,0.5,1.0,224.8,226.0,112.0,116,21.8
2024-09-03T04:57:00,1725319620,20.3,72.0,20.9,1013.9,91,False,0.0,1.4,3.5,0.5,0.5,245.7,247.1,115.0,109,20.6
2024-09-03T07:04:00,1725327240,22.1,80.0,21.5,1007.7,29,True,130.0,1.5,3.1,0.4,0.8,218.1,213.4,110.0,123,21.8
2024-09-03T09:49:00,1725337140,24.7,71.0,23.8,1008.6,90,False,330.0,1.9,4.5,0.4,0.9,232.8,230.9,117.0,131,24.2
2024-09-03T12:36:00,1725347160,27.8,56.0,27.9,1006.5,38,True,226.0,1.6,3.4,0.4,0.6,218.0,220.6,111.0,101,27.8
2024-09-03T14:35:00,1725354300,30.3,45.0,30.1,1008.6,37,True,222.0,1.5,4.8,0.5,1.1,237.3,233.8,125.0,118,30.2
2024-09-03T16:52:00,1725362520,28.4,66.0,29.1,1005.8,97,False,287.0,2.7,3.6,0.5,1.0,236.8,232.4,134.0,142,28.8
2024-09-03T19:17:00,1725371220,26.8,67.0,26.4,1005.8,90,False,75.0,1.8,3.9,0.5,0.9,224.4,226.9,114.0,131,26.6
2024-09-03T21:03:00,1725377580,24.8,56.0,25.5,1004.3,69,True,13.0,1.6,4.1,0.4,0.9,217.1,219.6,107.0,112,25.2
2024-09-04T00:31:00,1725390060,26.5,71.0,25.8,1004.5,13,True,8.0,2.1,3.8,0.4,1.1,227.0,227.9,109.0,112,26.1
2024-09-04T02:10:00,1725396000,24.8,63.0,25.0,1012.4,95,False,0.0,2.1,2.8,0.4,0.6,242.4,241.5,105.0,103,24.9
2024-09-04T04:08:00,1725403080,24.0,64.0,23.4,1005.4,100,False,0.0,1.6,4.1,0.3,0.4,227.8,223.7,107.0,96,23.7
2024-09-04T07:18:00,1725414480,25.0,66.0,24.9,1009.4,94,False,257.0,2.1,3.7,0.4,0.7,220.7,220.0,121.0,125,24.9
2024-09-04T09:56:00,1725423960,27.2,75.0,27.4,1009.7,23,True,225.0,1.6,4.5,0.4,1.1,254.4,258.3,111.0,122,27.3
2024-09-04T12:06:00,1725431760,30.6,72.0,31.3,1008.4,98,False,402.0,1.6,3.5,0.3,1.0,228.4,225.1,116.0,106,30.9
2024-09-04T14:13:00,1725439380,33.7,69.0,33.0,1007.4,36,True,160.0,1.1,3.5,0.3,0.5,206.7,201.9,118.0,91,33.3
2024-09-04T16:00:00,1725445800,32.3,59.0,31.5,1007.5,99,False,292.0,2.4,3.9,0.5,1.2,245.1,243.0,118.0,124,31.9
2024-09-04T19:50:00,1725459600,30.2,57.0,29.3,1007.6,14,True,56.0,2.3,3.3,0.4,0.8,234.5,234.0,126.0,116,29.7
2024-09-04T21:28:00,1725465480,28.7,62.0,27.9,1008.0,35,True,16.0,1.5,3.0,0.4,0.8,231.1,234.4,105.0,88,28.3
2024-09-05T00:26:00,1725476160,23.0,69.0,23.5,1009.9,70,True,14.0,2.2,5.0,0.6,0.7,241.5,245.9,130.0,146,23.2
2024-09-05T02:04:00,1725482040,22.0,67.0,22.1,1008.4,46,True,16.0,1.9,3.9,0.4,0.9,236.0,236.8,133.0,153,22.0
2024-09-05T04:53:00,1725492180,20.9,80.0,20.7,1009.6,47,True,17.0,2.6,4.3,0.4,0.9,246.3,248.2,129.0,144,20.8
2024-09-05T07:53:00,1725502980,21.9,73.0,22.1,1013.2,44,True,81.0,2.4,4.5,0.5,0.9,249.2,247.3,135.0,157,22.0
2024-09-05T09:37:00,1725509220,24.8,78.0,24.0,1010.1,91,False,309.0,2.6,4.5,0.4,1.0,243.7,239.4,131.0,166,24.4
2024-09-05T12:31:00,1725519660,27.9,52.0,28.1,1007.7,91,False,382.0,1.5,3.9,0.4,1.0,221.2,221.2,123.0,126,28.0
2024-09-05T14:04:00,1725525240,30.6,60.0,30.2,1006.6,99,False,357.0,1.6,4.2,0.5,0.7,247.9,248.1,111.0,123,30.4
2024-09-05T16:18:00,1725533280,29.3,62.0,28.6,1009.2,97,False,292.0,2.1,5.8,0.5,0.8,254.8,257.4,131.0,166,29.0
2024-09-05T19:49:00,1725545940,27.3,65.0,26.4,1007.2,48,True,17.0,2.5,5.0,0.6,1.3,255.2,259.9,127.0,165,26.8
2024-09-05T21:56:00,1725553560,25.5,60.0,25.2,1007.8,92,False,0.0,2.1,4.8,0.5,0.8,255.6,258.6,127.0,140,25.4
2024-09-06T00:04:00,1725561240,27.9,69.0,28.4,1009.2,99,False,7.0,1.9,4.4,0.4,1.3,269.6,266.7,131.0,150,28.1
2024-09-06T02:37:00,1725570420,27.1,75.0,26.8,1009.2,91,False,0.0,2.7,5.1,0.4,1.2,264.0,263.0,125.0,144,26.9
2024-09-06T04:36:00,1725577560,25.4,83.0,26.1,1010.1,97,False,16.0,1.9,4.7,0.4,1.2,238.0,235.5,121.0,138,25.7
2024-09-06T07:23:00,1725587580,27.3,64.0,26.6,1011.2,96,False,254.0,3.0,4.7,0.4,1.2,268.1,272.8,125.0,170,26.9
2024-09-06T09:35:00,1725595500,29.7,72.0,29.0,1010.9,30,True,180.0,2.0,5.5,0.5,1.0,234.1,234.5,119.0,156,29.3
2024-09-06T12:42:00,1725606720,33.1,56.0,32.7,1010.6,42,True,152.0,2.3,3.5,0.3,1.1,229.9,234.5,111.0,120,32.9
2024-09-06T14:03:00,1725611580,34.9,57.0,35.8,1005.7,16,True,180.0,1.4,4.1,0.4,1.0,242.2,242.2,127.0,116,35.3
2024-09-06T16:15:00,1725619500,34.4,57.0,33.4,1003.3,95,False,292.0,2.5,5.8,0.6,0.9,275.3,276.5,136.0,163,33.9
2024-09-06T19:27:00,1725631020,32.0,58.0,31.4,1006.4,13,True,23.0,2.7,5.7,0.4,0.9,259.5,262.8,131.0,165,31.7
2024-09-06T21:35:00,1725638700,30.3,61.0,30.3,1006.8,98,False,0.0,1.8,4.1,0.4,0.9,227.7,225.8,118.0,133,30.3
2024-09-07T00:59:00,1725650940,28.2,65.0,27.2,1004.3,90,False,0.0,1.9,5.2,0.5,0.8,242.2,238.8,129.0,137,27.7
2024-09-07T02:41:00,1725657060,26.9,78.0,26.1,1009.7,100,False,0.0,1.6,3.0,0.4,1.1,252.9,250.1,125.0,125,26.5
2024-09-07T04:50:00,1725664800,25.1,83.0,25.5,1010.1,94,False,5.0,2.3,4.9,0.5,0.9,226.7,224.1,130.0,137,25.3
2024-09-07T07:58:00,1725676080,26.5,72.0,26.5,1009.9,100,False,244.0,2.0,4.0,0.5,1.1,236.7,235.9,122.0,136,26.5
2024-09-07T09:43:00,1725682380,28.6,69.0,29.2,1011.2,94,False,300.0,2.3,5.1,0.4,0.7,230.1,233.9,121.0,148,28.9
2024-09-07T12:11:00,1725691260,32.0,63.0,33.0,1005.2,46,True,178.0,1.8,4.1,0.4,0.7,215.1,211.8,127.0,114,32.5
2024-09-07T14:54:00,1725701040,34.9,47.0,34.9,1009.3,92,False,345.0,1.6,3.3,0.3,1.0,241.4,244.6,112.0,127,34.9
2024-09-07T16:51:00,1725708060,33.9,50.0,33.0,1004.2,57,True,139.0,2.4,4.5,0.5,0.9,256.5,260.6,130.0,153,33.5
2024-09-07T19:00:00,1725715800,30.9,58.0,31.7,1002.8,28,True,34.0,2.2,5.5,0.5,1.1,269.0,273.4,123.0,158,31.3
2024-09-07T21:41:00,1725725460,30.1,76.0,29.7,1006.8,93,False,0.0,1.9,4.0,0.5,0.7,237.5,234.0,125.0,131,29.9
2024-09-08T00:54:00,1725737040,23.4,72.0,24.0,1004.6,95,False,4.0,2.4,4.0,0.5,0.8,240.2,238.7,131.0,143,23.7
2024-09-08T02:52:00,1725744120,22.0,65.0,23.0,1009.0,96,False,0.0,2.7,5.1,0.4,0.9,264.9,262.7,119.0,151,22.5
2024-09-08T04:21:00,1725749460,21.0,71.0,21.6,1012.6,95,False,7.0,2.2,4.0,0.4,1.2,240.4,241.1,117.0,152,21.3
2024-09-08T07:55:00,1725762300,22.8,65.0,22.2,1012.2,97,False,232.0,2.3,3.9,0.5,0.7,254.5,251.5,125.0,155,22.5
2024-09-08T09:50:00,1725769200,25.2,61.0,24.6,1008.2,98,False,315.0,2.7,4.9,0.5,1.2,264.7,262.4,134.0,165,24.9
2024-09-08T12:47:00,1725779820,28.2,64.0,28.9,1008.6,100,False,399.0,2.2,3.7,0.4,0.6,225.0,226.7,114.0,117,28.5
2024-09-08T14:36:00,1725786360,30.8,51.0,31.0,1006.6,98,False,335.0,2.4,4.0,0.4,1.1,225.8,222.9,125.0,128,30.9
2024-09-08T16:05:00,1725791700,29.5,66.0,29.4,1003.0,95,False,273.0,2.7,4.3,0.5,1.4,259.5,257.9,125.0,171,29.5
2024-09-08T19:46:00,1725804960,27.6,58.0,27.0,1003.9,96,False,58.0,3.0,5.8,0.5,0.9,269.2,269.9,134.0,168,27.3
2024-09-08T21:44:00,1725812040,25.4,67.0,26.4,1008.7,96,False,6.0,1.8,4.8,0.5,1.2,230.4,226.3,119.0,144,25.9
2024-09-09T00:27:00,1725821820,23.7,78.0,23.5,1008.2,99,False,0.0,2.1,3.4,0.5,1.1,245.8,249.7,117.0,138,23.6
2024-09-09T02:20:00,1725828600,22.1,74.0,22.7,1012.2,95,False,11.0,2.2,3.5,0.5,1.1,251.9,253.1,125.0,123,22.4
2024-09-09T04:16:00,1725835560,21.7,80.0,20.7,1011.6,95,False,0.0,1.7,4.2,0.4,0.9,237.1,241.2,114.0,136,21.2
2024-09-09T07:04:00,1725845640,22.1,77.0,22.8,1010.7,97,False,257.0,1.9,5.4,0.4,1.1,236.1,231.5,133.0,152,22.4
2024-09-09T09:18:00,1725853680,25.2,68.0,24.5,1012.0,95,False,310.0,2.3,4.2,0.5,1.0,250.8,249.4,116.0,146,24.8
2024-09-09T12:25:00,1725864900,28.4,65.0,28.5,1007.8,95,False,413.0,2.3,4.3,0.4,0.8,235.4,231.0,128.0,133,28.4
2024-09-09T14:37:00,1725872820,31.2,57.0,30.5,1004.9,97,False,330.0,2.2,4.4,0.4,1.0,244.9,240.3,119.0,119,30.8
2024-09-09T16:59:00,1725881340,29.9,73.0,28.9,1006.1,96,False,289.0,2.5,3.9,0.6,1.1,241.4,242.1,132.0,155,29.4
2024-09-09T19:39:00,1725890940,27.2,68.0,27.3,1004.9,98,False,92.0,2.4,4.2,0.5,1.0,266.6,264.3,126.0,152,27.2
2024-09-09T21:51:00,1725898860,25.4,65.0,26.2,1009.6,99,False,3.0,2.5,3.2,0.5,0.6,221.5,220.6,113.0,126,25.8
2024-09-10T00:25:00,1725908100,25.7,69.0,25.3,1010.9,94,False,14.0,2.2,4.0,0.4,1.1,257.8,253.0,133.0,146,25.5
2024-09-10T02:11:00,1725914460,24.3,81.0,24.4,1009.8,51,True,0.0,2.5,4.6,0.6,1.3,245.9,250.1,121.0,156,24.3
2024-09-10T04:51:00,1725924060,23.4,78.0,22.9,1011.0,90,False,2.0,2.3,4.8,0.5,0.9,243.7,239.6,127.0,145,23.1
2024-09-10T07:55:00,1725935100,24.2,81.0,24.5,1008.2,95,False,240.0,2.4,5.8,0.6,0.8,247.3,251.8,136.0,170,24.3
2024-09-10T09:02:00,1725939120,26.6,62.0,26.9,1011.1,90,False,300.0,2.6,5.1,0.5,0.9,247.9,247.0,127.0,162,26.7
2024-09-10T12:52:00,1725952920,30.5,67.0,30.2,1008.9,93,False,396.0,1.9,4.8,0.3,0.6,253.9,254.7,120.0,128,30.3
2024-09-10T14:58:00,1725960480,32.4,54.0,33.1,1007.1,29,True,112.0,2.0,4.5,0.5,1.2,228.9,231.6,125.0,145,32.7
2024-09-10T16:54:00,1725967440,31.5,55.0,31.1,1008.5,32,True,94.0,2.7,4.5,0.5,1.3,255.8,260.4,130.0,175,31.3
2024-09-10T19:09:00,1725975540,28.8,68.0,29.5,1007.8,100,False,59.0,3.0,4.9,0.5,1.3,248.6,252.1,126.0,169,29.1
2024-09-10T21:47:00,1725985020,27.9,69.0,27.5,1008.0,52,True,5.0,1.9,4.2,0.5,0.8,233.3,234.7,118.0,152,27.7
2024-09-11T00:38:00,1725995280,27.6,81.0,27.6,1008.5,95,False,4.0,2.1,3.9,0.5,0.9,230.1,227.3,111.0,113,27.6
2024-09-11T02:04:00,1726000440,26.2,68.0,26.6,1010.6,58,True,0.0,2.0,4.0,0.4,0.7,212.4,216.9,108.0,102,26.4
2024-09-11T04:07:00,1726007820,25.1,70.0,25.3,1010.2,99,False,0.0,1.4,2.4,0.5,1.0,221.8,217.6,119.0,99,25.2
2024-09-11T07:12:00,1726018920,26.4,67.0,26.4,1010.9,95,False,230.0,2.1,3.9,0.5,0.7,230.7,232.0,119.0,119,26.4
2024-09-11T09:58:00,1726028880,28.3,66.0,29.3,1012.2,90,False,296.0,1.9,3.3,0.5,0.8,227.1,228.6,124.0,115,28.8
2024-09-11T12:42:00,1726038720,32.1,60.0,32.7,1007.2,46,True,144.0,2.2,3.3,0.4,0.6,226.7,223.7,106.0,102,32.4
2024-09-11T14:33:00,1726045380,34.6,60.0,35.1,1007.2,96,False,341.0,1.9,3.0,0.3,1.0,236.8,236.9,119.0,98,34.8
2024-09-11T16:37:00,1726052820,33.6,60.0,33.2,1006.7,22,True,205.0,1.5,3.1,0.4,1.0,221.2,220.8,118.0,125,33.4
2024-09-11T19:21:00,1726062660,31.5,66.0,31.0,1002.8,49,True,42.0,1.6,3.3,0.4,0.8,231.6,227.7,110.0,124,31.2
2024-09-11T21:52:00,1726071720,29.6,67.0,29.9,1005.1,94,False,0.0,1.4,2.9,0.5,0.7,207.2,204.0,108.0,93,29.8
2024-09-12T00:35:00,1726081500,26.4,62.0,26.0,1010.3,94,False,4.0,1.9,3.6,0.3,0.6,253.4,258.3,120.0,125,26.2
2024-09-12T02:27:00,1726088220,25.3,73.0,24.7,1011.3,55,True,0.0,1.6,3.8,0.5,0.8,239.0,242.7,119.0,127,25.0
2024-09-12T04:20:00,1726095000,23.9,70.0,23.7,1011.1,100,False,10.0,2.5,4.9,0.4,1.0,234.0,231.2,111.0,127,23.8
2024-09-12T07:45:00,1726107300,25.1,75.0,24.9,1006.6,23,True,136.0,2.4,5.4,0.5,1.3,273.1,271.0,130.0,162,25.0
2024-09-12T09:07:00,1726112220,27.7,58.0,27.1,1006.5,97,False,326.0,2.7,5.3,0.5,1.2,242.4,242.1,128.0,159,27.4
2024-09-12T12:55:00,1726125900,30.6,70.0,31.4,1004.6,23,True,273.0,2.3,3.8,0.4,0.7,229.3,227.1,116.0,128,31.0
2024-09-12T14:20:00,1726131000,33.3,63.0,33.5,1003.4,93,False,356.0,1.7,3.9,0.5,0.9,216.7,221.4,109.0,119,33.4
2024-09-12T16:25:00,1726138500,31.6,57.0,32.3,1003.9,27,True,86.0,2.7,5.2,0.5,1.2,275.0,273.5,131.0,160,32.0
2024-09-12T19:38:00,1726150080,29.8,54.0,29.8,1006.4,57,True,30.0,2.7,4.7,0.6,1.0,245.8,244.4,129.0,162,29.8
2024-09-12T21:36:00,1726157160,28.5,66.0,28.2,1004.5,32,True,2.0,1.9,3.9,0.5,0.7,242.3,243.0,122.0,132,28.4
2024-09-13T00:09:00,1726166340,26.2,67.0,27.2,1005.4,97,False,19.0,1.9,2.7,0.4,0.8,241.5,236.7,111.0,110,26.7
2024-09-13T02:50:00,1726176000,25.2,71.0,25.8,1012.0,96,False,16.0,2.5,4.6,0.4,1.0,224.7,222.8,128.0,127,25.5
2024-09-13T04:58:00,1726183680,24.2,80.0,24.4,1006.2,90,False,11.0,1.9,4.4,0.4,0.8,243.4,245.1,113.0,112,24.3
2024-09-13T07:22:00,1726192320,25.6,65.0,25.4,1008.3,99,False,270.0,2.5,4.7,0.4,1.1,256.1,261.0,127.0,149,25.5
2024-09-13T09:41:00,1726200660,27.6,58.0,28.2,1008.6,61,True,118.0,2.1,4.6,0.4,1.0,221.7,218.4,121.0,125,27.9
2024-09-13T12:09:00,1726209540,31.4,67.0,31.6,1006.0,99,False,407.0,2.3,3.2,0.4,0.6,226.9,223.0,115.0,123,31.5
2024-09-13T14:32:00,1726218120,34.3,58.0,33.5,1010.0,66,True,192.0,2.0,2.5,0.4,1.0,239.7,240.7,117.0,101,33.9
2024-09-13T16:52:00,1726226520,32.1,67.0,32.8,1007.2,36,True,122.0,2.1,4.9,0.4,0.8,246.4,249.2,119.0,142,32.5
2024-09-13T19:05:00,1726234500,30.6,60.0,29.9,1007.5,40,True,29.0,2.2,4.5,0.4,1.2,236.5,239.2,131.0,136,30.3
2024-09-13T21:49:00,1726244340,29.0,68.0,28.7,1003.7,56,True,19.0,2.0,2.8,0.3,0.6,218.6,223.5,114.0,100,28.9
2024-09-14T00:28:00,1726253880,23.4,72.0,23.2,1007.7,99,False,0.0,2.0,4.1,0.5,0.9,238.6,234.3,133.0,153,23.3
2024-09-14T02:25:00,1726260900,22.6,64.0,21.6,1008.7,96,False,0.0,2.5,5.0,0.5,1.0,254.5,249.6,127.0,139,22.1
2024-09-14T04:58:00,1726270080,20.5,70.0,21.2,1012.1,95,False,0.0,1.7,4.0,0.4,0.8,230.6,230.8,117.0,139,20.9
2024-09-14T07:45:00,1726280100,22.1,61.0,22.1,1011.8,97,False,245.0,2.6,4.3,0.5,1.0,257.2,254.7,132.0,160,22.1
2024-09-14T09:58:00,1726288080,24.0,63.0,24.9,1011.7,96,False,312.0,2.3,4.8,0.6,1.2,250.9,246.9,129.0,178,24.5
2024-09-14T12:03:00,1726295580,27.9,58.0,28.2,1008.3,97,False,385.0,2.6,3.8,0.4,0.8,225.7,224.6,127.0,138,28.1
2024-09-14T14:11:00,1726303260,30.4,50.0,30.5,1005.9,48,True,234.0,2.2,5.2,0.4,1.1,267.4,270.9,127.0,153,30.5
2024-09-14T16:54:00,1726313040,28.7,63.0,29.4,1004.8,12,True,176.0,2.5,5.5,0.6,1.1,269.6,269.2,142.0,173,29.0
2024-09-14T19:41:00,1726323060,26.6,54.0,27.2,1007.5,37,True,42.0,2.8,4.3,0.5,1.0,253.8,250.7,128.0,170,26.9
2024-09-14T21:42:00,1726330320,25.4,75.0,25.4,1004.9,16,True,0.0,2.7,4.1,0.5,1.2,255.1,260.0,121.0,152,25.4
2024-09-15T00:32:00,1726340520,26.1,78.0,25.7,1008.5,94,False,0.0,2.6,5.0,0.5,0.9,243.6,241.9,129.0,146,25.9
2024-09-15T02:16:00,1726346760,25.1,64.0,24.2,1009.2,99,False,0.0,1.8,4.0,0.4,1.1,258.9,263.5,130.0,133,24.7
2024-09-15T04:08:00,1726353480,23.4,78.0,23.6,1011.2,94,False,17.0,2.2,3.4,0.4,0.8,235.6,236.8,122.0,121,23.5
2024-09-15T07:52:00,1726366920,25.1,67.0,24.2,1009.2,40,True,106.0,2.8,4.0,0.6,0.9,272.8,275.9,135.0,159,24.7
2024-09-15T09:50:00,1726374000,27.0,62.0,27.2,1010.5,92,False,317.0,2.6,4.2,0.5,1.2,254.4,253.0,125.0,161,27.1
2024-09-15T12:57:00,1726385220,30.2,65.0,31.1,1011.1,97,False,397.0,1.8,4.0,0.3,0.7,236.7,235.0,122.0,116,30.7
2024-09-15T14:08:00,1726389480,32.7,59.0,33.4,1004.8,99,False,351.0,1.8,4.7,0.5,0.8,248.2,250.3,120.0,120,33.1
2024-09-15T16:25:00,1726397700,32.1,50.0,31.1,1007.9,12,True,99.0,2.7,4.8,0.5,1.0,258.2,262.8,129.0,160,31.6
2024-09-15T19:45:00,1726409700,29.1,61.0,29.8,1006.2,97,False,83.0,2.6,4.9,0.4,0.8,238.6,238.4,127.0,165,29.5
2024-09-15T21:04:00,1726414440,28.0,58.0,28.0,1007.7,21,True,18.0,2.4,4.2,0.4,0.7,244.0,246.2,127.0,125,28.0
2024-09-16T00:43:00,1726427580,27.1,75.0,27.2,1007.5,92,False,19.0,2.2,4.7,0.5,0.7,246.4,244.4,133.0,149,27.2
2024-09-16T02:25:00,1726433700,26.4,74.0,25.5,1009.8,91,False,0.0,1.9,4.9,0.5,0.7,241.1,240.2,126.0,145,26.0
2024-09-16T04:32:00,1726441320,24.5,80.0,25.0,1012.5,100,False,0.0,1.9,5.1,0.4,1.1,258.7,257.8,130.0,136,24.8
2024-09-16T07:16:00,1726451160,26.3,77.0,25.6,1010.9,94,False,250.0,3.0,5.4,0.6,1.4,257.8,254.2,130.0,180,26.0
2024-09-16T09:48:00,1726460280,28.4,73.0,28.4,1013.8,96,False,321.0,2.5,6.2,0.6,1.0,274.6,274.0,128.0,182,28.4
2024-09-16T12:12:00,1726468920,31.9,54.0,32.0,1010.2,96,False,409.0,2.6,4.4,0.5,0.9,251.7,252.6,127.0,145,32.0
2024-09-16T14:50:00,1726478400,34.0,66.0,34.7,1004.6,50,True,212.0,2.8,3.9,0.4,0.9,254.7,254.6,127.0,151,34.4
2024-09-16T16:15:00,1726483500,33.4,66.0,32.5,1002.2,39,True,122.0,2.6,6.0,0.5,1.1,245.0,243.5,132.0,164,32.9
2024-09-16T19:59:00,1726496940,30.4,69.0,31.1,1007.8,95,False,68.0,2.7,6.2,0.6,1.4,265.5,265.9,139.0,180,30.8
2024-09-16T21:13:00,1726501380,29.6,58.0,29.1,1008.1,21,True,0.0,1.7,5.3,0.5,1.1,244.7,241.4,122.0,138,29.3
2024-09-17T00:23:00,1726512780,25.8,72.0,26.0,1010.4,95,False,0.0,2.1,4.8,0.4,1.0,258.0,257.3,122.0,140,25.9
2024-09-17T02:21:00,1726519860,24.6,75.0,24.8,1007.5,100,False,15.0,2.3,4.9,0.3,0.8,224.5,221.2,122.0,126,24.7
2024-09-17T04:27:00,1726527420,23.8,67.0,23.2,1009.3,97,False,5.0,1.8,4.6,0.5,0.8,233.6,231.4,126.0,124,23.5
2024-09-17T07:00:00,1726536600,24.5,73.0,25.0,1012.9,95,False,268.0,2.8,4.6,0.4,1.3,256.2,260.6,137.0,153,24.7
2024-09-17T09:29:00,1726545540,26.9,79.0,27.3,1011.5,99,False,307.0,2.2,4.4,0.5,1.3,267.0,267.6,126.0,161,27.1
2024-09-17T12:51:00,1726557660,30.9,61.0,30.5,1007.7,96,False,410.0,1.7,4.0,0.3,0.8,231.7,230.4,126.0,117,30.7
2024-09-17T14:56:00,1726565160,32.8,59.0,33.4,1005.3,95,False,347.0,2.2,4.6,0.4,0.9,252.2,251.1,126.0,136,33.1
2024-09-17T16:55:00,1726572300,31.6,64.0,31.8,1002.4,99,False,266.0,2.7,4.6,0.5,0.9,249.3,250.3,130.0,148,31.7
2024-09-17T19:26:00,1726581360,29.8,60.0,29.2,1005.2,96,False,69.0,3.0,4.2,0.5,1.1,273.1,276.8,135.0,162,29.5
2024-09-17T21:00:00,1726587000,27.8,60.0,28.4,1006.6,95,False,0.0,1.9,3.2,0.3,0.8,225.3,223.3,124.0,123,28.1
2024-09-18T00:26:00,1726599360,22.8,58.0,23.3,1008.6,55,True,14.0,2.1,4.5,0.5,1.1,232.3,229.3,112.0,114,23.1
2024-09-18T02:57:00,1726608420,22.1,84.0,21.6,1009.3,97,False,0.0,1.4,4.4,0.5,0.9,247.5,247.4,124.0,109,21.9
2024-09-18T04:22:00,1726613520,20.6,73.0,20.7,1007.1,96,False,10.0,2.3,4.0,0.5,1.0,217.1,220.1,117.0,111,20.7
2024-09-18T07:58:00,1726626480,22.1,68.0,21.6,1008.4,95,False,249.0,1.9,4.9,0.4,1.1,252.6,252.4,125.0,143,21.9
2024-09-18T09:56:00,1726633560,24.1,68.0,24.4,1010.7,12,True,163.0,2.0,5.0,0.4,1.0,226.0,228.6,132.0,138,24.3
2024-09-18T12:43:00,1726643580,28.3,59.0,27.4,1006.2,92,False,391.0,2.0,4.0,0.4,0.9,241.4,238.6,120.0,109,27.9
2024-09-18T14:43:00,1726650780,29.9,50.0,30.7,1007.2,59,True,154.0,1.8,2.5,0.4,1.0,243.4,239.0,122.0,103,30.3
2024-09-18T16:11:00,1726656060,28.6,65.0,29.0,1006.4,30,True,188.0,2.4,4.5,0.5,1.0,253.7,256.2,124.0,142,28.8
2024-09-18T19:23:00,1726667580,26.6,61.0,26.7,1006.4,24,True,21.0,2.2,4.6,0.4,0.8,240.1,240.9,128.0,129,26.7
2024-09-18T21:59:00,1726676940,25.1,54.0,25.4,1007.3,92,False,0.0,1.5,4.1,0.3,0.5,227.0,225.0,121.0,103,25.2
2024-09-19T00:50:00,1726687200,23.4,62.0,23.4,1007.7,95,False,0.0,1.4,4.5,0.3,1.0,240.7,239.0,118.0,113,23.4
2024-09-19T02:50:00,1726694400,22.2,69.0,22.1,1006.1,100,False,9.0,2.2,4.1,0.4,0.8,219.8,214.9,127.0,118,22.2
2024-09-19T04:56:00,1726701960,21.2,80.0,20.7,1010.1,98,False,14.0,2.0,2.6,0.3,0.8,236.5,240.5,114.0,98,21.0
2024-09-19T07:39:00,1726711740,21.7,74.0,22.7,1012.6,96,False,246.0,2.1,3.4,0.3,0.8,248.7,253.6,125.0,125,22.2
2024-09-19T09:20:00,1726717800,24.6,59.0,24.5,1011.0,95,False,326.0,1.4,2.9,0.5,0.8,248.6,251.4,126.0,113,24.6
2024-09-19T12:48:00,1726730280,28.6,56.0,27.7,1007.1,99,False,412.0,1.3,4.1,0.4,0.6,220.7,223.3,121.0,95,28.2
2024-09-19T14:20:00,1726735800,30.7,58.0,30.5,1004.5,95,False,356.0,1.4,3.7,0.3,0.5,239.7,238.4,109.0,90,30.6
2024-09-19T16:29:00,1726743540,29.3,63.0,29.0,1006.0,98,False,297.0,1.9,4.1,0.4,1.0,227.5,232.3,122.0,134,29.1
2024-09-19T19:40:00,1726755000,26.5,67.0,27.4,1007.0,99,False,93.0,1.9,3.0,0.4,0.8,220.1,219.5,123.0,122,27.0
2024-09-19T21:30:00,1726761600,25.4,59.0,25.7,1010.7,98,False,11.0,2.0,2.3,0.3,0.8,232.1,236.2,110.0,97,25.5
2024-09-20T00:01:00,1726770660,23.5,57.0,23.8,1004.3,90,False,5.0,2.5,3.9,0.5,1.0,234.2,238.5,133.0,155,23.6
2024-09-20T02:30:00,1726779600,22.3,72.0,22.5,1008.1,42,True,17.0,2.2,5.5,0.6,1.2,231.6,234.7,118.0,148,22.4
2024-09-20T04:06:00,1726785360,20.9,79.0,21.5,1012.2,92,False,0.0,1.6,4.6,0.5,1.1,241.7,241.4,127.0,135,21.2
2024-09-20T07:52:00,1726798920,22.5,75.0,22.3,1012.8,38,True,173.0,2.6,5.0,0.5,1.0,242.7,246.5,140.0,169,22.4
2024-09-20T09:10:00,1726803600,24.7,64.0,24.9,1010.0,39,True,211.0,2.5,5.0,0.6,1.2,277.5,280.1,123.0,169,24.8
2024-09-20T12:12:00,1726814520,28.1,72.0,28.7,1008.6,92,False,393.0,2.4,2.9,0.4,0.6,221.2,221.1,116.0,121,28.4
2024-09-20T14:11:00,1726821660,30.6,50.0,31.1,1006.9,98,False,346.0,2.5,4.5,0.4,1.1,224.7,225.2,114.0,135,30.8
2024-09-20T16:08:00,1726828680,29.4,70.0,29.4,1003.1,50,True,193.0,3.1,6.2,0.5,1.3,255.5,253.2,138.0,178,29.4
2024-09-20T19:30:00,1726840800,27.6,68.0,26.8,1006.3,36,True,13.0,2.6,5.7,0.5,0.9,277.8,280.4,126.0,181,27.2
2024-09-20T21:20:00,1726847400,25.4,58.0,26.2,1007.5,36,True,0.0,1.8,4.3,0.4,1.2,244.1,241.3,111.0,129,25.8
2024-09-21T00:01:00,1726857060,25.7,76.0,24.8,1007.9,99,False,0.0,1.3,3.4,0.4,0.8,232.7,232.0,112.0,108,25.2
2024-09-21T02:57:00,1726867620,24.3,64.0,23.8,1010.2,95,False,0.0,1.5,4.3,0.5,0.7,246.7,245.8,120.0,122,24.0
2024-09-21T04:20:00,1726872600,23.0,64.0,22.6,1005.5,95,False,2.0,2.1,4.0,0.3,1.0,219.9,223.5,125.0,112,22.8
2024-09-21T07:54:00,1726885440,24.0,73.0,24.0,1006.5,97,False,243.0,1.7,3.8,0.4,0.8,225.1,227.3,118.0,135,24.0
2024-09-21T09:04:00,1726889640,26.5,71.0,26.4,1010.4,97,False,296.0,2.4,4.7,0.4,1.0,234.8,236.0,130.0,139,26.4
2024-09-21T12:54:00,1726903440,29.7,57.0,30.4,1010.1,100,False,409.0,1.5,3.3,0.4,0.9,233.0,230.8,128.0,122,30.0
2024-09-21T14:49:00,1726910340,32.8,62.0,32.1,1007.0,99,False,358.0,2.1,3.5,0.4,0.9,242.0,240.1,116.0,120,32.4
2024-09-21T16:11:00,1726915260,31.1,60.0,30.9,1006.8,96,False,261.0,2.0,4.9,0.4,1.2,262.7,262.4,118.0,148,31.0
2024-09-21T19:25:00,1726926900,28.4,65.0,29.3,1004.8,95,False,60.0,1.9,3.9,0.5,0.9,224.6,224.6,125.0,138,28.8
2024-09-21T21:35:00,1726934700,27.5,71.0,27.3,1006.4,99,False,13.0,1.9,4.1,0.4,0.9,234.1,232.4,114.0,120,27.4
2024-09-22T00:47:00,1726946220,26.8,65.0,26.1,1010.1,45,True,0.0,1.6,3.7,0.4,1.0,235.6,235.1,128.0,118,26.4
2024-09-22T02:36:00,1726952760,25.3,68.0,25.2,1012.4,36,True,0.0,2.5,4.4,0.4,1.1,249.5,247.5,119.0,129,25.2
2024-09-22T04:47:00,1726960620,23.6,71.0,24.5,1011.5,37,True,0.0,2.4,4.1,0.5,0.8,251.2,247.5,122.0,126,24.0
2024-09-22T07:29:00,1726970340,24.8,73.0,25.6,1006.2,98,False,235.0,2.7,3.9,0.5,0.8,245.5,241.0,118.0,156,25.2
2024-09-22T09:37:00,1726978020,27.3,76.0,28.0,1007.4,94,False,323.0,2.0,4.1,0.5,0.9,251.8,254.8,122.0,150,27.6
2024-09-22T12:35:00,1726988700,31.1,49.0,31.3,1009.6,96,False,416.0,2.3,3.9,0.3,0.9,225.0,226.4,115.0,114,31.2
2024-09-22T14:37:00,1726996020,33.7,44.0,33.6,1008.4,99,False,327.0,1.8,4.0,0.5,0.8,243.7,239.7,123.0,110,33.6
2024-09-22T16:42:00,1727003520,32.3,64.0,32.1,1006.4,92,False,263.0,2.1,3.6,0.5,1.0,255.3,256.5,119.0,144,32.2
2024-09-22T19:18:00,1727012880,30.5,60.0,29.6,1004.7,64,True,19.0,2.4,4.7,0.5,1.0,257.2,257.2,115.0,142,30.0
2024-09-22T21:33:00,1727020980,28.7,67.0,28.5,1005.5,93,False,0.0,1.7,2.9,0.4,0.6,228.1,226.6,112.0,117,28.6
2024-09-23T00:20:00,1727031000,25.3,78.0,25.9,1006.9,96,False,0.0,1.7,3.5,0.5,0.8,233.9,233.0,113.0,119,25.6
2024-09-23T02:19:00,1727038140,24.8,83.0,24.0,1009.0,91,False,9.0,2.4,5.1,0.4,0.7,229.4,232.0,124.0,131,24.4
2024-09-23T04:51:00,1727047260,23.1,68.0,23.3,1009.1,91,False,0.0,2.2,3.6,0.4,0.7,254.5,255.7,118.0,124,23.2
2024-09-23T07:48:00,1727057880,24.7,71.0,24.2,1008.1,30,True,99.0,2.6,5.1,0.4,1.2,250.6,250.4,134.0,145,24.4
2024-09-23T09:57:00,1727065620,26.4,76.0,27.2,1011.1,90,False,306.0,1.9,3.9,0.5,1.2,245.5,249.8,115.0,134,26.8
2024-09-23T12:09:00,1727073540,30.7,51.0,30.1,1011.9,95,False,394.0,2.2,4.1,0.4,0.8,215.6,215.1,109.0,119,30.4
2024-09-23T14:04:00,1727080440,33.3,60.0,32.3,1007.3,97,False,342.0,2.2,3.5,0.5,0.6,222.0,220.2,114.0,115,32.8
2024-09-23T16:08:00,1727087880,31.0,59.0,31.7,1007.4,57,True,144.0,1.9,4.4,0.5,1.0,242.7,239.8,135.0,149,31.4
2024-09-23T19:47:00,1727101020,29.6,59.0,28.8,1007.6,90,False,67.0,1.9,5.3,0.5,0.8,254.1,257.9,131.0,138,29.2
2024-09-23T21:22:00,1727106720,28.0,67.0,27.6,1003.5,90,False,1.0,2.2,4.5,0.4,1.1,218.4,218.7,111.0,126,27.8
2024-09-24T00:09:00,1727116740,25.7,72.0,25.2,1011.3,100,False,0.0,1.8,4.3,0.3,1.0,220.9,218.1,113.0,122,25.5
2024-09-24T02:58:00,1727126880,24.3,70.0,24.2,1011.4,34,True,0.0,1.6,3.5,0.4,0.8,228.6,224.1,112.0,123,24.3
2024-09-24T04:11:00,1727131260,23.1,69.0,23.1,1009.6,100,False,0.0,1.9,4.2,0.4,1.1,228.5,233.3,121.0,124,23.1
2024-09-24T07:08:00,1727141880,24.5,66.0,24.1,1005.8,99,False,232.0,2.5,3.9,0.4,1.1,242.3,241.2,123.0,146,24.3
2024-09-24T09:23:00,1727149980,26.8,65.0,26.5,1009.2,92,False,313.0,2.0,4.6,0.4,0.8,255.6,252.6,128.0,142,26.7
2024-09-24T12:52:00,1727162520,30.4,61.0,30.2,1009.2,14,True,244.0,2.0,4.0,0.4,1.0,243.2,238.8,117.0,103,30.3
2024-09-24T14:18:00,1727167680,32.8,63.0,32.5,1008.7,93,False,359.0,1.3,3.0,0.3,0.6,227.2,228.9,125.0,105,32.7
2024-09-24T16:24:00,1727175240,31.1,58.0,31.3,1008.1,60,True,152.0,2.6,4.0,0.4,1.0,248.6,248.5,113.0,132,31.2
2024-09-24T19:37:00,1727186820,29.1,63.0,29.1,1009.3,25,True,52.0,2.5,4.1,0.4,0.6,235.1,236.5,119.0,137,29.1
2024-09-24T21:31:00,1727193660,27.8,60.0,27.4,1008.0,90,False,16.0,2.1,4.3,0.4,1.0,224.4,224.8,112.0,112,27.6
2024-09-25T00:21:00,1727203860,23.0,70.0,23.2,1011.6,16,True,0.0,2.3,4.2,0.5,1.3,243.3,240.7,129.0,163,23.1
2024-09-25T02:17:00,1727210820,22.1,74.0,21.7,1011.1,96,False,0.0,2.5,4.7,0.5,0.9,241.7,240.8,122.0,136,21.9
2024-09-25T04:32:00,1727218920,20.6,78.0,20.8,1009.2,97,False,4.0,1.9,3.9,0.4,1.0,243.8,246.9,116.0,140,20.7
2024-09-25T07:44:00,1727230440,22.3,80.0,21.5,1008.6,31,True,127.0,2.6,4.8,0.5,1.2,253.3,253.4,137.0,168,21.9
2024-09-25T09:25:00,1727236500,24.4,72.0,24.2,1010.2,92,False,319.0,2.9,5.4,0.4,1.0,279.3,277.5,143.0,176,24.3
2024-09-25T12:17:00,1727246820,27.8,67.0,28.0,1006.8,99,False,383.0,2.3,4.4,0.4,1.1,244.9,245.2,129.0,150,27.9
2024-09-25T14:36:00,1727255160,30.2,57.0,30.4,1008.6,52,True,96.0,2.7,5.5,0.5,1.0,244.6,240.8,122.0,154,30.3
2024-09-25T16:52:00,1727263320,28.6,63.0,29.1,1005.7,61,True,100.0,2.8,4.7,0.4,1.1,287.4,289.6,131.0,188,28.9
2024-09-25T19:21:00,1727272260,26.8,61.0,26.6,1006.6,14,True,48.0,3.0,5.0,0.5,1.0,277.2,280.3,140.0,183,26.7
2024-09-25T21:48:00,1727281080,25.0,64.0,25.6,1005.3,90,False,0.0,1.8,4.0,0.5,0.9,257.4,262.4,131.0,145,25.3
2024-09-26T00:32:00,1727290920,24.8,67.0,25.0,1009.1,92,False,0.0,1.8,3.6,0.5,1.1,246.2,251.2,123.0,129,24.9
2024-09-26T02:55:00,1727299500,24.0,71.0,23.5,1008.6,41,True,8.0,2.7,3.7,0.4,1.2,237.6,240.8,129.0,148,23.7
2024-09-26T04:28:00,1727305080,22.6,73.0,22.5,1008.8,100,False,0.0,2.3,3.6,0.4,0.9,241.1,237.3,113.0,125,22.5
2024-09-26T07:52:00,1727317320,24.2,77.0,23.3,1005.4,95,False,263.0,2.4,5.5,0.5,0.9,262.2,264.1,133.0,150,23.7
2024-09-26T09:07:00,1727321820,26.1,75.0,26.2,1008.0,95,False,322.0,2.5,4.7,0.5,1.0,246.7,247.7,134.0,153,26.1
2024-09-26T12:58:00,1727335680,29.9,59.0,29.6,1010.7,90,False,384.0,2.0,4.2,0.5,0.8,221.7,217.7,131.0,130,29.7
2024-09-26T14:43:00,1727341980,31.9,67.0,32.4,1005.8,40,True,202.0,1.9,5.4,0.4,1.1,231.7,233.9,129.0,140,32.1
2024-09-26T16:39:00,1727348940,31.0,57.0,30.4,1009.5,98,False,263.0,2.8,4.0,0.5,1.2,269.0,265.4,124.0,159,30.7
2024-09-26T19:59:00,1727360940,28.2,71.0,28.9,1007.8,100,False,79.0,2.2,6.0,0.4,1.1,263.4,259.5,137.0,163,28.5
2024-09-26T21:49:00,1727367540,27.0,68.0,27.2,1006.5,12,True,0.0,2.4,4.7,0.5,1.2,255.6,253.2,127.0,131,27.1
2024-09-27T00:37:00,1727377620,26.0,60.0,26.1,1009.3,98,False,9.0,1.6,3.8,0.3,0.8,232.5,236.6,130.0,133,26.0
2024-09-27T02:35:00,1727384700,25.0,72.0,24.7,1010.2,97,False,3.0,2.0,4.8,0.4,0.6,255.0,258.0,114.0,122,24.8
2024-09-27T04:58:00,1727393280,23.8,75.0,23.5,1005.6,98,False,0.0,2.3,4.1,0.5,0.7,232.4,235.8,119.0,142,23.6
2024-09-27T07:08:00,1727401080,24.5,64.0,25.2,1013.9,97,False,247.0,2.3,4.4,0.5,0.9,262.1,266.1,133.0,144,24.8
2024-09-27T09:58:00,1727411280,26.8,67.0,27.7,1008.5,100,False,309.0,1.8,4.1,0.5,1.1,232.1,234.7,117.0,145,27.2
2024-09-27T12:19:00,1727419740,30.8,70.0,30.9,1006.0,97,False,407.0,2.3,3.0,0.4,0.8,221.6,220.1,120.0,110,30.8
2024-09-27T14:49:00,1727428740,32.9,51.0,33.6,1004.7,99,False,349.0,1.6,4.7,0.5,1.0,252.4,257.3,114.0,132,33.2
2024-09-27T16:34:00,1727435040,32.0,58.0,31.6,1006.5,97,False,290.0,2.7,4.7,0.5,1.2,265.6,265.3,131.0,159,31.8
2024-09-27T19:11:00,1727444460,29.9,67.0,29.4,1005.1,100,False,83.0,2.4,5.4,0.6,1.0,262.7,260.5,139.0,164,29.6
2024-09-27T21:28:00,1727452680,28.7,72.0,27.7,1010.2,99,False,13.0,2.2,4.0,0.3,1.0,256.8,255.8,124.0,125,28.2
2024-09-28T00:50:00,1727464800,24.0,61.0,24.4,1007.7,99,False,17.0,2.2,3.7,0.4,1.0,239.3,240.6,109.0,111,24.2
2024-09-28T02:52:00,1727472120,23.3,66.0,22.7,1006.4,100,False,18.0,2.1,4.3,0.3,0.9,230.1,227.1,119.0,120,23.0
2024-09-28T04:27:00,1727477820,21.3,81.0,22.3,1008.7,96,False,0.0,2.2,4.7,0.3,0.9,231.4,235.5,112.0,125,21.8
2024-09-28T07:38:00,1727489280,22.8,65.0,23.1,1008.4,96,False,259.0,1.6,4.8,0.3,1.2,242.4,242.9,122.0,136,23.0
2024-09-28T09:00:00,1727494200,25.0,59.0,25.8,1008.3,96,False,303.0,2.6,3.8,0.4,1.2,234.8,238.5,119.0,133,25.4
2024-09-28T12:20:00,1727506200,28.8,66.0,29.1,1007.2,97,False,413.0,2.2,3.6,0.4,1.0,215.0,210.5,119.0,115,29.0
2024-09-28T14:41:00,1727514660,31.6,48.0,31.2,1005.2,98,False,358.0,1.8,2.7,0.4,0.5,223.3,219.9,125.0,107,31.4
2024-09-28T16:05:00,1727519700,30.1,71.0,29.8,1007.0,98,False,295.0,2.5,4.8,0.4,0.9,223.1,219.9,131.0,136,29.9
2024-09-28T19:40:00,1727532600,27.6,61.0,27.9,1005.4,98,False,75.0,2.5,4.3,0.4,1.1,258.8,257.9,134.0,142,27.8
2024-09-28T21:36:00,1727539560,26.6,75.0,26.1,1008.0,96,False,2.0,1.8,3.9,0.4,0.9,228.7,226.6,108.0,102,26.3
2024-09-29T00:02:00,1727548320,27.9,61.0,27.0,1006.0,29,True,18.0,2.3,3.5,0.5,1.2,247.3,250.9,122.0,132,27.4
2024-09-29T02:29:00,1727557140,25.9,77.0,26.6,1008.1,94,False,10.0,2.1,4.3,0.3,0.8,250.4,245.7,115.0,121,26.2
2024-09-29T04:29:00,1727564340,24.8,83.0,25.3,1010.4,94,False,10.0,2.5,4.3,0.4,1.0,228.9,226.8,119.0,141,25.0
2024-09-29T07:51:00,1727576460,26.1,85.0,26.4,1007.6,100,False,256.0,2.3,4.5,0.4,1.0,262.7,258.8,120.0,142,26.2
2024-09-29T09:25:00,1727582100,29.0,78.0,28.3,1010.2,47,True,123.0,1.9,3.8,0.5,0.8,236.3,234.2,124.0,148,28.6
2024-09-29T12:13:00,1727592180,32.1,62.0,32.4,1007.4,98,False,385.0,1.8,3.9,0.4,0.9,240.8,244.7,124.0,117,32.2
2024-09-29T14:10:00,1727599200,35.1,51.0,34.2,1009.0,31,True,207.0,1.8,4.1,0.3,0.7,250.1,252.7,112.0,133,34.6
2024-09-29T16:51:00,1727608860,32.7,58.0,33.7,1002.8,37,True,96.0,2.1,5.6,0.5,1.1,237.1,239.3,128.0,155,33.2
2024-09-29T19:42:00,1727619120,31.1,62.0,31.0,1007.9,28,True,27.0,2.2,5.6,0.5,1.0,256.2,252.6,118.0,150,31.0
2024-09-29T21:38:00,1727626080,30.0,55.0,29.2,1005.2,55,True,13.0,1.9,4.5,0.5,0.8,215.7,211.6,112.0,119,29.6
2024-09-30T00:20:00,1727635800,27.2,68.0,27.1,1006.9,91,False,4.0,2.4,4.9,0.5,0.8,252.8,253.3,136.0,158,27.2
2024-09-30T02:38:00,1727644080,25.5,75.0,26.4,1008.3,100,False,13.0,2.2,4.4,0.5,0.7,241.1,241.1,114.0,135,26.0
2024-09-30T04:08:00,1727649480,24.5,76.0,25.0,1012.3,69,True,18.0,2.4,4.1,0.5,0.9,254.5,258.5,121.0,132,24.8
2024-09-30T07:24:00,1727661240,26.2,69.0,25.7,1008.7,31,True,154.0,3.0,5.7,0.4,0.9,256.1,252.2,134.0,164,26.0
2024-09-30T09:50:00,1727670000,28.3,70.0,28.4,1013.1,37,True,228.0,2.7,4.3,0.5,1.3,246.1,249.5,138.0,167,28.4
2024-09-30T12:24:00,1727679240,31.6,61.0,32.3,1009.1,90,False,390.0,1.7,3.4,0.4,0.9,239.1,243.7,128.0,135,32.0
2024-09-30T14:30:00,1727686800,34.7,53.0,34.1,1007.4,21,True,184.0,2.3,3.6,0.5,0.9,223.6,225.7,122.0,132,34.4
2024-09-30T16:09:00,1727692740,32.8,47.0,33.1,1007.4,92,False,294.0,2.9,5.3,0.4,1.0,254.7,249.9,132.0,167,32.9
2024-09-30T19:54:00,1727706240,30.7,62.0,30.9,1009.7,59,True,53.0,2.6,6.1,0.5,1.2,249.7,250.2,139.0,177,30.8
2024-09-30T21:10:00,1727710800,29.7,62.0,29.0,1006.4,47,True,13.0,2.2,4.6,0.4,0.6,250.5,246.3,127.0,124,29.3
2024-10-01T00:44:00,1727723640,20.5,40.0,21.1,1013.7,98,False,0.0,2.7,6.7,0.6,1.3,269.1,270.7,134.0,208,20.8
2024-10-01T02:19:00,1727729340,19.0,48.0,19.3,1016.0,98,False,0.0,2.6,6.0,0.6,1.3,262.7,258.7,132.0,201,19.2
2024-10-01T04:25:00,1727736900,17.3,50.0,17.9,1011.1,95,False,0.0,2.8,6.2,0.5,1.4,254.5,256.8,140.0,190,17.6
2024-10-01T07:27:00,1727747820,19.2,41.0,19.1,1014.9,96,False,254.0,4.0,8.1,0.6,1.3,289.5,287.8,162.0,254,19.2
2024-10-01T09:02:00,1727753520,22.3,61.0,22.5,1013.8,98,False,294.0,3.4,7.5,0.7,1.3,276.8,278.6,144.0,234,22.4
2024-10-01T12:03:00,1727764380,26.9,48.0,27.5,1013.6,96,False,417.0,2.3,6.3,0.5,1.4,246.1,245.0,127.0,176,27.2
2024-10-01T14:26:00,1727772960,30.1,41.0,30.6,1009.4,98,False,325.0,2.8,6.0,0.6,1.4,270.7,268.5,146.0,205,30.4
2024-10-01T16:50:00,1727781600,28.5,37.0,28.4,1010.1,96,False,298.0,3.4,8.1,0.7,1.6,316.1,319.8,161.0,258,28.5
2024-10-01T19:15:00,1727790300,25.8,48.0,25.4,1011.4,96,False,59.0,3.5,7.5,0.5,1.4,294.6,291.6,150.0,245,25.6
2024-10-01T21:25:00,1727798100,23.2,48.0,24.1,1014.0,99,False,3.0,3.4,5.3,0.4,1.0,255.7,260.0,139.0,196,23.7
2024-10-02T00:10:00,1727808000,21.6,56.0,21.8,1010.8,95,False,0.0,3.3,6.5,0.5,1.0,257.4,253.4,134.0,198,21.7
2024-10-02T02:36:00,1727816760,20.1,47.0,20.1,1015.2,95,False,0.0,3.2,6.1,0.5,1.0,272.0,270.4,145.0,184,20.1
2024-10-02T04:20:00,1727823000,18.4,54.0,18.7,1014.3,97,False,7.0,3.5,5.9,0.5,1.6,287.3,287.8,145.0,206,18.5
2024-10-02T07:47:00,1727835420,19.8,55.0,20.5,1014.6,98,False,252.0,2.7,5.8,0.5,1.5,288.1,283.5,135.0,212,20.1
2024-10-02T09:57:00,1727843220,23.4,43.0,23.2,1013.7,95,False,327.0,2.7,6.4,0.6,1.3,297.4,296.9,140.0,212,23.3
2024-10-02T12:09:00,1727851140,28.6,48.0,27.7,1010.2,100,False,418.0,2.8,6.5,0.6,0.9,284.8,282.4,137.0,182,28.1
2024-10-02T14:49:00,1727860740,31.2,44.0,31.5,1011.9,100,False,350.0,2.7,4.8,0.4,1.1,233.7,232.5,129.0,152,31.3
2024-10-02T16:38:00,1727867280,29.1,34.0,29.7,1012.7,100,False,266.0,3.8,6.7,0.6,1.3,283.6,281.2,143.0,235,29.4
2024-10-02T19:11:00,1727876460,26.8,43.0,26.2,1010.3,99,False,76.0,3.5,7.6,0.6,1.2,297.0,293.1,148.0,224,26.5
2024-10-02T21:23:00,1727884380,24.6,46.0,24.7,1011.8,99,False,17.0,2.8,4.2,0.6,1.3,248.9,247.6,138.0,164,24.6
2024-10-03T00:16:00,1727894760,23.1,48.0,22.5,1011.4,95,False,0.0,3.3,5.5,0.5,0.9,284.3,285.6,136.0,189,22.8
2024-10-03T02:38:00,1727903280,21.3,60.0,21.1,1011.5,99,False,18.0,3.3,4.8,0.5,1.3,287.7,289.3,146.0,192,21.2
2024-10-03T04:56:00,1727911560,19.7,64.0,19.4,1016.8,98,False,0.0,2.7,5.2,0.5,1.2,281.1,280.7,150.0,202,19.6
2024-10-03T07:43:00,1727921580,20.7,47.0,21.7,1011.7,98,False,268.0,3.4,6.9,0.5,1.0,263.5,259.6,134.0,212,21.2
2024-10-03T09:03:00,1727926380,24.3,44.0,24.5,1013.3,95,False,322.0,3.5,7.0,0.6,1.1,261.5,265.8,149.0,207,24.4
2024-10-03T12:31:00,1727938860,29.1,33.0,29.3,1015.9,95,False,382.0,2.2,5.4,0.6,1.2,272.9,271.9,130.0,159,29.2
2024-10-03T14:26:00,1727945760,32.7,33.0,32.1,1010.5,98,False,341.0,2.7,4.5,0.5,1.3,249.8,247.9,136.0,160,32.4
2024-10-03T16:58:00,1727954880,30.4,41.0,30.6,1012.9,97,False,263.0,2.9,6.5,0.5,1.2,299.4,304.1,149.0,213,30.5
2024-10-03T19:16:00,1727963160,27.2,48.0,28.0,1007.8,99,False,89.0,2.7,5.7,0.5,1.2,272.3,276.2,145.0,208,27.6
2024-10-03T21:45:00,1727972100,25.8,35.0,25.5,1012.2,95,False,19.0,3.2,5.7,0.4,1.5,262.8,267.5,136.0,190,25.7
2024-10-04T00:57:00,1727983620,22.3,56.0,23.2,1011.2,97,False,0.0,2.3,5.0,0.4,1.1,269.9,266.9,135.0,157,22.8
2024-10-04T02:20:00,1727988600,21.5,48.0,20.8,1015.1,96,False,0.0,2.8,5.0,0.4,1.0,271.8,275.9,120.0,160,21.2
2024-10-04T04:12:00,1727995320,19.9,57.0,19.2,1010.9,98,False,1.0,2.7,4.8,0.6,0.9,244.3,243.4,143.0,178,19.6
2024-10-04T07:39:00,1728007740,20.7,48.0,21.6,1016.6,95,False,236.0,2.7,5.0,0.5,1.4,283.4,284.9,133.0,191,21.2
2024-10-04T09:49:00,1728015540,24.8,44.0,23.9,1017.3,96,False,308.0,2.9,6.6,0.5,1.2,276.2,279.6,134.0,210,24.4
2024-10-04T12:13:00,1728024180,29.5,52.0,28.8,1010.2,97,False,389.0,2.6,5.3,0.6,1.2,242.8,238.8,130.0,144,29.2
2024-10-04T14:48:00,1728033480,32.4,37.0,32.3,1009.2,100,False,352.0,2.0,3.8,0.4,0.9,227.7,226.6,127.0,141,32.4
2024-10-04T16:09:00,1728038340,30.2,44.0,30.7,1008.7,95,False,286.0,3.0,6.1,0.6,1.3,296.5,300.0,152.0,211,30.4
2024-10-04T19:06:00,1728048960,27.1,41.0,28.0,1013.2,99,False,62.0,2.7,6.7,0.5,1.5,268.7,271.5,140.0,207,27.6
2024-10-04T21:23:00,1728057180,25.8,58.0,25.5,1013.7,100,False,12.0,3.0,5.0,0.6,1.3,261.9,264.9,133.0,174,25.6
2024-10-05T00:36:00,1728068760,21.5,51.0,21.8,1009.7,13,True,5.0,2.2,4.3,0.4,1.1,267.0,270.7,124.0,161,21.7
2024-10-05T02:21:00,1728075060,20.5,48.0,19.6,1016.1,44,True,18.0,3.1,4.2,0.4,1.3,260.1,257.7,138.0,170,20.1
2024-10-05T04:23:00,1728082380,18.6,61.0,18.3,1014.0,95,False,7.0,2.2,5.2,0.5,1.3,260.3,257.4,123.0,160,18.5
2024-10-05T07:39:00,1728094140,19.6,48.0,20.5,1015.1,91,False,232.0,2.7,5.4,0.6,1.0,291.4,292.1,147.0,201,20.1
2024-10-05T09:32:00,1728100920,23.0,55.0,23.5,1016.7,52,True,170.0,2.5,5.8,0.5,1.3,253.0,251.8,131.0,183,23.3
2024-10-05T12:42:00,1728112320,28.4,37.0,27.7,1014.8,98,False,385.0,2.0,4.4,0.5,0.7,266.6,264.6,132.0,153,28.1
2024-10-05T14:08:00,1728117480,31.1,42.0,31.4,1012.2,19,True,172.0,2.3,4.4,0.5,0.8,250.1,245.3,122.0,164,31.3
2024-10-05T16:58:00,1728127680,29.5,44.0,29.2,1012.2,59,True,106.0,3.2,5.9,0.5,1.0,262.8,260.6,148.0,203,29.3
2024-10-05T19:07:00,1728135420,26.8,35.0,26.1,1008.8,23,True,66.0,3.0,6.8,0.5,1.2,267.0,267.6,132.0,192,26.5
2024-10-05T21:27:00,1728143820,24.3,48.0,24.8,1007.6,91,False,2.0,2.6,4.2,0.5,1.3,277.3,273.8,133.0,170,24.5
2024-10-06T00:00:00,1728153000,17.9,54.0,18.6,1012.5,99,False,0.0,3.1,6.1,0.7,1.5,298.8,302.1,154.0,233,18.2
2024-10-06T02:48:00,1728163080,16.2,56.0,17.1,1016.1,99,False,11.0,3.5,6.8,0.7,1.3,302.7,302.5,142.0,216,16.6
2024-10-06T04:49:00,1728170340,14.6,60.0,15.5,1012.7,97,False,0.0,3.9,8.0,0.6,1.8,303.2,302.5,155.0,243,15.0
2024-10-06T07:53:00,1728181380,17.0,48.0,16.3,1012.4,99,False,248.0,3.3,6.7,0.7,1.6,311.3,315.9,160.0,250,16.6
2024-10-06T09:04:00,1728185640,20.0,45.0,19.6,1017.2,96,False,308.0,3.6,8.6,0.7,1.4,298.5,302.0,156.0,275,19.8
2024-10-06T12:02:00,1728196320,24.7,40.0,24.6,1014.3,97,False,409.0,3.5,7.3,0.6,1.1,299.4,296.7,148.0,227,24.6
2024-10-06T14:02:00,1728203520,27.6,31.0,28.1,1012.2,98,False,334.0,3.7,6.2,0.6,1.5,271.2,268.1,154.0,218,27.8
2024-10-06T16:30:00,1728212400,26.0,37.0,25.8,1011.8,99,False,283.0,3.8,9.1,0.6,1.7,297.3,295.3,160.0,283,25.9
2024-10-06T19:11:00,1728222060,23.1,41.0,23.0,1014.7,100,False,68.0,4.3,6.8,0.6,1.4,317.0,316.6,158.0,264,23.0
2024-10-06T21:31:00,1728230460,20.9,35.0,21.3,1011.8,99,False,10.0,3.6,7.3,0.5,1.4,281.8,282.1,146.0,225,21.1
2024-10-07T00:22:00,1728240720,17.7,56.0,18.7,1010.1,93,False,0.0,3.1,6.6,0.7,1.3,305.9,309.1,155.0,231,18.2
2024-10-07T02:22:00,1728247920,17.0,54.0,16.2,1012.4,23,True,0.0,3.4,6.7,0.6,1.3,295.7,296.4,141.0,232,16.6
2024-10-07T04:13:00,1728254580,14.9,60.0,15.0,1013.8,95,False,0.0,3.5,7.5,0.6,1.5,286.8,282.9,144.0,241,15.0
2024-10-07T07:30:00,1728266400,16.6,48.0,16.6,1018.9,98,False,248.0,3.8,7.1,0.6,1.9,297.9,302.9,151.0,268,16.6
2024-10-07T09:03:00,1728271980,19.5,49.0,20.1,1018.4,12,True,218.0,3.5,6.5,0.7,1.6,314.0,313.2,163.0,253,19.8
2024-10-07T12:59:00,1728286140,24.2,37.0,25.0,1011.7,66,True,169.0,3.3,5.7,0.5,1.5,302.1,300.2,152.0,217,24.6
2024-10-07T14:07:00,1728290220,27.9,30.0,27.6,1014.1,40,True,134.0,3.0,5.8,0.5,1.6,265.5,263.9,151.0,220,27.8
2024-10-07T16:37:00,1728299220,26.3,50.0,25.4,1012.1,50,True,145.0,3.4,7.1,0.7,1.5,296.9,299.6,146.0,256,25.9
2024-10-07T19:19:00,1728308940,22.7,55.0,23.3,1009.1,95,False,66.0,3.9,7.7,0.6,1.3,313.8,316.0,154.0,267,23.0
2024-10-07T21:25:00,1728316500,21.3,56.0,20.8,1013.7,99,False,7.0,3.2,6.4,0.5,0.9,276.2,274.7,134.0,183,21.1
2024-10-08T00:19:00,1728326940,23.5,50.0,22.8,1011.4,98,False,0.0,3.1,7.3,0.6,1.3,296.3,291.5,144.0,213,23.1
2024-10-08T02:35:00,1728335100,21.3,48.0,21.8,1016.3,97,False,0.0,3.0,7.3,0.6,1.3,277.0,272.1,144.0,232,21.5
2024-10-08T04:17:00,1728341220,20.2,57.0,19.7,1015.0,97,False,11.0,3.2,6.6,0.5,1.6,295.1,295.0,148.0,242,19.9
2024-10-08T07:35:00,1728353100,21.2,53.0,21.9,1018.9,99,False,255.0,4.0,7.3,0.6,1.4,326.3,328.9,150.0,273,21.5
2024-10-08T09:27:00,1728359820,25.1,48.0,24.4,1015.8,98,False,320.0,3.2,6.3,0.7,1.3,284.6,287.1,154.0,244,24.7
2024-10-08T12:34:00,1728371040,29.2,30.0,29.9,1014.0,97,False,388.0,3.7,7.4,0.5,1.5,274.6,272.8,138.0,224,29.5
2024-10-08T14:59:00,1728379740,33.1,32.0,32.4,1011.9,95,False,323.0,3.3,7.4,0.5,1.3,274.9,275.1,148.0,233,32.7
2024-10-08T16:02:00,1728383520,31.1,34.0,30.6,1013.2,95,False,269.0,4.2,7.9,0.7,1.7,326.5,331.3,162.0,267,30.8
2024-10-08T19:49:00,1728397140,28.0,37.0,27.8,1009.8,99,False,58.0,4.4,8.4,0.7,1.8,315.2,311.3,164.0,281,27.9
2024-10-08T21:32:00,1728403320,26.4,42.0,25.7,1014.5,96,False,4.0,3.2,6.7,0.6,1.3,303.4,300.1,142.0,233,26.0
2024-10-09T00:28:00,1728413880,20.9,51.0,20.9,1010.3,95,False,17.0,2.2,5.5,0.4,0.8,249.0,250.0,131.0,174,20.9
2024-10-09T02:18:00,1728420480,19.5,48.0,19.0,1012.3,95,False,0.0,2.4,4.6,0.5,1.4,274.5,271.8,137.0,185,19.3
2024-10-09T04:06:00,1728426960,17.9,46.0,17.4,1015.3,99,False,0.0,2.8,5.8,0.6,1.0,284.8,286.7,136.0,206,17.7
2024-10-09T07:40:00,1728439800,19.3,52.0,19.3,1015.2,98,False,265.0,2.7,6.8,0.6,1.2,279.8,276.9,136.0,203,19.3
2024-10-09T09:38:00,1728446880,22.7,47.0,22.3,1012.4,95,False,318.0,3.9,7.2,0.7,1.1,292.9,290.8,141.0,238,22.5
2024-10-09T12:49:00,1728458340,27.8,51.0,26.8,1009.1,98,False,402.0,2.4,4.7,0.4,1.1,284.2,284.3,131.0,188,27.3
2024-10-09T14:02:00,1728462720,30.1,47.0,30.9,1010.2,100,False,351.0,2.9,4.0,0.4,1.1,253.5,254.4,126.0,159,30.5
2024-10-09T16:29:00,1728471540,28.6,44.0,28.6,1014.2,96,False,288.0,3.1,6.2,0.6,1.3,308.8,307.1,155.0,242,28.6
2024-10-09T19:39:00,1728482940,25.5,50.0,25.8,1011.7,98,False,89.0,3.6,6.6,0.6,1.7,310.9,313.3,159.0,235,25.7
2024-10-09T21:53:00,1728490980,23.7,43.0,23.9,1014.2,100,False,0.0,2.6,5.9,0.4,1.1,249.9,253.9,131.0,175,23.8
2024-10-10T00:01:00,1728498660,20.8,44.0,20.5,1012.0,95,False,0.0,3.4,5.0,0.5,1.3,278.7,275.9,148.0,193,20.6
2024-10-10T02:35:00,1728507900,18.6,63.0,19.5,1015.3,98,False,10.0,2.6,6.0,0.5,1.3,269.7,270.9,139.0,183,19.0
2024-10-10T04:49:00,1728515940,17.6,61.0,17.2,1017.3,98,False,9.0,2.6,4.3,0.6,1.3,261.9,263.9,125.0,162,17.4
2024-10-10T07:50:00,1728526800,19.5,51.0,18.6,1016.5,95,False,256.0,2.6,6.1,0.6,0.9,261.7,257.8,144.0,191,19.0
2024-10-10T09:13:00,1728531780,22.7,48.0,21.8,1015.2,95,False,320.0,3.2,5.9,0.5,1.2,276.4,277.1,143.0,201,22.2
2024-10-10T12:33:00,1728543780,26.7,39.0,27.4,1012.6,100,False,392.0,2.5,3.8,0.4,0.8,237.0,233.5,120.0,142,27.0
2024-10-10T14:26:00,1728550560,30.3,45.0,30.2,1011.5,98,False,360.0,3.1,5.4,0.4,1.1,252.6,251.9,135.0,177,30.2
2024-10-10T16:27:00,1728557820,27.9,43.0,28.7,1008.7,96,False,262.0,2.6,6.0,0.6,1.4,295.3,291.2,133.0,206,28.3
2024-10-10T19:34:00,1728569040,25.8,41.0,25.0,1012.4,99,False,84.0,3.1,7.0,0.5,1.1,293.8,289.3,134.0,210,25.4
2024-10-10T21:50:00,1728577200,23.5,46.0,23.6,1011.2,99,False,0.0,2.6,5.7,0.6,0.9,246.1,243.8,131.0,167,23.5
2024-10-11T00:16:00,1728585960,22.1,55.0,22.7,1016.4,96,False,0.0,3.2,5.1,0.6,1.0,266.6,268.7,142.0,182,22.4
2024-10-11T02:14:00,1728593040,20.7,40.0,20.8,1009.5,98,False,0.0,2.3,5.6,0.6,1.3,266.2,265.2,129.0,162,20.8
2024-10-11T04:58:00,1728602880,19.4,59.0,18.9,1012.0,100,False,19.0,2.8,5.4,0.5,1.0,277.9,275.1,139.0,177,19.2
2024-10-11T07:35:00,1728612300,20.8,40.0,20.8,1015.9,95,False,247.0,3.0,5.5,0.6,1.4,264.5,267.7,140.0,198,20.8
2024-10-11T09:26:00,1728618960,23.5,38.0,24.5,1011.9,98,False,312.0,3.6,6.4,0.6,1.6,265.9,268.6,150.0,215,24.0
2024-10-11T12:22:00,1728629520,28.6,39.0,28.9,1015.8,95,False,390.0,2.5,4.5,0.4,0.8,252.7,251.4,131.0,144,28.8
2024-10-11T14:27:00,1728637020,32.1,30.0,31.9,1016.9,96,False,325.0,2.0,5.5,0.4,1.2,237.0,234.6,127.0,156,32.0
2024-10-11T16:16:00,1728643560,30.1,49.0,30.0,1010.8,100,False,297.0,2.7,6.4,0.7,1.4,291.6,294.7,144.0,211,30.1
2024-10-11T19:55:00,1728656700,26.7,35.0,27.6,1007.1,96,False,90.0,2.5,5.7,0.5,1.3,268.2,267.0,140.0,200,27.2
2024-10-11T21:01:00,1728660660,25.2,39.0,25.3,1011.0,97,False,0.0,2.5,4.2,0.5,1.3,262.3,262.2,125.0,165,25.3
2024-10-12T00:53:00,1728674580,20.8,50.0,21.7,1013.6,97,False,0.0,3.6,5.7,0.7,1.3,292.2,294.7,147.0,216,21.2
2024-10-12T02:55:00,1728681900,19.6,38.0,19.6,1014.8,97,False,0.0,3.5,6.8,0.6,1.4,285.5,289.9,139.0,228,19.6
2024-10-12T04:00:00,1728685800,18.1,57.0,18.0,1014.3,98,False,4.0,3.6,6.7,0.7,1.6,296.4,298.1,151.0,233,18.0
2024-10-12T07:34:00,1728698640,19.2,47.0,20.0,1017.3,95,False,267.0,3.1,6.4,0.6,1.4,305.1,303.5,147.0,237,19.6
2024-10-12T09:19:00,1728704940,23.0,45.0,22.6,1016.7,100,False,307.0,3.4,7.0,0.7,1.6,284.8,284.8,142.0,230,22.8
2024-10-12T12:09:00,1728715140,27.5,43.0,27.7,1010.3,95,False,390.0,2.6,5.1,0.5,1.1,267.1,262.6,133.0,179,27.6
2024-10-12T14:38:00,1728724080,30.9,43.0,30.7,1011.1,98,False,353.0,3.2,6.4,0.4,1.1,282.7,281.9,149.0,196,30.8
2024-10-12T16:24:00,1728730440,28.5,49.0,29.3,1010.8,100,False,271.0,4.3,8.2,0.7,1.7,312.3,313.7,162.0,276,28.9
2024-10-12T19:18:00,1728740880,25.8,46.0,26.3,1010.1,100,False,91.0,3.5,7.0,0.6,1.6,291.7,292.8,162.0,255,26.0
2024-10-12T21:00:00,1728747000,24.1,34.0,24.1,1011.4,96,False,0.0,2.9,6.1,0.5,0.9,256.0,259.3,135.0,184,24.1
2024-10-13T00:22:00,1728759120,22.6,52.0,23.1,1009.7,100,False,0.0,2.8,7.1,0.6,1.3,275.7,277.6,154.0,218,22.9
2024-10-13T02:02:00,1728765120,21.1,56.0,21.4,1015.0,97,False,0.0,3.3,5.7,0.5,1.3,291.2,290.7,151.0,223,21.3
2024-10-13T04:00:00,1728772200,19.6,61.0,19.7,1014.6,100,False,0.0,3.5,6.2,0.7,1.3,287.7,289.4,142.0,224,19.7
2024-10-13T07:35:00,1728785100,21.6,59.0,21.0,1014.9,98,False,256.0,3.3,7.7,0.6,1.5,301.5,305.1,151.0,247,21.3
2024-10-13T09:03:00,1728790380,24.8,57.0,24.1,1015.3,95,False,295.0,3.9,7.4,0.7,1.6,299.0,299.2,151.0,255,24.5
2024-10-13T12:50:00,1728804000,29.0,44.0,29.5,1011.5,99,False,387.0,2.9,6.8,0.6,1.4,264.0,259.1,139.0,211,29.3
2024-10-13T14:52:00,1728811320,32.3,38.0,32.6,1008.1,97,False,345.0,3.1,6.3,0.5,1.2,280.9,280.8,128.0,187,32.5
2024-10-13T16:07:00,1728815820,30.8,40.0,30.3,1010.3,99,False,297.0,3.6,7.3,0.6,1.9,295.2,298.6,155.0,280,30.5
2024-10-13T19:12:00,1728826920,27.7,51.0,27.7,1014.2,97,False,67.0,4.1,8.7,0.7,1.6,293.8,292.9,169.0,273,27.7
2024-10-13T21:16:00,1728834360,25.6,42.0,25.9,1015.6,97,False,0.0,3.0,7.7,0.6,1.4,276.0,272.7,143.0,229,25.7
2024-10-14T00:58:00,1728847680,20.1,53.0,21.0,1016.6,100,False,0.0,3.5,5.7,0.6,1.4,267.1,265.4,147.0,218,20.6
2024-10-14T02:28:00,1728853080,18.7,54.0,19.2,1010.9,95,False,0.0,2.4,5.1,0.5,1.2,269.7,271.9,137.0,182,19.0
2024-10-14T04:08:00,1728859080,16.9,55.0,17.9,1013.8,97,False,0.0,3.2,6.3,0.5,0.9,281.4,278.6,127.0,183,17.4
2024-10-14T07:12:00,1728870120,18.7,54.0,19.2,1014.1,97,False,270.0,3.0,6.5,0.6,1.3,286.8,284.1,147.0,216,19.0
2024-10-14T09:23:00,1728877980,21.8,49.0,22.5,1014.9,100,False,303.0,3.0,6.3,0.6,1.2,268.6,273.5,151.0,221,22.2
2024-10-14T12:44:00,1728890040,27.5,53.0,26.5,1013.9,100,False,408.0,3.1,5.7,0.5,1.0,290.7,291.8,135.0,197,27.0
2024-10-14T14:34:00,1728896640,30.1,44.0,30.3,1014.2,98,False,340.0,2.9,5.5,0.6,1.3,265.0,266.0,147.0,197,30.2
2024-10-14T16:48:00,1728904680,27.9,48.0,28.6,1006.8,95,False,272.0,3.3,7.1,0.7,1.4,315.2,312.9,157.0,252,28.3
2024-10-14T19:54:00,1728915840,25.8,40.0,25.0,1010.2,99,False,65.0,3.2,6.4,0.6,1.5,289.5,285.7,152.0,248,25.4
2024-10-14T21:54:00,1728923040,23.3,53.0,23.6,1012.6,96,False,0.0,2.7,5.6,0.6,1.2,285.1,289.0,131.0,197,23.5
2024-10-15T00:12:00,1728931320,20.7,42.0,19.7,1011.0,100,False,0.0,3.5,5.8,0.6,1.4,268.9,270.9,142.0,225,20.2
2024-10-15T02:20:00,1728939000,18.5,59.0,18.7,1015.2,96,False,0.0,3.2,5.9,0.6,1.4,284.6,283.2,156.0,229,18.6
2024-10-15T04:22:00,1728946320,17.4,52.0,16.7,1019.3,97,False,8.0,3.0,5.6,0.6,1.0,269.6,270.3,149.0,205,17.0
2024-10-15T07:58:00,1728959280,18.8,44.0,18.5,1016.4,96,False,231.0,4.0,8.2,0.6,1.4,293.5,295.0,162.0,268,18.6
2024-10-15T09:19:00,1728964140,22.0,47.0,21.7,1015.9,97,False,328.0,4.2,8.4,0.7,1.4,300.2,299.4,157.0,273,21.8
2024-10-15T12:48:00,1728976680,27.1,31.0,26.2,1015.3,96,False,383.0,2.5,5.9,0.5,1.0,281.4,276.9,141.0,197,26.6
2024-10-15T14:25:00,1728982500,30.2,39.0,29.5,1014.0,100,False,320.0,3.1,6.4,0.5,1.5,285.0,289.4,133.0,208,29.8
2024-10-15T16:56:00,1728991560,28.4,48.0,27.5,1008.4,98,False,276.0,3.7,7.4,0.6,1.4,297.7,298.2,152.0,269,27.9
2024-10-15T19:52:00,1729002120,25.5,31.0,24.6,1009.2,98,False,72.0,3.8,6.8,0.6,1.6,320.6,325.0,149.0,265,25.0
2024-10-15T21:57:00,1729009620,23.4,52.0,22.9,1014.3,95,False,15.0,3.2,6.5,0.6,1.2,264.3,268.8,144.0,193,23.1
2024-10-16T00:45:00,1729019700,23.3,47.0,23.0,1015.4,95,False,17.0,3.8,6.2,0.5,1.6,307.2,306.8,145.0,226,23.1
2024-10-16T02:38:00,1729026480,21.2,56.0,21.9,1014.1,97,False,0.0,2.4,5.6,0.5,1.2,279.5,280.3,132.0,189,21.5
2024-10-16T04:15:00,1729032300,19.5,60.0,20.4,1015.6,99,False,0.0,3.4,5.9,0.5,1.0,254.2,250.7,143.0,190,19.9
2024-10-16T07:36:00,1729044360,21.4,44.0,21.7,1013.3,97,False,267.0,3.2,7.0,0.6,1.5,284.5,289.1,154.0,235,21.5
2024-10-16T09:37:00,1729051620,24.7,46.0,24.8,1013.5,97,False,319.0,3.3,5.9,0.5,1.3,297.8,302.5,145.0,215,24.7
2024-10-16T12:04:00,1729060440,29.5,34.0,29.6,1013.8,98,False,408.0,2.7,6.6,0.6,1.2,296.7,299.9,136.0,212,29.5
2024-10-16T14:21:00,1729068660,32.6,38.0,32.9,1010.4,96,False,334.0,2.7,5.6,0.5,0.8,275.3,272.7,131.0,171,32.7
2024-10-16T16:02:00,1729074720,31.2,44.0,30.4,1010.8,95,False,263.0,4.0,8.0,0.7,1.4,284.7,283.9,150.0,251,30.8
2024-10-16T19:43:00,1729087980,28.3,50.0,27.6,1009.1,96,False,89.0,3.8,7.5,0.6,1.5,306.7,305.6,143.0,245,27.9
2024-10-16T21:14:00,1729093440,26.1,48.0,26.0,1011.0,97,False,17.0,2.9,6.3,0.6,1.3,290.2,288.8,142.0,195,26.0
2024-10-17T00:04:00,1729103640,21.6,53.0,21.3,1012.1,95,False,0.0,3.5,7.3,0.6,1.7,301.8,302.3,153.0,230,21.4
2024-10-17T02:03:00,1729110780,20.1,42.0,19.6,1017.3,95,False,5.0,3.4,6.5,0.5,1.2,266.1,262.8,149.0,222,19.8
2024-10-17T04:14:00,1729118640,17.8,58.0,18.7,1012.0,97,False,12.0,3.0,6.6,0.6,1.0,277.9,281.3,147.0,208,18.2
2024-10-17T07:30:00,1729130400,19.4,48.0,20.2,1012.5,99,False,239.0,3.6,8.3,0.6,1.8,317.0,314.7,152.0,262,19.8
2024-10-17T09:01:00,1729135860,23.4,43.0,22.6,1018.2,99,False,299.0,4.0,8.3,0.6,1.7,293.9,297.6,148.0,261,23.0
2024-10-17T12:21:00,1729147860,28.1,48.0,27.6,1013.7,99,False,385.0,3.5,6.8,0.6,1.1,281.2,279.7,156.0,237,27.8
2024-10-17T14:25:00,1729155300,31.5,45.0,30.6,1011.8,100,False,359.0,3.6,6.2,0.5,1.1,275.0,274.2,151.0,219,31.0
2024-10-17T16:05:00,1729161300,28.9,41.0,29.3,1012.0,99,False,298.0,4.0,8.6,0.7,1.5,306.0,302.4,165.0,279,29.1
2024-10-17T19:09:00,1729172340,26.6,52.0,25.9,1013.8,95,False,92.0,3.8,9.2,0.6,1.5,305.8,306.1,158.0,289,26.2
2024-10-17T21:52:00,1729182120,24.7,37.0,24.0,1014.4,96,False,0.0,3.0,6.8,0.5,1.3,295.7,294.9,150.0,221,24.3
2024-10-18T00:46:00,1729192560,19.4,44.0,18.8,1011.4,97,False,0.0,2.7,7.0,0.6,1.3,285.9,286.6,148.0,211,19.1
2024-10-18T02:22:00,1729198320,17.5,60.0,17.5,1015.5,98,False,12.0,2.5,4.4,0.5,1.3,277.1,278.4,138.0,176,17.5
2024-10-18T04:21:00,1729205460,16.1,54.0,15.7,1014.4,98,False,0.0,3.3,6.6,0.6,1.1,264.0,263.4,151.0,211,15.9
2024-10-18T07:52:00,1729218120,17.3,61.0,17.8,1014.4,96,False,262.0,2.9,5.8,0.5,1.1,265.1,265.3,134.0,207,17.5
2024-10-18T09:42:00,1729224720,20.6,50.0,20.9,1013.9,100,False,310.0,3.7,6.8,0.6,1.6,279.4,283.4,156.0,228,20.7
2024-10-18T12:54:00,1729236240,25.3,33.0,25.7,1014.3,97,False,385.0,2.3,5.0,0.6,1.2,255.1,257.4,141.0,181,25.5
2024-10-18T14:38:00,1729242480,28.2,30.0,29.2,1008.5,98,False,350.0,2.7,5.7,0.5,1.4,260.0,257.9,127.0,186,28.7
2024-10-18T16:13:00,1729248180,27.3,44.0,26.3,1011.5,98,False,291.0,3.4,8.1,0.7,1.3,311.5,312.0,149.0,249,26.8
2024-10-18T19:48:00,1729261080,24.1,42.0,23.7,1007.9,97,False,71.0,4.1,7.6,0.6,1.5,292.6,290.5,155.0,250,23.9
2024-10-18T21:33:00,1729267380,22.3,37.0,21.7,1010.7,97,False,12.0,2.9,5.8,0.6,1.3,290.1,289.4,143.0,199,22.0
2024-10-19T00:18:00,1729277280,18.8,61.0,19.8,1014.8,98,False,0.0,3.0,5.0,0.5,1.3,279.3,278.4,133.0,182,19.3
2024-10-19T02:31:00,1729285260,17.5,52.0,17.9,1015.0,100,False,0.0,3.3,5.5,0.6,1.0,276.3,281.0,144.0,193,17.7
2024-10-19T04:07:00,1729291020,15.8,47.0,16.4,1016.4,98,False,11.0,3.0,6.1,0.5,1.3,264.7,269.1,130.0,176,16.1
2024-10-19T07:37:00,1729303620,17.6,46.0,17.8,1017.1,100,False,234.0,2.9,6.7,0.5,1.1,280.3,282.5,147.0,195,17.7
2024-10-19T09:33:00,1729310580,21.3,46.0,20.5,1011.2,100,False,293.0,2.6,6.0,0.5,1.3,262.4,263.3,142.0,188,20.9
2024-10-19T12:38:00,1729321680,25.4,42.0,26.0,1013.2,95,False,399.0,2.6,4.4,0.5,1.2,241.5,245.3,122.0,158,25.7
2024-10-19T14:21:00,1729327860,28.7,45.0,29.1,1012.3,97,False,356.0,2.1,4.1,0.4,1.1,234.2,231.3,125.0,153,28.9
2024-10-19T16:28:00,1729335480,27.3,52.0,26.6,1010.7,98,False,262.0,3.6,5.5,0.5,1.6,291.4,292.1,143.0,215,27.0
2024-10-19T19:12:00,1729345320,23.9,42.0,24.3,1009.0,96,False,77.0,3.7,5.9,0.6,1.0,277.6,279.8,154.0,218,24.1
2024-10-19T21:29:00,1729353540,22.2,37.0,22.2,1012.6,97,False,0.0,2.1,4.9,0.4,1.2,252.2,252.9,136.0,157,22.2
2024-10-20T00:28:00,1729364280,18.7,45.0,19.4,1015.7,98,False,0.0,2.8,5.6,0.4,1.2,271.2,271.4,129.0,166,19.0
2024-10-20T02:55:00,1729373100,17.8,48.0,17.0,1014.5,98,False,0.0,2.0,5.5,0.5,1.2,252.9,249.2,137.0,157,17.4
2024-10-20T04:23:00,1729378380,15.8,45.0,15.9,1014.2,95,False,0.0,2.8,4.3,0.5,0.9,243.1,244.6,129.0,154,15.8
2024-10-20T07:19:00,1729388940,17.2,48.0,17.7,1019.0,98,False,251.0,2.5,6.5,0.5,0.9,251.9,249.3,132.0,184,17.4
2024-10-20T09:56:00,1729398360,20.4,46.0,20.8,1011.6,98,False,323.0,3.0,4.6,0.5,1.3,259.3,263.1,130.0,180,20.6
2024-10-20T12:24:00,1729407240,25.8,38.0,25.1,1010.5,99,False,419.0,2.5,4.0,0.5,1.0,243.2,244.0,118.0,140,25.4
2024-10-20T14:25:00,1729414500,28.9,42.0,28.4,1013.3,97,False,339.0,2.5,4.4,0.5,1.3,252.8,253.0,121.0,149,28.6
2024-10-20T16:52:00,1729423320,27.1,43.0,26.3,1012.9,97,False,275.0,2.4,6.5,0.5,1.2,276.3,278.3,134.0,182,26.7
2024-10-20T19:26:00,1729432560,23.8,46.0,23.8,1011.7,100,False,78.0,2.8,5.0,0.6,1.2,257.1,258.6,136.0,198,23.8
2024-10-20T21:12:00,1729438920,22.1,32.0,21.7,1013.0,95,False,0.0,2.6,4.3,0.4,0.9,268.4,268.8,125.0,148,21.9
2024-10-21T00:43:00,1729451580,18.5,50.0,17.6,1010.5,99,False,11.0,2.7,5.9,0.5,1.0,286.2,285.0,131.0,200,18.0
2024-10-21T02:18:00,1729457280,16.0,53.0,16.9,1010.4,99,False,19.0,2.3,5.1,0.4,1.3,267.1,268.9,131.0,166,16.4
2024-10-21T04:39:00,1729465740,14.8,67.0,14.9,1017.3,96,False,3.0,2.7,4.9,0.6,1.3,265.9,267.8,130.0,184,14.8
2024-10-21T07:33:00,1729476180,16.6,52.0,16.2,1015.0,95,False,237.0,3.5,7.3,0.6,1.6,278.2,278.7,133.0,210,16.4
2024-10-21T09:19:00,1729482540,19.4,54.0,19.9,1014.2,98,False,320.0,2.8,6.8,0.5,1.5,290.6,288.1,131.0,196,19.6
2024-10-21T12:02:00,1729492320,24.6,44.0,24.3,1013.9,98,False,394.0,2.7,3.9,0.5,1.1,257.6,260.7,120.0,147,24.4
2024-10-21T14:04:00,1729499640,27.5,40.0,27.8,1009.6,95,False,333.0,2.8,5.0,0.5,0.9,269.1,271.5,132.0,152,27.6
2024-10-21T16:35:00,1729508700,25.5,33.0,25.9,1008.9,99,False,290.0,3.0,5.8,0.6,1.2,278.8,275.2,152.0,227,25.7
2024-10-21T19:50:00,1729520400,23.3,42.0,22.4,1010.9,95,False,59.0,3.2,6.9,0.6,1.1,298.4,297.9,136.0,216,22.8
2024-10-21T21:10:00,1729525200,21.2,55.0,20.6,1013.3,98,False,2.0,2.1,4.1,0.4,0.8,234.4,233.1,127.0,149,20.9
2024-10-22T00:14:00,1729536240,20.8,46.0,20.4,1013.5,63,True,9.0,2.6,5.8,0.6,1.0,280.4,283.7,139.0,179,20.6
2024-10-22T02:52:00,1729545720,18.8,54.0,19.2,1015.0,94,False,0.0,3.0,5.3,0.6,1.2,247.5,249.7,133.0,177,19.0
2024-10-22T04:25:00,1729551300,17.5,61.0,17.3,1015.3,98,False,0.0,2.9,4.5,0.5,1.1,266.5,270.8,125.0,165,17.4
2024-10-22T07:48:00,1729563480,18.8,52.0,19.2,1016.3,98,False,260.0,2.8,5.3,0.6,1.1,289.5,288.2,133.0,205,19.0
2024-10-22T09:45:00,1729570500,22.3,35.0,22.1,1012.9,21,True,104.0,2.5,5.5,0.6,1.5,255.0,254.4,140.0,198,22.2
2024-10-22T12:29:00,1729580340,26.6,46.0,27.4,1009.9,95,False,414.0,2.9,5.6,0.5,0.8,252.6,251.0,133.0,170,27.0
2024-10-22T14:12:00,1729586520,30.4,30.0,30.0,1014.6,19,True,125.0,2.1,5.3,0.5,1.3,243.1,243.8,138.0,167,30.2
2024-10-22T16:38:00,1729595280,28.2,38.0,28.3,1010.1,95,False,298.0,2.7,6.1,0.6,1.4,280.9,280.8,137.0,213,28.3
2024-10-22T19:20:00,1729605000,25.5,36.0,25.4,1010.9,90,False,84.0,3.2,6.2,0.7,1.4,278.6,278.9,157.0,229,25.4
2024-10-22T21:14:00,1729611840,23.8,58.0,23.1,1012.0,95,False,12.0,2.6,5.3,0.5,1.3,241.9,239.0,142.0,172,23.5
2024-10-23T00:49:00,1729624740,19.8,41.0,19.1,1010.5,100,False,0.0,2.6,6.2,0.5,1.1,254.3,251.2,141.0,195,19.5
2024-10-23T02:39:00,1729631340,17.7,51.0,18.0,1013.1,97,False,10.0,2.4,4.8,0.5,1.3,265.7,267.4,127.0,172,17.9
2024-10-23T04:47:00,1729639020,16.2,51.0,16.3,1013.5,97,False,14.0,2.9,6.0,0.5,1.2,269.1,272.0,134.0,174,16.3
2024-10-23T07:19:00,1729648140,18.3,44.0,17.5,1013.3,95,False,251.0,2.9,6.6,0.6,1.1,286.0,283.6,136.0,223,17.9
2024-10-23T09:06:00,1729654560,21.0,52.0,21.2,1014.4,99,False,307.0,3.1,6.1,0.5,1.1,284.3,288.9,145.0,205,21.1
2024-10-23T12:03:00,1729665180,25.7,49.0,26.1,1012.1,97,False,392.0,2.5,5.3,0.4,1.3,273.1,269.8,136.0,159,25.9
2024-10-23T14:03:00,1729672380,28.8,38.0,29.3,1008.8,97,False,332.0,2.5,5.2,0.5,0.9,269.6,270.1,126.0,164,29.1
2024-10-23T16:45:00,1729682100,27.3,41.0,27.0,1012.0,100,False,291.0,2.7,6.7,0.6,1.3,261.9,258.3,142.0,198,27.1
2024-10-23T19:05:00,1729690500,24.4,49.0,24.1,1008.6,96,False,80.0,3.5,5.4,0.6,1.5,298.0,300.6,135.0,212,24.3
2024-10-23T21:04:00,1729697640,22.7,49.0,22.0,1009.4,96,False,0.0,2.6,6.1,0.6,1.2,258.4,260.4,127.0,172,22.3
2024-10-24T00:07:00,1729708620,22.2,63.0,21.7,1009.6,100,False,5.0,2.7,6.3,0.5,1.3,267.8,265.6,127.0,187,21.9
2024-10-24T02:00:00,1729715400,20.0,40.0,20.6,1012.6,95,False,11.0,2.4,5.6,0.5,1.4,281.4,282.4,129.0,188,20.3
2024-10-24T04:25:00,1729724100,18.5,44.0,19.0,1017.2,95,False,7.0,2.8,4.9,0.4,1.2,276.0,274.9,139.0,184,18.7
2024-10-24T07:07:00,1729733820,20.3,56.0,20.4,1016.2,96,False,249.0,3.8,6.9,0.5,1.3,281.8,278.0,150.0,227,20.3
2024-10-24T09:57:00,1729744020,24.0,43.0,23.1,1017.3,100,False,305.0,3.7,7.9,0.7,1.2,310.2,306.0,143.0,246,23.5
2024-10-24T12:40:00,1729753800,28.0,47.0,28.7,1012.2,96,False,420.0,2.8,4.7,0.6,1.4,282.4,282.7,146.0,187,28.3
2024-10-24T14:41:00,1729761060,31.5,41.0,31.5,1011.3,99,False,357.0,3.1,5.6,0.5,1.0,259.8,257.7,138.0,196,31.5
2024-10-24T16:15:00,1729766700,29.6,32.0,29.6,1011.7,100,False,280.0,3.6,6.1,0.7,1.5,293.9,291.3,147.0,226,29.6
2024-10-24T19:26:00,1729778160,27.0,47.0,26.5,1014.6,100,False,73.0,3.7,7.7,0.6,1.7,313.0,316.3,161.0,248,26.7
2024-10-24T21:16:00,1729784760,24.6,51.0,25.0,1009.7,96,False,0.0,2.9,5.3,0.4,1.2,241.3,238.4,131.0,172,24.8
2024-10-25T00:59:00,1729798140,19.2,57.0,18.9,1010.5,100,False,0.0,3.7,6.3,0.6,1.2,276.5,272.7,154.0,218,19.0
2024-10-25T02:51:00,1729804860,17.6,51.0,17.3,1011.7,100,False,12.0,3.7,7.3,0.7,1.2,303.7,305.7,152.0,227,17.4
2024-10-25T04:08:00,1729809480,16.3,62.0,15.4,1013.5,99,False,6.0,4.0,8.2,0.7,1.6,310.2,305.9,142.0,246,15.8
2024-10-25T07:53:00,1729822980,17.0,39.0,17.9,1017.5,97,False,240.0,3.3,7.3,0.7,1.6,296.8,299.2,157.0,251,17.4
2024-10-25T09:29:00,1729828740,20.8,43.0,20.5,1013.9,95,False,320.0,3.5,6.9,0.7,1.4,290.3,289.7,154.0,258,20.6
2024-10-25T12:26:00,1729839360,25.7,41.0,25.2,1013.3,98,False,401.0,3.0,6.2,0.6,1.0,270.1,273.7,142.0,199,25.4
2024-10-25T14:22:00,1729846320,28.3,42.0,29.0,1013.5,96,False,344.0,3.5,6.1,0.5,1.2,258.8,256.8,135.0,203,28.6
2024-10-25T16:38:00,1729854480,26.6,31.0,26.9,1011.9,97,False,279.0,3.7,7.6,0.6,1.7,303.9,300.1,149.0,268,26.7
2024-10-25T19:35:00,1729865100,23.4,47.0,24.3,1009.6,95,False,55.0,4.3,7.7,0.7,2.0,333.0,331.8,166.0,295,23.8
2024-10-25T21:04:00,1729870440,22.4,49.0,21.5,1010.3,97,False,0.0,3.2,7.6,0.5,1.2,302.5,303.5,159.0,243,21.9
2024-10-26T00:00:00,1729881000,22.7,38.0,22.2,1012.8,100,False,14.0,3.2,6.8,0.7,1.1,293.6,297.6,143.0,229,22.4
2024-10-26T02:18:00,1729889280,21.3,46.0,20.4,1014.5,98,False,0.0,2.7,5.9,0.6,1.6,270.0,270.4,142.0,215,20.8
2024-10-26T04:29:00,1729897140,18.8,48.0,19.7,1010.5,99,False,0.0,4.0,6.4,0.7,1.5,284.0,279.2,147.0,248,19.2
2024-10-26T07:14:00,1729907040,20.7,43.0,21.0,1014.3,97,False,266.0,3.9,6.9,0.7,1.3,311.5,312.9,162.0,262,20.8
2024-10-26T09:14:00,1729914240,24.2,52.0,23.9,1013.6,99,False,291.0,3.8,9.2,0.7,1.6,331.5,328.8,165.0,287,24.0
2024-10-26T12:21:00,1729925460,28.5,30.0,29.2,1014.0,100,False,387.0,3.5,7.7,0.6,1.1,291.2,294.8,154.0,231,28.8
2024-10-26T14:19:00,1729932540,31.7,44.0,32.4,1008.7,99,False,342.0,3.0,7.1,0.5,1.1,291.8,294.2,139.0,213,32.0
2024-10-26T16:15:00,1729939500,30.3,37.0,29.9,1013.6,97,False,267.0,4.5,8.1,0.6,1.8,319.1,322.0,164.0,291,30.1
2024-10-26T19:18:00,1729950480,27.0,34.0,27.5,1010.1,95,False,73.0,3.5,8.5,0.7,1.5,292.7,287.9,155.0,273,27.2
2024-10-26T21:49:00,1729959540,24.9,47.0,25.8,1010.8,99,False,7.0,2.7,6.4,0.6,1.3,258.0,259.3,139.0,198,25.3
2024-10-27T00:34:00,1729969440,20.2,48.0,20.1,1012.2,96,False,0.0,3.3,6.1,0.6,1.3,304.7,303.2,157.0,234,20.1
2024-10-27T02:07:00,1729975020,18.3,45.0,18.8,1012.2,100,False,13.0,2.6,5.8,0.5,1.6,277.7,276.3,143.0,204,18.5
2024-10-27T04:49:00,1729984740,17.4,51.0,16.5,1016.5,95,False,4.0,2.9,6.6,0.7,1.5,297.2,298.5,151.0,229,16.9
2024-10-27T07:35:00,1729994700,18.1,40.0,19.0,1016.0,98,False,268.0,3.6,7.1,0.6,1.5,271.7,273.4,140.0,230,18.5
2024-10-27T09:55:00,1730003100,22.2,36.0,21.3,1013.6,95,False,313.0,4.0,7.6,0.7,1.4,290.6,290.6,157.0,256,21.7
2024-10-27T12:16:00,1730011560,27.0,47.0,26.1,1011.1,95,False,384.0,3.2,5.9,0.5,1.2,287.4,288.8,145.0,185,26.5
2024-10-27T14:05:00,1730018100,29.8,30.0,29.7,1010.2,96,False,321.0,3.4,7.2,0.7,1.6,290.5,290.1,137.0,223,29.7
2024-10-27T16:50:00,1730028000,28.3,39.0,27.4,1012.5,98,False,284.0,3.6,8.1,0.6,1.5,319.4,317.2,151.0,273,27.8
2024-10-27T19:33:00,1730037780,25.3,45.0,24.6,1013.8,96,False,65.0,3.4,7.7,0.6,1.7,295.9,299.1,163.0,261,24.9
2024-10-27T21:10:00,1730043600,22.8,43.0,23.3,1011.3,98,False,3.0,3.0,7.3,0.5,1.5,296.5,291.9,146.0,217,23.0
2024-10-28T00:53:00,1730056980,23.1,44.0,22.4,1012.4,97,False,11.0,3.5,5.8,0.5,1.2,279.8,281.8,142.0,226,22.8
2024-10-28T02:44:00,1730063640,20.7,41.0,21.6,1016.7,97,False,20.0,3.6,6.7,0.6,1.1,279.6,281.6,143.0,217,21.2
2024-10-28T04:59:00,1730071740,19.1,63.0,20.0,1014.2,100,False,0.0,2.9,5.7,0.6,1.5,278.0,282.7,143.0,224,19.6
2024-10-28T07:52:00,1730082120,21.0,52.0,21.3,1015.3,99,False,259.0,3.4,6.5,0.6,1.2,318.5,319.9,150.0,248,21.2
2024-10-28T09:49:00,1730089140,23.9,50.0,24.8,1016.2,98,False,292.0,4.6,9.1,0.7,1.5,339.4,342.1,168.0,295,24.4
2024-10-28T12:45:00,1730099700,28.9,51.0,29.4,1014.2,95,False,406.0,2.9,6.0,0.5,1.1,285.8,283.7,142.0,216,29.2
2024-10-28T14:14:00,1730105040,31.9,36.0,32.8,1010.1,96,False,351.0,3.3,6.4,0.5,1.0,269.7,269.9,129.0,191,32.4
2024-10-28T16:44:00,1730114040,30.4,38.0,30.5,1012.4,97,False,285.0,3.9,7.6,0.7,1.6,307.3,309.1,157.0,263,30.4
2024-10-28T19:06:00,1730122560,27.2,33.0,27.9,1014.4,95,False,92.0,4.1,7.3,0.6,1.4,321.6,320.1,149.0,269,27.6
2024-10-28T21:18:00,1730130480,25.7,35.0,25.5,1012.0,98,False,0.0,3.5,6.7,0.5,1.0,262.9,261.3,149.0,200,25.6
2024-10-29T00:50:00,1730143200,18.3,62.0,18.9,1009.1,95,False,0.0,4.2,7.4,0.6,1.5,293.8,289.5,150.0,262,18.6
2024-10-29T02:23:00,1730148780,16.9,57.0,17.1,1013.1,97,False,19.0,3.7,8.4,0.6,1.8,285.6,290.3,163.0,253,17.0
2024-10-29T04:36:00,1730156760,15.1,49.0,15.7,1015.6,96,False,10.0,3.2,7.5,0.7,1.6,280.7,279.6,147.0,251,15.4
2024-10-29T07:36:00,1730167560,17.4,61.0,16.6,1016.5,99,False,268.0,4.2,8.0,0.8,1.5,324.2,319.5,165.0,289,17.0
2024-10-29T09:28:00,1730174280,20.2,38.0,20.2,1011.8,95,False,327.0,3.7,7.2,0.5,1.5,287.6,290.0,154.0,245,20.2
2024-10-29T12:54:00,1730186640,24.5,43.0,25.4,1010.1,95,False,414.0,3.3,5.8,0.6,1.4,290.8,294.5,139.0,202,25.0
2024-10-29T14:20:00,1730191800,28.1,49.0,28.3,1011.8,95,False,340.0,3.8,7.8,0.5,1.4,277.8,281.1,148.0,232,28.2
2024-10-29T16:33:00,1730199780,26.1,35.0,26.4,1009.1,99,False,298.0,4.4,8.3,0.8,1.6,319.2,319.7,162.0,286,26.3
2024-10-29T19:24:00,1730210040,22.9,49.0,23.9,1007.4,95,False,93.0,3.7,7.7,0.6,1.6,297.3,300.8,157.0,277,23.4
2024-10-29T21:08:00,1730216280,21.7,48.0,21.3,1008.7,97,False,8.0,3.3,6.5,0.6,1.3,261.7,261.8,147.0,205,21.5
2024-10-30T00:20:00,1730227800,18.1,52.0,17.8,1013.5,98,False,0.0,2.5,5.3,0.4,0.9,251.5,248.6,124.0,154,18.0
2024-10-30T02:26:00,1730235360,16.3,49.0,16.4,1012.8,99,False,0.0,2.6,5.7,0.5,0.8,265.4,267.6,121.0,159,16.4
2024-10-30T04:21:00,1730242260,15.2,61.0,14.3,1013.2,99,False,2.0,2.8,4.0,0.5,1.0,269.3,270.6,126.0,160,14.8
2024-10-30T07:51:00,1730254860,16.7,50.0,16.0,1016.7,95,False,266.0,2.4,5.7,0.4,1.3,272.9,274.6,129.0,180,16.4
2024-10-30T09:26:00,1730260560,19.3,51.0,19.9,1017.8,95,False,320.0,2.5,4.9,0.4,1.3,246.7,245.9,127.0,172,19.6
2024-10-30T12:58:00,1730273280,24.1,42.0,24.6,1012.3,99,False,412.0,2.0,4.4,0.5,1.2,246.9,248.5,124.0,158,24.4
2024-10-30T14:05:00,1730277300,28.0,44.0,27.1,1013.6,96,False,354.0,2.2,5.6,0.5,1.3,270.4,266.3,134.0,158,27.6
2024-10-30T16:00:00,1730284200,25.7,41.0,25.6,1009.9,100,False,280.0,3.1,6.1,0.5,1.2,260.0,259.5,144.0,197,25.6
2024-10-30T19:24:00,1730296440,22.9,49.0,22.6,1009.1,96,False,57.0,3.0,5.3,0.5,1.1,279.1,279.7,131.0,201,22.8
2024-10-30T21:20:00,1730303400,21.0,42.0,20.6,1011.4,99,False,3.0,2.4,5.1,0.4,1.0,239.3,238.6,126.0,147,20.8
2024-10-31T00:17:00,1730314020,22.3,40.0,22.8,1011.1,98,False,7.0,3.0,5.5,0.6,1.0,252.3,247.5,130.0,194,22.5
2024-10-31T02:45:00,1730322900,20.7,46.0,21.2,1012.0,99,False,17.0,3.3,7.7,0.7,1.2,275.2,272.7,154.0,228,20.9
2024-10-31T04:27:00,1730329020,18.9,52.0,19.7,1016.6,97,False,0.0,2.8,7.4,0.5,1.6,275.9,279.6,134.0,215,19.3
2024-10-31T07:38:00,1730340480,20.5,40.0,21.4,1011.2,95,False,252.0,3.3,6.2,0.7,1.5,279.4,283.1,158.0,238,20.9
2024-10-31T09:52:00,1730348520,24.1,42.0,24.1,1011.5,96,False,296.0,3.7,6.8,0.6,1.4,309.8,314.2,148.0,260,24.1
2024-10-31T12:18:00,1730357280,29.1,39.0,28.8,1014.9,97,False,398.0,2.7,4.6,0.5,0.9,269.5,270.8,132.0,176,28.9
2024-10-31T14:56:00,1730366760,32.6,38.0,31.7,1010.7,96,False,328.0,2.8,5.9,0.4,1.0,256.8,260.6,134.0,168,32.1
2024-10-31T16:41:00,1730373060,29.7,45.0,30.7,1010.0,98,False,296.0,3.7,6.3,0.5,1.4,308.1,313.0,141.0,232,30.2
2024-10-31T19:25:00,1730382900,27.5,30.0,27.2,1010.8,97,False,80.0,3.4,7.8,0.6,1.4,283.6,287.5,155.0,243,27.3
2024-10-31T21:59:00,1730392140,25.0,47.0,25.8,1012.3,100,False,0.0,3.0,4.6,0.5,1.3,264.4,265.5,145.0,185,25.4
2024-11-01T00:53:00,1730402580,13.4,54.0,13.3,1010.0,98,False,0.0,3.2,5.9,0.6,1.1,301.1,304.2,149.0,232,13.3
2024-11-01T02:37:00,1730408820,11.7,51.0,11.6,1014.0,95,False,0.0,3.2,7.1,0.7,1.5,283.7,283.0,150.0,237,11.6
2024-11-01T04:05:00,1730414100,9.5,54.0,10.4,1016.3,98,False,0.0,3.8,7.9,0.8,1.7,320.6,315.7,170.0,278,9.9
2024-11-01T07:09:00,1730425140,11.8,57.0,11.5,1015.5,100,False,260.0,3.7,7.0,0.7,1.8,318.3,315.5,161.0,268,11.6
2024-11-01T09:15:00,1730432700,14.8,54.0,15.2,1016.1,97,False,306.0,4.5,8.9,0.6,1.8,329.0,330.8,164.0,301,15.0
2024-11-01T12:37:00,1730444820,20.4,32.0,19.9,1016.0,96,False,388.0,3.8,7.0,0.6,1.7,282.5,286.9,158.0,248,20.1
2024-11-01T14:01:00,1730449860,23.7,30.0,23.3,1007.8,100,False,354.0,3.6,6.6,0.6,1.4,288.5,287.0,150.0,251,23.5
2024-11-01T16:33:00,1730458980,21.9,36.0,21.1,1009.4,96,False,300.0,4.0,9.7,0.8,2.1,316.6,317.0,162.0,306,21.5
2024-11-01T19:23:00,1730469180,18.0,51.0,18.8,1010.7,96,False,80.0,5.1,8.7,0.8,2.1,330.0,334.2,182.0,322,18.4
2024-11-01T21:14:00,1730475840,16.6,48.0,16.2,1011.8,100,False,16.0,2.7,5.6,0.5,1.6,266.8,268.5,146.0,209,16.4
2024-11-02T00:37:00,1730488020,17.7,59.0,16.9,1011.8,98,False,14.0,3.9,7.8,0.6,1.7,303.7,299.4,153.0,259,17.3
2024-11-02T02:54:00,1730496240,16.0,54.0,15.3,1012.7,100,False,7.0,3.5,8.0,0.7,1.4,317.6,317.3,165.0,270,15.6
2024-11-02T04:30:00,1730502000,13.9,63.0,14.0,1012.5,98,False,0.0,4.0,7.3,0.7,1.5,315.0,314.1,166.0,278,13.9
2024-11-02T07:48:00,1730513880,15.3,61.0,15.9,1015.8,100,False,251.0,4.8,9.5,0.8,2.1,344.1,345.3,171.0,330,15.6
2024-11-02T09:42:00,1730520720,19.2,41.0,18.9,1014.8,98,False,323.0,4.1,7.8,0.6,1.8,313.2,314.7,154.0,287,19.0
2024-11-02T12:28:00,1730530680,24.2,43.0,24.1,1014.3,100,False,393.0,3.7,6.6,0.7,1.2,306.3,309.2,149.0,246,24.1
2024-11-02T14:14:00,1730537040,27.5,30.0,27.6,1015.7,95,False,328.0,3.6,7.2,0.6,1.6,302.1,305.1,147.0,229,27.5
2024-11-02T16:04:00,1730543640,25.6,47.0,25.3,1011.4,96,False,276.0,4.0,9.5,0.6,2.0,335.1,333.2,166.0,305,25.5
2024-11-02T19:09:00,1730554740,22.4,49.0,22.4,1009.3,99,False,92.0,5.0,8.4,0.8,1.7,328.7,326.7,175.0,323,22.4
2024-11-02T21:36:00,1730563560,20.0,35.0,20.8,1007.3,95,False,15.0,3.3,7.7,0.6,1.5,296.7,299.4,146.0,258,20.4
2024-11-03T00:39:00,1730574540,18.0,59.0,17.8,1013.2,99,False,2.0,5.0,9.5,0.8,2.1,333.5,330.9,169.0,343,17.9
2024-11-03T02:23:00,1730580780,16.7,55.0,15.8,1014.2,95,False,0.0,3.9,9.6,0.7,1.9,308.2,309.7,166.0,304,16.2
2024-11-03T04:09:00,1730587140,14.3,56.0,14.7,1013.9,100,False,0.0,4.4,8.7,0.7,1.7,333.9,335.1,166.0,309,14.5
2024-11-03T07:57:00,1730600820,16.6,56.0,15.9,1013.3,96,False,231.0,5.4,11.0,0.8,2.3,374.5,369.6,179.0,371,16.2
2024-11-03T09:09:00,1730605140,19.6,40.0,19.7,1017.0,99,False,314.0,6.0,11.1,0.8,2.4,374.3,371.7,204.0,403,19.6
2024-11-03T12:01:00,1730615460,24.8,35.0,24.6,1015.0,99,False,406.0,3.9,7.2,0.7,1.6,319.7,317.3,151.0,259,24.7
2024-11-03T14:03:00,1730622780,28.3,38.0,28.0,1012.3,98,False,346.0,4.2,9.0,0.7,1.8,345.5,348.9,178.0,326,28.1
2024-11-03T16:34:00,1730631840,26.0,51.0,26.1,1011.8,96,False,279.0,5.6,10.8,0.9,2.1,375.2,379.7,184.0,400,26.1
2024-11-03T19:34:00,1730642640,23.5,43.0,22.5,1013.2,98,False,85.0,5.2,10.8,0.8,2.3,380.2,378.0,186.0,391,23.0
2024-11-03T21:25:00,1730649300,21.3,46.0,20.7,1012.3,98,False,0.0,4.4,8.8,0.6,1.6,318.5,314.4,169.0,283,21.0
2024-11-04T00:50:00,1730661600,18.3,40.0,17.5,1012.5,100,False,17.0,5.1,8.5,0.7,1.7,324.9,328.0,180.0,322,17.9
2024-11-04T02:17:00,1730666820,16.2,55.0,16.2,1016.7,100,False,7.0,4.5,8.5,0.8,1.5,339.1,335.3,166.0,312,16.2
2024-11-04T04:44:00,1730675640,14.8,57.0,14.2,1018.3,100,False,0.0,4.7,9.1,0.7,1.8,342.4,338.8,171.0,297,14.5
2024-11-04T07:08:00,1730684280,16.1,43.0,16.3,1012.4,98,False,232.0,5.3,9.9,0.9,2.2,345.2,344.3,191.0,370,16.2
2024-11-04T09:41:00,1730693460,20.1,51.0,19.2,1014.8,99,False,295.0,5.6,10.4,0.8,1.9,366.5,361.5,193.0,366,19.6
2024-11-04T12:59:00,1730705340,25.2,45.0,24.2,1014.6,100,False,400.0,3.9,7.7,0.7,1.8,322.6,322.8,161.0,279,24.7
2024-11-04T14:32:00,1730710920,28.1,41.0,28.2,1013.3,99,False,325.0,4.4,8.7,0.8,1.9,319.1,319.3,160.0,294,28.1
2024-11-04T16:09:00,1730716740,25.6,30.0,26.5,1015.3,98,False,265.0,5.3,11.3,0.8,1.9,368.4,368.1,194.0,383,26.1
2024-11-04T19:41:00,1730729460,22.9,49.0,23.1,1009.7,98,False,83.0,4.9,9.9,0.7,2.1,367.3,363.8,178.0,364,23.0
2024-11-04T21:06:00,1730734560,20.8,52.0,21.2,1008.4,95,False,0.0,4.4,8.9,0.6,1.7,344.1,342.5,173.0,301,21.0
2024-11-05T00:35:00,1730747100,17.8,54.0,17.4,1011.8,95,False,0.0,4.7,9.7,0.9,2.1,350.9,348.4,186.0,349,17.6
2024-11-05T02:56:00,1730755560,16.0,56.0,15.7,1011.9,99,False,10.0,4.5,7.9,0.7,1.5,342.6,342.1,174.0,303,15.9
2024-11-05T04:26:00,1730760960,13.9,50.0,14.4,1017.9,99,False,0.0,4.0,7.9,0.8,1.5,312.9,310.5,163.0,298,14.2
2024-11-05T07:32:00,1730772120,15.6,53.0,16.1,1015.4,95,False,238.0,5.3,10.4,0.8,2.0,344.0,345.1,186.0,370,15.9
2024-11-05T09:15:00,1730778300,19.6,41.0,19.0,1013.1,99,False,291.0,5.3,11.7,0.8,2.2,358.5,355.8,188.0,390,19.3
2024-11-05T12:53:00,1730791380,24.8,45.0,24.0,1012.5,95,False,401.0,4.3,9.8,0.7,1.6,311.9,316.7,158.0,306,24.4
2024-11-05T14:06:00,1730795760,27.7,40.0,27.9,1009.2,95,False,357.0,4.5,8.2,0.7,1.9,302.5,307.4,169.0,287,27.8
2024-11-05T16:56:00,1730805960,26.0,33.0,25.4,1013.6,95,False,286.0,5.0,10.7,0.8,1.8,350.1,346.8,184.0,355,25.7
2024-11-05T19:06:00,1730813760,22.4,39.0,23.0,1011.1,96,False,65.0,4.8,10.0,0.9,2.4,349.9,349.5,184.0,371,22.7
2024-11-05T21:48:00,1730823480,20.9,53.0,20.4,1011.5,95,False,14.0,4.6,8.8,0.6,2.0,313.8,311.4,169.0,307,20.6
2024-11-06T00:26:00,1730832960,16.3,53.0,16.3,1012.7,94,False,0.0,4.5,8.6,0.7,1.6,326.4,322.2,181.0,330,16.3
2024-11-06T02:13:00,1730839380,15.0,53.0,14.1,1011.8,95,False,0.0,4.6,8.7,0.7,2.0,351.3,350.0,168.0,337,14.6
2024-11-06T04:29:00,1730847540,13.3,46.0,12.4,1018.1,28,True,0.0,4.8,8.9,0.8,1.9,340.5,340.1,166.0,322,12.9
2024-11-06T07:12:00,1730857320,14.6,64.0,14.5,1013.0,46,True,110.0,5.4,10.9,0.8,2.2,387.9,384.4,189.0,395,14.6
2024-11-06T09:55:00,1730867100,17.5,49.0,18.5,1013.6,31,True,158.0,6.1,13.0,1.0,2.3,394.5,390.9,211.0,461,18.0
2024-11-06T12:52:00,1730877720,23.5,54.0,22.7,1016.0,99,False,405.0,4.8,9.8,0.7,2.1,337.3,333.1,168.0,308,23.1
2024-11-06T14:33:00,1730883780,26.5,36.0,26.5,1011.3,62,True,126.0,5.2,10.8,0.8,2.4,368.7,364.5,179.0,377,26.5
2024-11-06T16:19:00,1730890140,24.9,47.0,24.0,1009.9,68,True,170.0,6.5,11.9,1.0,2.7,382.3,378.2,204.0,452,24.4
2024-11-06T19:08:00,1730900280,21.6,35.0,21.2,1009.2,93,False,83.0,6.1,12.7,1.0,2.5,369.6,369.5,202.0,427,21.4
2024-11-06T21:53:00,1730910180,19.4,35.0,19.3,1007.8,44,True,0.0,4.8,8.9,0.7,1.5,332.6,329.7,169.0,310,19.3
2024-11-07T00:15:00,1730918700,12.5,41.0,13.2,1008.8,97,False,17.0,4.8,10.6,0.9,1.8,337.6,335.6,173.0,350,12.9
2024-11-07T02:58:00,1730928480,11.2,50.0,11.1,1011.5,98,False,0.0,5.9,11.3,0.8,2.1,353.0,355.6,182.0,384,11.2
2024-11-07T04:13:00,1730932980,9.9,52.0,9.1,1014.3,95,False,3.0,6.1,10.6,0.8,2.2,352.0,347.0,186.0,393,9.5
2024-11-07T07:07:00,1730943420,11.0,47.0,11.4,1019.4,98,False,232.0,5.1,10.3,0.8,2.1,357.6,355.9,193.0,391,11.2
2024-11-07T09:25:00,1730951700,14.8,48.0,14.3,1015.9,100,False,310.0,5.6,11.8,0.9,2.1,374.9,373.5,204.0,407,14.6
2024-11-07T12:33:00,1730962980,19.9,53.0,19.5,1015.0,95,False,389.0,5.0,9.9,0.7,1.7,346.4,347.0,166.0,321,19.7
2024-11-07T14:15:00,1730969100,23.1,35.0,23.1,1016.3,97,False,324.0,4.9,9.2,0.8,1.9,346.1,348.3,178.0,347,23.1
2024-11-07T16:56:00,1730978760,21.5,51.0,20.5,1011.5,100,False,283.0,6.0,12.9,0.9,2.1,383.4,383.6,204.0,424,21.0
2024-11-07T19:40:00,1730988600,18.4,39.0,17.5,1011.7,98,False,88.0,5.5,11.7,1.0,2.4,367.7,369.5,197.0,402,18.0
2024-11-07T21:51:00,1730996460,15.8,49.0,16.1,1013.4,97,False,0.0,5.3,10.5,0.7,1.9,345.7,347.8,177.0,349,15.9
2024-11-08T00:39:00,1731006540,12.3,48.0,13.1,1011.8,99,False,0.0,4.3,8.2,0.8,1.5,330.0,328.9,167.0,317,12.7
2024-11-08T02:52:00,1731014520,10.6,50.0,11.4,1010.2,97,False,3.0,3.5,7.1,0.7,1.6,322.2,325.7,160.0,272,11.0
2024-11-08T04:44:00,1731021240,9.0,51.0,9.6,1012.2,96,False,0.0,4.3,9.5,0.7,1.9,316.7,314.3,173.0,312,9.3
2024-11-08T07:59:00,1731032940,11.2,56.0,10.9,1014.5,100,False,249.0,5.3,10.7,0.8,2.1,339.7,338.1,193.0,366,11.0
2024-11-08T09:11:00,1731037260,14.0,55.0,14.9,1013.6,98,False,314.0,5.0,11.5,0.8,2.0,371.8,371.0,188.0,380,14.4
2024-11-08T12:44:00,1731050040,19.8,49.0,19.2,1010.7,97,False,399.0,3.4,8.5,0.6,1.6,307.7,307.4,157.0,257,19.5
2024-11-08T14:35:00,1731056700,22.8,38.0,23.0,1016.2,100,False,322.0,4.2,8.3,0.6,1.5,286.5,288.2,161.0,261,22.9
2024-11-08T16:46:00,1731064560,20.5,30.0,21.2,1014.1,96,False,271.0,4.4,8.9,0.7,2.1,327.8,324.8,188.0,345,20.9
2024-11-08T19:13:00,1731073380,17.4,39.0,18.2,1012.0,99,False,87.0,5.3,10.7,0.8,2.2,330.5,332.6,185.0,344,17.8
2024-11-08T21:31:00,1731081660,15.7,47.0,15.8,1011.2,98,False,0.0,3.9,6.2,0.7,1.5,282.7,280.5,157.0,245,15.8
2024-11-09T00:24:00,1731092040,14.7,54.0,14.2,1014.8,99,False,0.0,4.6,8.7,0.8,1.9,334.2,336.9,165.0,325,14.4
2024-11-09T02:04:00,1731098040,12.7,59.0,12.8,1015.5,99,False,20.0,5.2,10.5,0.7,2.1,361.2,363.1,176.0,350,12.7
2024-11-09T04:21:00,1731106260,11.4,44.0,10.7,1014.6,95,False,4.0,5.0,10.7,0.9,1.9,370.2,372.8,184.0,357,11.0
2024-11-09T07:57:00,1731119220,13.2,46.0,12.3,1013.1,97,False,247.0,4.8,10.0,0.9,2.0,359.5,359.7,183.0,370,12.7
2024-11-09T09:10:00,1731123600,16.5,42.0,15.8,1014.5,97,False,321.0,6.0,12.4,1.0,2.3,402.1,401.8,204.0,435,16.1
2024-11-09T12:00:00,1731133800,21.6,39.0,20.9,1012.5,96,False,411.0,4.3,10.4,0.8,1.6,344.5,347.3,174.0,329,21.2
2024-11-09T14:24:00,1731142440,24.9,32.0,24.4,1013.2,99,False,321.0,4.7,8.4,0.6,1.7,336.8,341.5,156.0,299,24.6
2024-11-09T16:42:00,1731150720,22.7,41.0,22.5,1009.6,95,False,270.0,5.4,11.2,0.8,2.2,364.1,361.3,206.0,413,22.6
2024-11-09T19:31:00,1731160860,20.0,37.0,19.1,1007.9,100,False,64.0,5.7,11.7,0.8,2.3,401.8,401.1,200.0,427,19.5
2024-11-09T21:56:00,1731169560,18.0,48.0,17.0,1014.8,100,False,0.0,4.9,9.2,0.7,2.2,356.5,353.7,178.0,341,17.5
2024-11-10T00:31:00,1731178860,16.3,47.0,15.8,1011.9,95,False,2.0,4.4,9.3,0.7,2.0,341.1,345.9,167.0,324,16.0
2024-11-10T02:45:00,1731186900,14.1,46.0,14.5,1014.3,96,False,0.0,5.1,10.2,0.8,1.9,320.4,319.9,174.0,329,14.3
2024-11-10T04:42:00,1731193920,12.4,61.0,12.8,1014.7,100,False,0.0,5.7,11.8,0.8,2.2,353.9,349.9,191.0,385,12.6
2024-11-10T07:02:00,1731202320,14.5,46.0,14.1,1011.3,100,False,259.0,5.7,11.5,0.9,2.4,388.6,388.3,196.0,439,14.3
2024-11-10T09:39:00,1731211740,18.1,43.0,17.4,1013.7,95,False,297.0,5.5,11.3,0.8,2.0,348.9,352.8,179.0,382,17.7
2024-11-10T12:22:00,1731221520,22.3,34.0,23.3,1014.4,99,False,386.0,4.5,9.7,0.8,1.7,332.3,328.8,180.0,332,22.8
2024-11-10T14:27:00,1731229020,26.1,33.0,26.4,1012.5,100,False,347.0,5.1,9.3,0.8,2.3,347.6,348.5,177.0,345,26.2
2024-11-10T16:52:00,1731237720,24.1,50.0,24.3,1008.9,99,False,274.0,6.3,12.6,1.0,2.4,403.3,401.8,212.0,434,24.2
2024-11-10T19:00:00,1731245400,20.9,35.0,21.4,1008.9,98,False,64.0,6.2,13.3,1.0,2.5,415.3,419.5,212.0,462,21.1
2024-11-10T21:40:00,1731255000,19.0,43.0,19.2,1012.1,96,False,15.0,5.4,9.9,0.7,2.0,346.3,344.0,174.0,358,19.1
2024-11-11T00:19:00,1731264540,16.3,45.0,15.4,1013.6,98,False,15.0,5.1,10.8,0.8,2.0,374.3,378.6,185.0,398,15.8
2024-11-11T02:44:00,1731273240,14.1,58.0,14.1,1013.8,100,False,14.0,5.6,10.9,0.9,1.9,364.0,364.3,181.0,369,14.1
2024-11-11T04:04:00,1731278040,12.3,50.0,12.6,1013.4,95,False,0.0,4.7,9.3,0.8,1.9,342.0,342.3,166.0,328,12.4
2024-11-11T07:53:00,1731291780,14.4,43.0,13.8,1015.7,96,False,254.0,6.3,12.5,0.9,2.6,415.7,415.2,205.0,460,14.1
2024-11-11T09:53:00,1731298980,17.3,47.0,17.7,1016.6,97,False,327.0,6.2,12.3,0.9,2.2,377.4,377.8,187.0,407,17.5
2024-11-11T12:16:00,1731307560,23.0,45.0,22.2,1012.8,99,False,406.0,4.9,10.4,0.7,2.0,331.3,333.1,176.0,340,22.6
2024-11-11T14:10:00,1731314400,26.5,32.0,25.5,1015.5,97,False,334.0,4.3,7.8,0.7,2.0,341.3,344.0,167.0,301,26.0
2024-11-11T16:26:00,1731322560,23.6,34.0,24.3,1011.8,95,False,297.0,5.9,11.6,0.9,2.7,374.2,376.3,194.0,427,24.0
2024-11-11T19:57:00,1731335220,21.0,45.0,20.9,1011.5,98,False,72.0,6.0,12.1,0.9,2.6,383.6,381.5,208.0,449,20.9
2024-11-11T21:04:00,1731339240,19.3,36.0,18.4,1009.7,97,False,0.0,4.5,9.1,0.7,1.6,333.0,332.8,164.0,318,18.9
2024-11-12T00:56:00,1731353160,17.2,39.0,16.3,1011.1,97,False,14.0,3.4,6.8,0.7,1.4,291.5,293.4,162.0,254,16.8
2024-11-12T02:02:00,1731357120,15.4,48.0,14.8,1012.5,98,False,8.0,4.1,8.6,0.7,1.8,310.6,308.4,162.0,261,15.1
2024-11-12T04:36:00,1731366360,13.0,48.0,13.8,1016.0,99,False,0.0,4.2,7.3,0.6,1.3,287.1,291.5,161.0,257,13.4
2024-11-12T07:47:00,1731377820,15.2,54.0,15.0,1014.9,100,False,236.0,4.2,7.3,0.7,1.4,301.4,299.6,168.0,277,15.1
2024-11-12T09:41:00,1731384660,18.6,41.0,18.4,1014.0,95,False,305.0,3.8,8.8,0.7,1.8,317.8,316.6,155.0,285,18.5
2024-11-12T12:37:00,1731395220,23.4,42.0,23.8,1013.7,98,False,400.0,3.8,5.9,0.7,1.3,275.7,272.8,146.0,225,23.6
2024-11-12T14:59:00,1731403740,26.6,35.0,27.4,1012.1,99,False,321.0,3.8,7.2,0.6,1.3,308.3,310.7,166.0,269,27.0
2024-11-12T16:10:00,1731408000,24.5,41.0,25.4,1010.7,98,False,271.0,4.4,9.6,0.7,1.9,328.0,332.8,175.0,338,25.0
2024-11-12T19:07:00,1731418620,21.7,37.0,22.1,1012.9,99,False,85.0,4.6,9.3,0.7,2.0,330.1,329.8,181.0,324,21.9
2024-11-12T21:03:00,1731425580,20.3,49.0,19.5,1008.9,100,False,12.0,4.0,7.5,0.6,1.3,310.9,307.5,163.0,255,19.9
2024-11-13T00:33:00,1731438180,12.9,43.0,12.2,1013.0,100,False,0.0,4.3,9.8,0.8,1.7,329.2,326.5,171.0,323,12.6
2024-11-13T02:34:00,1731445440,10.4,44.0,11.3,1012.7,97,False,2.0,4.3,9.3,0.8,1.6,329.6,330.1,165.0,324,10.9
2024-11-13T04:14:00,1731451440,9.4,51.0,8.9,1015.9,98,False,0.0,4.4,7.5,0.7,1.8,320.4,323.9,155.0,268,9.2
2024-11-13T07:29:00,1731463140,11.4,48.0,10.4,1014.2,100,False,252.0,5.1,10.5,0.8,2.3,346.4,348.1,188.0,348,10.9
2024-11-13T09:32:00,1731470520,14.1,57.0,14.4,1016.9,96,False,295.0,5.5,11.0,0.9,1.8,349.7,352.6,182.0,351,14.3
2024-11-13T12:27:00,1731481020,19.8,45.0,18.9,1011.8,97,False,393.0,3.9,7.8,0.6,1.5,297.6,299.8,155.0,262,19.4
2024-11-13T14:14:00,1731487440,22.3,47.0,23.3,1011.3,95,False,353.0,4.0,8.8,0.8,1.9,330.6,328.4,177.0,306,22.8
2024-11-13T16:54:00,1731497040,21.0,46.0,20.5,1011.7,95,False,295.0,5.3,10.5,0.8,2.3,361.3,363.7,198.0,386,20.7
2024-11-13T19:13:00,1731505380,17.8,43.0,17.6,1008.1,100,False,75.0,4.9,10.3,0.8,1.7,346.6,344.2,183.0,343,17.7
2024-11-13T21:39:00,1731514140,15.9,50.0,15.3,1012.0,99,False,3.0,3.2,8.1,0.6,1.7,287.1,288.1,150.0,247,15.6
2024-11-14T00:12:00,1731523320,16.1,43.0,16.5,1013.0,30,True,0.0,4.6,9.9,0.7,1.8,354.2,349.3,171.0,340,16.3
2024-11-14T02:22:00,1731531120,14.4,50.0,14.8,1016.5,90,False,1.0,4.0,8.2,0.7,1.4,309.6,310.9,170.0,296,14.6
2024-11-14T04:19:00,1731538140,13.1,57.0,12.7,1015.8,98,False,0.0,5.1,9.5,0.8,1.9,331.4,335.3,180.0,320,12.9
2024-11-14T07:17:00,1731548820,15.0,63.0,14.2,1012.4,100,False,232.0,4.9,9.8,0.9,2.0,349.2,352.1,178.0,366,14.6
2024-11-14T09:11:00,1731555660,17.9,40.0,18.1,1011.9,90,False,327.0,5.9,12.0,0.9,2.1,394.9,394.0,206.0,414,18.0
2024-11-14T12:19:00,1731566940,22.9,46.0,23.3,1013.5,97,False,402.0,3.8,8.2,0.8,1.4,327.2,327.5,157.0,294,23.1
2024-11-14T14:58:00,1731576480,26.2,37.0,26.8,1015.6,11,True,223.0,3.8,9.2,0.7,1.5,335.9,331.5,157.0,298,26.5
2024-11-14T16:56:00,1731583560,24.5,48.0,24.5,1011.5,60,True,178.0,5.8,11.7,0.8,2.3,363.4,363.7,195.0,397,24.5
2024-11-14T19:29:00,1731592740,21.8,39.0,21.0,1012.0,23,True,49.0,6.1,11.2,0.9,2.2,360.4,360.5,189.0,392,21.4
2024-11-14T21:23:00,1731599580,19.2,50.0,19.5,1014.1,97,False,11.0,4.4,8.4,0.7,1.6,317.9,321.0,162.0,288,19.4
2024-11-15T00:05:00,1731609300,15.7,43.0,16.4,1014.6,95,False,0.0,3.8,7.2,0.7,1.7,288.5,283.6,144.0,244,16.0
2024-11-15T02:59:00,1731619740,14.0,38.0,14.7,1013.3,97,False,1.0,4.1,7.6,0.6,1.4,320.9,321.7,155.0,259,14.3
2024-11-15T04:34:00,1731625440,12.5,62.0,12.7,1015.9,98,False,15.0,3.8,8.9,0.7,1.4,328.8,328.6,160.0,281,12.6
2024-11-15T07:37:00,1731636420,14.0,56.0,14.7,1014.5,97,False,239.0,4.6,9.3,0.8,1.8,330.7,331.8,163.0,297,14.3
2024-11-15T09:32:00,1731643320,18.0,40.0,17.4,1017.7,96,False,306.0,4.1,9.3,0.8,1.8,349.2,345.2,173.0,321,17.7
2024-11-15T12:42:00,1731654720,23.0,40.0,22.7,1015.1,96,False,407.0,3.6,7.3,0.6,1.5,300.1,302.4,161.0,260,22.8
2024-11-15T14:12:00,1731660120,26.2,35.0,26.3,1010.3,96,False,345.0,3.6,6.2,0.5,1.5,286.4,285.0,137.0,212,26.2
2024-11-15T16:32:00,1731668520,24.2,51.0,24.2,1013.5,96,False,279.0,4.3,9.0,0.8,1.8,324.1,320.2,177.0,302,24.2
2024-11-15T19:50:00,1731680400,21.1,49.0,21.2,1011.2,97,False,68.0,4.8,9.0,0.8,2.0,336.7,338.2,172.0,321,21.1
2024-11-15T21:57:00,1731688020,19.5,48.0,18.7,1007.7,99,False,19.0,3.3,8.0,0.6,1.2,300.5,298.0,145.0,252,19.1
2024-11-16T00:05:00,1731695700,13.9,49.0,14.8,1012.9,98,False,3.0,3.8,8.4,0.7,1.4,326.9,322.4,148.0,267,14.3
2024-11-16T02:22:00,1731703920,12.3,60.0,13.0,1010.3,97,False,0.0,4.2,7.6,0.7,1.4,311.5,312.9,164.0,256,12.6
2024-11-16T04:40:00,1731712200,10.6,43.0,11.2,1016.8,99,False,0.0,3.2,6.5,0.5,1.5,301.5,300.6,142.0,231,10.9
2024-11-16T07:55:00,1731723900,12.7,61.0,12.6,1013.6,97,False,265.0,4.2,8.4,0.7,1.7,317.7,315.9,166.0,317,12.6
2024-11-16T09:01:00,1731727860,16.5,44.0,15.6,1017.2,95,False,314.0,4.2,7.7,0.6,1.6,338.6,343.2,166.0,296,16.0
2024-11-16T12:23:00,1731739980,20.9,34.0,21.4,1014.0,96,False,401.0,3.5,6.4,0.7,1.5,304.6,301.3,157.0,228,21.1
2024-11-16T14:22:00,1731747120,24.5,30.0,24.5,1011.1,98,False,328.0,3.6,6.0,0.6,1.4,263.1,260.6,133.0,208,24.5
2024-11-16T16:06:00,1731753360,22.4,37.0,22.6,1008.9,96,False,271.0,4.4,8.0,0.8,1.6,340.1,338.0,162.0,309,22.5
2024-11-16T19:18:00,1731764880,19.9,55.0,19.0,1011.1,95,False,57.0,4.6,8.1,0.8,2.1,314.3,313.9,174.0,310,19.4
2024-11-16T21:17:00,1731772020,17.6,43.0,17.2,1008.9,99,False,0.0,3.3,6.5,0.6,1.3,292.5,297.0,142.0,213,17.4
2024-11-17T00:00:00,1731781800,12.2,54.0,13.0,1015.0,99,False,13.0,4.2,7.7,0.7,1.6,295.2,291.6,168.0,278,12.6
2024-11-17T02:55:00,1731792300,10.5,59.0,11.2,1012.1,96,False,0.0,4.7,9.7,0.8,1.8,319.3,318.4,166.0,303,10.9
2024-11-17T04:35:00,1731798300,8.7,59.0,9.7,1013.0,96,False,0.0,4.5,8.9,0.7,1.6,331.5,329.8,172.0,287,9.2
2024-11-17T07:11:00,1731807660,11.3,50.0,10.5,1013.4,99,False,270.0,4.5,8.9,0.8,2.1,350.0,347.3,175.0,319,10.9
2024-11-17T09:38:00,1731816480,14.0,37.0,14.6,1014.4,98,False,315.0,4.8,8.3,0.8,2.1,325.4,321.9,181.0,321,14.3
2024-11-17T12:50:00,1731828000,19.6,36.0,19.2,1013.6,97,False,415.0,4.6,7.7,0.7,1.6,306.5,310.1,164.0,292,19.4
2024-11-17T14:11:00,1731832860,22.3,41.0,23.2,1008.5,97,False,341.0,4.6,8.0,0.8,2.0,336.3,336.1,166.0,297,22.8
2024-11-17T16:57:00,1731842820,20.7,34.0,20.8,1008.8,99,False,285.0,4.8,10.0,0.7,1.8,350.4,345.4,167.0,336,20.7
2024-11-17T19:54:00,1731853440,17.6,39.0,17.8,1006.6,95,False,71.0,4.7,9.6,0.7,2.2,362.0,363.7,173.0,347,17.7
2024-11-17T21:15:00,1731858300,15.9,46.0,15.4,1011.6,96,False,0.0,4.3,8.9,0.6,1.9,331.5,326.6,153.0,281,15.6
2024-11-18T00:04:00,1731868440,14.1,56.0,13.2,1015.4,95,False,0.0,4.1,8.0,0.7,1.7,325.5,322.2,157.0,264,13.6
2024-11-18T02:13:00,1731876180,11.8,42.0,12.1,1014.2,95,False,0.0,3.8,6.4,0.5,1.7,282.7,283.2,149.0,246,11.9
2024-11-18T04:43:00,1731885180,10.4,53.0,10.1,1012.5,98,False,0.0,4.3,7.1,0.6,1.7,324.4,321.2,152.0,271,10.2
2024-11-18T07:10:00,1731894000,12.3,58.0,11.6,1011.8,97,False,241.0,5.0,8.7,0.7,2.1,354.2,353.1,180.0,327,11.9
2024-11-18T09:58:00,1731904080,14.9,42.0,15.8,1010.6,98,False,325.0,3.9,9.2,0.7,1.7,320.3,316.7,162.0,305,15.3
2024-11-18T12:27:00,1731913020,20.1,43.0,20.8,1009.8,100,False,382.0,4.0,8.5,0.7,1.7,327.8,323.4,168.0,284,20.4
2024-11-18T14:04:00,1731918840,24.2,30.0,23.5,1008.0,98,False,322.0,4.0,7.6,0.7,1.6,301.3,303.9,162.0,269,23.8
2024-11-18T16:02:00,1731925920,21.8,45.0,21.8,1008.6,100,False,280.0,5.0,9.8,0.7,1.9,323.3,321.6,179.0,322,21.8
2024-11-18T19:18:00,1731937680,18.8,35.0,18.7,1010.5,95,False,86.0,4.8,9.3,0.7,1.8,332.6,333.0,181.0,338,18.7
2024-11-18T21:52:00,1731946920,16.6,47.0,16.8,1010.5,100,False,11.0,3.6,6.9,0.7,1.3,290.8,295.2,145.0,256,16.7
2024-11-19T00:00:00,1731954600,14.8,43.0,15.1,1017.0,98,False,2.0,4.9,10.4,0.7,1.9,329.4,334.1,185.0,348,14.9
2024-11-19T02:42:00,1731964320,13.5,47.0,13.0,1012.9,98,False,2.0,5.3,9.1,0.8,1.9,331.0,335.1,182.0,333,13.2
2024-11-19T04:58:00,1731972480,11.8,58.0,11.3,1017.6,95,False,0.0,4.5,8.6,0.7,2.0,328.5,326.6,175.0,326,11.5
2024-11-19T07:25:00,1731981300,13.0,47.0,13.4,1012.0,100,False,252.0,5.3,11.1,0.8,2.2,371.4,374.5,189.0,361,13.2
2024-11-19T09:34:00,1731989040,17.1,39.0,16.2,1014.6,99,False,308.0,5.2,10.6,0.9,2.2,329.4,328.0,173.0,343,16.6
2024-11-19T12:44:00,1732000440,22.0,34.0,21.4,1009.2,95,False,403.0,4.5,8.6,0.8,2.1,325.9,329.6,177.0,333,21.7
2024-11-19T14:32:00,1732006920,25.5,35.0,24.7,1013.1,97,False,321.0,4.7,9.0,0.8,1.7,345.3,347.5,162.0,306,25.1
2024-11-19T16:30:00,1732014000,22.9,32.0,23.3,1009.8,95,False,290.0,5.7,12.0,0.9,2.2,376.2,373.7,186.0,390,23.1
2024-11-19T19:51:00,1732026060,20.1,43.0,19.9,1009.7,98,False,57.0,5.5,11.2,0.8,2.4,370.0,374.7,199.0,393,20.0
2024-11-19T21:16:00,1732031160,18.1,50.0,17.9,1012.7,96,False,6.0,4.7,8.1,0.7,1.8,345.2,345.5,175.0,313,18.0
2024-11-20T00:42:00,1732043520,12.5,47.0,13.1,1014.2,96,False,10.0,4.8,9.8,0.9,2.0,338.8,339.7,189.0,351,12.8
2024-11-20T02:37:00,1732050420,10.9,37.0,11.4,1012.6,97,False,0.0,5.2,9.8,0.9,2.0,364.4,367.1,168.0,343,11.1
2024-11-20T04:58:00,1732058880,8.9,65.0,9.9,1013.5,97,False,0.0,5.1,10.1,0.8,2.0,320.8,323.9,177.0,331,9.4
2024-11-20T07:54:00,1732069440,10.8,49.0,11.4,1012.8,98,False,244.0,6.0,10.6,0.9,2.4,362.9,367.6,192.0,400,11.1
2024-11-20T09:23:00,1732074780,14.2,41.0,14.8,1013.3,99,False,303.0,5.9,10.9,0.9,2.6,390.8,390.0,198.0,419,14.5
2024-11-20T12:06:00,1732084560,19.7,44.0,19.5,1013.8,95,False,409.0,4.4,8.6,0.7,1.6,325.3,325.4,179.0,310,19.6
2024-11-20T14:13:00,1732092180,22.6,43.0,23.4,1012.2,95,False,344.0,4.6,9.2,0.6,1.6,299.3,294.6,159.0,287,23.0
2024-11-20T16:21:00,1732099860,20.9,38.0,21.0,1010.5,99,False,261.0,5.9,10.7,0.9,2.5,374.6,377.8,189.0,409,21.0
2024-11-20T19:45:00,1732112100,17.7,35.0,18.1,1012.3,99,False,94.0,5.9,11.7,1.0,2.1,391.2,389.1,201.0,431,17.9
2024-11-20T21:44:00,1732119240,16.1,50.0,15.6,1010.7,98,False,19.0,5.0,10.0,0.8,1.9,353.1,352.9,181.0,334,15.9
2024-11-21T00:31:00,1732129260,16.3,39.0,16.6,1009.3,95,False,20.0,3.6,6.8,0.6,1.4,301.9,302.9,150.0,259,16.4
2024-11-21T02:44:00,1732137240,14.9,47.0,14.6,1010.0,99,False,0.0,3.8,7.8,0.7,1.8,324.5,322.3,161.0,276,14.7
2024-11-21T04:30:00,1732143600,13.2,47.0,12.9,1018.3,99,False,0.0,4.1,7.0,0.6,1.6,288.1,285.9,167.0,264,13.0
2024-11-21T07:06:00,1732152960,15.2,47.0,14.3,1015.5,97,False,251.0,4.5,9.4,0.7,1.9,339.9,344.5,173.0,336,14.7
2024-11-21T09:05:00,1732160100,17.8,38.0,18.5,1013.1,98,False,309.0,4.5,9.0,0.7,1.8,305.1,307.9,160.0,296,18.1
2024-11-21T12:41:00,1732173060,23.5,37.0,23.0,1014.3,97,False,419.0,3.6,7.8,0.6,1.5,294.2,292.4,145.0,233,23.2
2024-11-21T14:10:00,1732178400,27.1,32.0,26.2,1013.3,97,False,352.0,3.0,5.9,0.6,1.6,272.6,269.1,141.0,230,26.6
2024-11-21T16:31:00,1732186860,25.1,48.0,24.1,1012.3,100,False,295.0,4.7,8.8,0.8,1.9,330.5,328.3,165.0,314,24.6
2024-11-21T19:55:00,1732199100,21.2,39.0,21.9,1011.7,100,False,95.0,4.5,9.1,0.8,1.9,331.1,331.0,179.0,338,21.5
2024-11-21T21:02:00,1732203120,19.4,48.0,19.6,1013.8,95,False,18.0,3.3,8.4,0.7,1.7,297.5,294.9,165.0,255,19.5
2024-11-22T00:41:00,1732216260,15.6,41.0,16.6,1014.9,99,False,0.0,5.4,10.6,0.9,2.0,385.5,383.0,190.0,405,16.1
2024-11-22T02:30:00,1732222800,14.2,58.0,14.6,1013.4,98,False,12.0,6.1,11.8,0.8,2.1,359.7,364.3,187.0,404,14.4
2024-11-22T04:05:00,1732228500,12.4,56.0,13.0,1014.7,99,False,0.0,4.5,8.7,0.7,2.1,352.5,351.8,178.0,324,12.7
2024-11-22T07:04:00,1732239240,14.2,52.0,14.6,1014.1,96,False,249.0,6.3,13.2,0.9,2.3,413.7,417.9,196.0,440,14.4
2024-11-22T09:17:00,1732247220,17.3,41.0,18.3,1013.2,99,False,306.0,7.0,13.8,1.0,2.7,427.7,432.2,202.0,468,17.8
2024-11-22T12:04:00,1732257240,22.7,31.0,23.0,1012.2,95,False,403.0,4.7,9.3,0.8,1.9,336.8,337.9,167.0,321,22.9
2024-11-22T14:32:00,1732266120,26.4,33.0,26.2,1015.5,96,False,336.0,5.0,9.1,0.7,1.7,338.8,335.0,177.0,338,26.3
2024-11-22T16:12:00,1732272120,24.6,42.0,23.9,1009.8,96,False,287.0,6.4,11.8,1.0,2.3,375.7,378.3,204.0,426,24.2
2024-11-22T19:45:00,1732284900,21.1,46.0,21.2,1011.1,99,False,61.0,5.9,12.4,0.9,2.2,383.1,386.1,214.0,446,21.2
2024-11-22T21:30:00,1732291200,18.8,56.0,19.5,1008.3,97,False,14.0,4.3,8.3,0.6,1.6,313.9,316.2,166.0,299,19.1
2024-11-23T00:33:00,1732302180,14.1,40.0,14.1,1016.6,98,False,3.0,4.9,9.5,0.8,2.2,335.0,330.8,182.0,338,14.1
2024-11-23T02:17:00,1732308420,12.6,51.0,12.2,1014.2,98,False,17.0,5.1,8.7,0.8,1.6,333.9,329.6,164.0,319,12.4
2024-11-23T04:18:00,1732315680,10.8,46.0,10.6,1010.3,100,False,0.0,5.2,10.0,0.9,1.8,356.3,356.0,174.0,341,10.7
2024-11-23T07:16:00,1732326360,12.6,49.0,12.2,1015.8,98,False,259.0,5.8,10.5,0.8,2.0,380.7,381.3,192.0,391,12.4
2024-11-23T09:51:00,1732335660,16.2,55.0,15.4,1019.1,98,False,291.0,6.2,10.9,0.9,2.5,362.4,359.1,189.0,401,15.8
2024-11-23T12:30:00,1732345200,21.4,38.0,20.4,1012.1,98,False,383.0,4.3,10.2,0.7,2.1,346.3,347.5,183.0,326,20.9
2024-11-23T14:25:00,1732352100,24.6,30.0,24.0,1011.6,97,False,321.0,5.2,8.7,0.8,2.1,325.2,320.3,165.0,328,24.3
2024-11-23T16:45:00,1732360500,21.8,40.0,22.7,1011.8,97,False,286.0,5.3,12.0,0.9,2.5,390.8,390.8,188.0,407,22.2
2024-11-23T19:59:00,1732372140,19.2,38.0,19.2,1010.7,98,False,63.0,5.2,11.2,0.9,2.0,361.1,360.8,188.0,380,19.2
2024-11-23T21:37:00,1732378020,17.5,44.0,16.8,1010.5,99,False,17.0,3.6,9.0,0.6,1.7,309.8,305.4,158.0,278,17.1
2024-11-24T00:24:00,1732388040,15.8,38.0,16.6,1014.3,99,False,0.0,5.2,10.1,0.7,2.2,349.6,345.9,174.0,341,16.2
2024-11-24T02:12:00,1732394520,14.3,47.0,14.7,1013.7,95,False,0.0,4.7,9.5,0.9,1.7,351.6,354.2,178.0,340,14.5
2024-11-24T04:30:00,1732402800,13.0,57.0,12.6,1016.6,95,False,0.0,4.7,9.5,0.7,2.3,361.5,361.0,180.0,351,12.8
2024-11-24T07:13:00,1732412580,14.5,50.0,14.5,1017.1,97,False,236.0,5.2,11.7,0.8,2.1,382.2,386.8,192.0,379,14.5
2024-11-24T09:36:00,1732421160,17.9,46.0,17.9,1013.1,95,False,295.0,6.6,12.5,0.9,2.5,404.8,408.0,205.0,440,17.9
2024-11-24T12:10:00,1732430400,22.8,49.0,23.2,1014.6,95,False,412.0,4.1,10.1,0.8,1.6,349.0,345.1,166.0,317,23.0
2024-11-24T14:22:00,1732438320,26.8,43.0,26.0,1014.2,96,False,324.0,4.7,9.5,0.9,2.0,368.3,372.6,178.0,366,26.4
2024-11-24T16:58:00,1732447680,24.1,39.0,24.6,1011.4,100,False,265.0,5.8,12.7,0.9,2.4,372.2,370.3,190.0,414,24.4
2024-11-24T19:28:00,1732456680,21.0,52.0,21.6,1013.3,99,False,78.0,6.1,11.8,1.0,2.4,401.4,403.3,198.0,453,21.3
2024-11-24T21:40:00,1732464600,19.3,46.0,19.3,1013.4,95,False,0.0,4.6,8.1,0.8,1.6,335.0,330.3,158.0,301,19.3
2024-11-25T00:58:00,1732476480,12.1,53.0,12.3,1010.6,98,False,0.0,4.3,7.2,0.8,1.8,323.9,327.1,153.0,280,12.2
2024-11-25T02:21:00,1732481460,10.1,45.0,11.0,1015.4,99,False,0.0,3.8,7.3,0.7,1.6,306.2,303.8,159.0,279,10.5
2024-11-25T04:56:00,1732490760,8.5,50.0,9.2,1016.9,97,False,1.0,4.6,9.3,0.8,1.8,321.4,320.8,165.0,310,8.8
2024-11-25T07:35:00,1732500300,10.0,56.0,11.0,1015.3,95,False,252.0,5.1,9.4,0.7,1.9,357.1,354.5,190.0,359,10.5
2024-11-25T09:44:00,1732508040,13.6,57.0,14.2,1014.6,95,False,294.0,5.0,9.2,0.7,2.2,337.5,339.4,186.0,341,13.9
2024-11-25T12:49:00,1732519140,18.9,49.0,19.2,1014.2,96,False,395.0,4.4,8.0,0.7,1.7,299.8,300.8,166.0,283,19.0
2024-11-25T14:26:00,1732524960,22.9,47.0,22.0,1013.5,100,False,341.0,4.1,8.0,0.6,1.5,304.3,305.4,146.0,251,22.4
2024-11-25T16:23:00,1732531980,20.0,34.0,20.8,1011.1,98,False,292.0,5.8,11.6,0.8,2.3,385.2,389.1,180.0,384,20.4
2024-11-25T19:32:00,1732543320,17.4,52.0,17.3,1007.8,99,False,84.0,5.2,10.7,0.8,2.1,356.6,361.6,170.0,343,17.3
2024-11-25T21:21:00,1732549860,15.0,41.0,15.5,1012.7,98,False,0.0,4.3,8.9,0.6,1.3,323.8,325.5,155.0,274,15.3
2024-11-26T00:11:00,1732560060,13.0,46.0,12.6,1009.1,96,False,3.0,5.2,10.8,0.9,2.1,351.7,354.5,189.0,391,12.8
2024-11-26T02:30:00,1732568400,10.8,64.0,11.5,1013.8,95,False,5.0,4.3,9.1,0.7,2.0,333.2,331.7,169.0,330,11.1
2024-11-26T04:14:00,1732574640,9.1,57.0,9.8,1014.2,99,False,0.0,5.3,9.7,0.8,2.0,344.4,349.0,182.0,368,9.4
2024-11-26T07:40:00,1732587000,10.9,55.0,11.4,1014.2,98,False,244.0,5.8,11.6,0.9,2.7,382.9,382.7,209.0,431,11.1
2024-11-26T09:22:00,1732593120,14.6,42.0,14.5,1016.7,97,False,319.0,6.2,12.0,1.0,2.3,403.7,406.3,208.0,432,14.5
2024-11-26T12:19:00,1732603740,20.0,36.0,19.2,1013.8,99,False,400.0,3.8,7.8,0.7,1.8,327.1,326.0,168.0,296,19.6
2024-11-26T14:02:00,1732609920,23.0,35.0,23.1,1012.8,99,False,340.0,5.0,10.3,0.8,2.2,341.7,337.0,182.0,340,23.0
2024-11-26T16:15:00,1732617900,20.9,37.0,21.1,1011.7,95,False,289.0,5.5,11.3,0.9,2.4,367.7,369.7,196.0,421,21.0
2024-11-26T19:41:00,1732630260,17.5,51.0,18.4,1009.7,97,False,63.0,6.3,12.2,0.9,2.3,389.0,384.6,199.0,438,17.9
2024-11-26T21:05:00,1732635300,15.8,49.0,16.0,1015.4,96,False,16.0,4.9,9.6,0.8,1.5,344.9,343.1,170.0,318,15.9
2024-11-27T00:43:00,1732648380,15.0,45.0,15.2,1010.7,95,False,3.0,5.0,9.4,0.7,1.7,315.8,311.8,163.0,320,15.1
2024-11-27T02:26:00,1732654560,13.4,42.0,13.4,1012.6,96,False,0.0,5.0,10.8,0.9,2.3,352.4,351.4,195.0,382,13.4
2024-11-27T04:44:00,1732662840,11.9,55.0,11.5,1013.5,97,False,0.0,5.4,10.7,0.8,2.4,374.8,378.0,196.0,373,11.7
2024-11-27T07:49:00,1732673940,13.9,47.0,12.9,1017.8,99,False,243.0,5.9,11.3,0.9,2.0,382.7,380.8,205.0,408,13.4
2024-11-27T09:23:00,1732679580,16.5,47.0,17.1,1017.9,98,False,310.0,6.1,11.6,0.9,2.6,410.5,411.5,206.0,445,16.8
2024-11-27T12:56:00,1732692360,21.5,33.0,22.3,1012.1,95,False,405.0,4.0,7.8,0.6,1.6,318.2,314.4,163.0,284,21.9
2024-11-27T14:00:00,1732696200,25.6,44.0,25.0,1013.7,95,False,329.0,4.5,8.4,0.8,1.6,337.1,339.6,167.0,320,25.3
2024-11-27T16:21:00,1732704660,23.1,36.0,23.5,1012.9,99,False,278.0,6.3,11.3,1.0,2.2,382.7,380.5,189.0,411,23.3
2024-11-27T19:11:00,1732714860,20.7,52.0,19.7,1012.7,95,False,84.0,5.3,11.3,0.8,2.1,393.3,391.9,190.0,404,20.2
2024-11-27T21:04:00,1732721640,18.3,47.0,18.0,1012.3,98,False,6.0,4.7,9.4,0.6,1.4,316.3,311.7,159.0,295,18.2
2024-11-28T00:15:00,1732733100,12.1,57.0,12.2,1009.8,98,False,14.0,4.2,9.6,0.7,2.1,345.4,349.6,160.0,307,12.1
2024-11-28T02:04:00,1732739640,10.7,50.0,10.2,1012.1,96,False,0.0,4.2,9.5,0.8,1.9,323.2,322.6,157.0,299,10.4
2024-11-28T04:13:00,1732747380,9.1,45.0,8.4,1010.5,96,False,12.0,4.8,10.3,0.8,2.3,343.1,340.9,183.0,359,8.7
2024-11-28T07:53:00,1732760580,10.6,55.0,10.3,1014.6,99,False,245.0,5.0,11.4,0.8,2.2,345.6,349.7,190.0,368,10.4
2024-11-28T09:44:00,1732767240,13.6,44.0,14.1,1013.9,99,False,291.0,5.9,10.3,0.9,2.3,368.0,366.2,185.0,384,13.8
2024-11-28T12:40:00,1732777800,19.3,46.0,18.6,1015.1,100,False,409.0,4.5,8.5,0.8,1.9,334.8,336.5,161.0,286,18.9
2024-11-28T14:31:00,1732784460,22.4,49.0,22.2,1010.0,99,False,320.0,4.4,7.6,0.6,1.8,330.4,330.4,167.0,271,22.3
2024-11-28T16:11:00,1732790460,20.5,44.0,20.1,1007.2,98,False,271.0,5.2,12.2,0.9,2.0,370.5,371.3,186.0,399,20.3
2024-11-28T19:54:00,1732803840,16.7,39.0,17.7,1011.4,95,False,83.0,5.0,11.2,0.9,1.9,362.4,359.2,181.0,382,17.2
2024-11-28T21:28:00,1732809480,14.7,47.0,15.6,1011.8,95,False,0.0,4.9,8.6,0.6,1.7,322.7,322.1,161.0,306,15.2
2024-11-29T00:18:00,1732819680,16.9,36.0,17.2,1012.5,98,False,0.0,4.9,9.4,0.7,1.6,336.2,337.3,175.0,319,17.0
2024-11-29T02:12:00,1732826520,15.7,50.0,15.0,1014.8,97,False,0.0,3.9,8.2,0.8,1.5,333.4,334.1,162.0,286,15.3
2024-11-29T04:58:00,1732836480,14.0,50.0,13.3,1015.8,100,False,17.0,4.5,9.7,0.8,1.7,308.1,312.9,165.0,305,13.6
2024-11-29T07:55:00,1732847100,15.6,41.0,15.1,1015.6,95,False,243.0,5.5,9.6,0.7,1.8,340.6,344.5,182.0,351,15.3
2024-11-29T09:16:00,1732851960,18.4,43.0,19.1,1016.3,95,False,309.0,4.3,9.1,0.8,1.7,349.2,347.0,161.0,313,18.7
2024-11-29T12:36:00,1732863960,23.7,39.0,24.0,1012.4,98,False,416.0,4.2,8.7,0.8,1.7,305.7,303.3,169.0,272,23.8
2024-11-29T14:49:00,1732871940,27.5,48.0,27.0,1010.1,98,False,331.0,4.1,7.2,0.7,1.8,303.2,302.7,150.0,275,27.2
2024-11-29T16:24:00,1732877640,25.1,47.0,25.3,1015.0,95,False,295.0,4.8,10.9,0.8,2.1,344.6,347.6,174.0,361,25.2
2024-11-29T19:17:00,1732888020,22.5,54.0,21.8,1011.2,98,False,92.0,5.3,9.8,0.8,2.1,367.6,371.2,186.0,350,22.1
2024-11-29T21:11:00,1732894860,19.9,50.0,20.3,1007.8,97,False,0.0,3.7,7.7,0.7,1.8,328.4,328.5,157.0,289,20.1
2024-11-30T00:51:00,1732908060,14.6,53.0,13.8,1011.4,96,False,12.0,4.5,8.0,0.8,2.0,338.8,341.3,172.0,306,14.2
2024-11-30T02:31:00,1732914060,12.7,51.0,12.3,1016.4,100,False,17.0,4.7,8.8,0.9,1.8,333.8,336.1,180.0,342,12.5
2024-11-30T04:42:00,1732921920,10.8,53.0,10.9,1016.1,99,False,8.0,5.0,11.1,0.7,1.8,358.5,353.5,184.0,365,10.8
2024-11-30T07:45:00,1732932900,12.6,39.0,12.4,1018.0,98,False,251.0,4.9,8.9,0.9,2.1,366.9,362.8,175.0,346,12.5
2024-11-30T09:29:00,1732939140,16.3,45.0,15.5,1016.5,98,False,302.0,4.9,11.2,0.9,2.0,380.3,383.8,192.0,378,15.9
2024-11-30T12:48:00,1732951080,21.0,35.0,21.0,1015.3,97,False,403.0,4.3,9.0,0.8,1.7,331.2,334.4,162.0,285,21.0
2024-11-30T14:04:00,1732955640,24.3,31.0,24.5,1008.6,98,False,333.0,4.1,8.3,0.7,1.9,338.2,338.5,163.0,290,24.4
2024-11-30T16:42:00,1732965120,22.3,37.0,22.4,1006.4,95,False,285.0,5.5,11.1,0.8,2.2,382.6,385.7,193.0,376,22.4
2024-11-30T19:04:00,1732973640,19.7,45.0,19.0,1014.8,96,False,82.0,6.1,12.4,0.9,2.4,366.7,368.0,202.0,404,19.3
2024-11-30T21:14:00,1732981440,16.9,37.0,17.7,1009.3,100,False,17.0,4.8,8.7,0.7,2.0,335.6,340.2,168.0,306,17.3
2024-12-01T00:24:00,1732992840,9.5,69.0,10.2,1019.4,93,False,7.0,3.4,7.2,0.7,1.6,293.9,298.5,151.0,250,9.9
2024-12-01T02:56:00,1733001960,8.4,65.0,8.1,1019.9,33,True,17.0,3.3,8.1,0.6,1.3,284.0,279.1,153.0,251,8.3
2024-12-01T04:01:00,1733005860,6.8,69.0,6.5,1021.2,100,False,0.0,3.7,7.7,0.7,1.7,311.0,313.0,147.0,259,6.7
2024-12-01T07:58:00,1733020080,7.8,52.0,8.7,1017.3,60,True,150.0,4.4,8.3,0.7,1.8,321.9,320.4,174.0,317,8.3
2024-12-01T09:00:00,1733023800,11.5,67.0,11.4,1020.1,95,False,320.0,4.3,9.4,0.7,2.0,316.6,315.2,173.0,313,11.5
2024-12-01T12:04:00,1733034840,16.0,49.0,16.5,1018.1,100,False,380.0,3.5,5.9,0.6,1.6,271.9,270.0,137.0,218,16.3
2024-12-01T14:56:00,1733045160,19.4,57.0,19.5,1016.6,96,False,342.0,3.5,8.3,0.8,1.8,329.5,326.6,150.0,270,19.5
2024-12-01T16:27:00,1733050620,17.4,36.0,17.7,1018.6,44,True,135.0,4.5,8.6,0.7,2.0,352.1,347.6,178.0,317,17.5
2024-12-01T19:28:00,1733061480,14.2,53.0,15.1,1016.9,60,True,19.0,4.4,8.9,0.8,2.0,345.9,349.9,163.0,319,14.7
2024-12-01T21:37:00,1733069220,12.5,57.0,13.0,1016.2,99,False,0.0,3.7,7.9,0.6,1.7,285.2,288.9,149.0,250,12.7
2024-12-02T00:47:00,1733080620,9.3,69.0,9.5,1018.5,95,False,0.0,4.0,6.9,0.5,1.3,297.4,298.5,151.0,249,9.4
2024-12-02T02:59:00,1733088540,7.9,66.0,7.7,1021.5,95,False,0.0,4.2,7.2,0.7,1.7,290.2,294.0,161.0,264,7.8
2024-12-02T04:21:00,1733093460,5.7,74.0,6.7,1020.4,100,False,16.0,3.7,7.1,0.6,1.3,285.3,289.7,156.0,242,6.2
2024-12-02T07:48:00,1733105880,7.7,50.0,7.9,1018.8,98,False,253.0,4.3,8.8,0.7,1.8,303.7,307.6,166.0,293,7.8
2024-12-02T09:38:00,1733112480,11.0,54.0,11.0,1019.6,100,False,315.0,4.2,8.6,0.6,1.9,316.7,321.5,163.0,286,11.0
2024-12-02T12:09:00,1733121540,15.5,63.0,16.0,1016.4,100,False,415.0,2.7,5.8,0.5,1.3,265.2,268.5,145.0,216,15.8
2024-12-02T14:36:00,1733130360,18.7,51.0,19.3,1021.5,98,False,324.0,3.4,6.4,0.7,1.5,295.2,294.2,153.0,252,19.0
2024-12-02T16:55:00,1733138700,17.4,53.0,16.8,1017.9,96,False,293.0,4.4,8.0,0.7,1.5,313.4,315.8,155.0,285,17.1
2024-12-02T19:08:00,1733146680,13.9,46.0,14.5,1018.2,100,False,62.0,4.6,7.8,0.7,1.7,330.5,331.7,160.0,296,14.2
2024-12-02T21:17:00,1733154420,12.3,55.0,12.3,1015.5,96,False,0.0,3.9,7.7,0.6,1.5,315.5,317.7,158.0,245,12.3
2024-12-03T00:04:00,1733164440,11.3,60.0,10.3,1018.2,95,False,4.0,3.5,8.0,0.6,1.8,318.2,318.8,148.0,256,10.8
2024-12-03T02:13:00,1733172180,9.5,62.0,8.9,1020.9,91,False,12.0,3.4,7.2,0.7,1.2,314.2,319.1,145.0,245,9.2
2024-12-03T04:41:00,1733181060,8.0,59.0,7.2,1019.2,99,False,9.0,3.4,6.1,0.6,1.2,281.6,284.5,150.0,228,7.6
2024-12-03T07:44:00,1733192040,9.2,56.0,9.3,1021.3,100,False,250.0,3.5,7.3,0.7,1.8,320.7,319.6,167.0,270,9.2
2024-12-03T09:57:00,1733200020,12.7,65.0,12.2,1020.7,90,False,320.0,4.3,9.2,0.7,1.5,318.1,314.3,163.0,284,12.4
2024-12-03T12:52:00,1733210520,16.9,59.0,17.5,1019.3,21,True,134.0,3.1,7.6,0.5,1.4,291.8,292.3,143.0,239,17.2
2024-12-03T14:44:00,1733217240,20.2,43.0,20.7,1019.6,31,True,231.0,3.5,6.4,0.7,1.7,320.2,318.0,152.0,253,20.4
2024-12-03T16:33:00,1733223780,19.0,49.0,18.0,1020.4,92,False,271.0,3.8,8.8,0.7,1.5,325.8,323.7,165.0,286,18.5
2024-12-03T19:00:00,1733232600,16.0,55.0,15.2,1015.2,94,False,71.0,4.5,7.9,0.7,1.5,319.9,322.6,171.0,300,15.6
2024-12-03T21:27:00,1733241420,13.8,52.0,13.7,1017.3,94,False,0.0,3.1,6.2,0.5,1.0,288.5,287.8,132.0,205,13.7
2024-12-04T00:06:00,1733250960,12.5,70.0,12.9,1015.8,100,False,5.0,4.3,8.0,0.6,2.0,328.8,325.9,162.0,285,12.7
2024-12-04T02:27:00,1733259420,11.5,65.0,10.6,1016.8,98,False,20.0,3.5,8.2,0.6,1.3,302.0,298.6,165.0,260,11.1
2024-12-04T04:40:00,1733267400,9.2,57.0,9.8,1020.7,99,False,0.0,4.1,8.4,0.7,1.4,320.9,316.1,147.0,256,9.5
2024-12-04T07:56:00,1733279160,10.9,70.0,11.3,1019.8,98,False,254.0,4.1,8.3,0.6,1.4,306.1,307.5,156.0,276,11.1
2024-12-04T09:57:00,1733286420,14.7,51.0,13.9,1020.4,98,False,325.0,3.7,8.1,0.8,1.9,312.7,315.6,167.0,291,14.3
2024-12-04T12:17:00,1733294820,19.3,60.0,18.9,1019.2,96,False,404.0,3.7,7.0,0.6,1.5,286.7,283.0,161.0,249,19.1
2024-12-04T14:49:00,1733303940,22.1,53.0,22.5,1021.2,98,False,334.0,2.9,7.6,0.5,1.3,284.9,284.4,149.0,227,22.3
2024-12-04T16:50:00,1733311200,20.0,42.0,20.8,1018.3,100,False,298.0,4.7,9.7,0.8,2.1,331.1,333.4,175.0,314,20.4
2024-12-04T19:10:00,1733319600,17.4,56.0,17.6,1017.6,100,False,80.0,4.5,9.7,0.7,2.1,314.5,312.3,166.0,311,17.5
2024-12-04T21:58:00,1733329680,16.0,52.0,15.1,1017.2,95,False,0.0,3.9,7.4,0.6,1.7,294.1,298.2,160.0,251,15.6
2024-12-05T00:45:00,1733339700,11.5,56.0,12.0,1017.5,95,False,0.0,3.7,8.0,0.7,1.8,321.5,326.4,155.0,283,11.8
2024-12-05T02:37:00,1733346420,10.0,68.0,10.3,1020.0,95,False,19.0,4.8,8.1,0.8,1.8,348.5,351.4,177.0,310,10.2
2024-12-05T04:43:00,1733353980,9.0,75.0,8.1,1022.0,99,False,0.0,4.2,9.6,0.8,1.8,339.8,336.0,180.0,314,8.6
2024-12-05T07:49:00,1733365140,10.2,64.0,10.2,1020.9,97,False,245.0,5.1,11.4,0.9,2.3,366.5,368.6,182.0,367,10.2
2024-12-05T09:24:00,1733370840,12.9,55.0,13.8,1020.8,97,False,301.0,4.4,9.0,0.7,2.1,360.4,364.3,171.0,339,13.4
2024-12-05T12:45:00,1733382900,18.6,46.0,17.8,1017.3,99,False,419.0,4.0,7.0,0.7,1.5,319.2,323.2,155.0,260,18.2
2024-12-05T14:58:00,1733390880,21.1,53.0,21.6,1014.7,96,False,341.0,4.0,8.3,0.7,2.0,336.5,340.6,175.0,313,21.4
2024-12-05T16:45:00,1733397300,19.8,56.0,19.1,1016.3,95,False,284.0,5.7,10.3,0.8,1.9,358.7,361.2,195.0,377,19.4
2024-12-05T19:47:00,1733408220,16.4,58.0,16.8,1015.5,97,False,59.0,4.8,9.8,0.8,2.0,367.0,368.9,176.0,371,16.6
2024-12-05T21:02:00,1733412720,14.2,46.0,15.1,1017.3,96,False,16.0,4.1,9.6,0.8,1.9,340.6,339.2,164.0,312,14.6
2024-12-06T00:09:00,1733423940,9.8,48.0,10.6,1018.7,96,False,18.0,3.5,7.7,0.6,1.1,288.6,289.6,152.0,232,10.2
2024-12-06T02:49:00,1733433540,8.7,56.0,8.5,1019.3,97,False,11.0,4.0,8.2,0.6,1.8,315.8,315.4,148.0,259,8.6
2024-12-06T04:54:00,1733441040,6.9,57.0,7.1,1021.1,100,False,2.0,3.7,7.3,0.7,1.6,309.6,307.8,162.0,249,7.0
2024-12-06T07:57:00,1733452020,8.5,74.0,8.8,1022.0,98,False,252.0,4.1,9.0,0.7,1.5,323.3,321.7,159.0,306,8.6
2024-12-06T09:37:00,1733458020,11.6,63.0,12.0,1019.2,95,False,307.0,4.6,8.0,0.7,1.5,324.2,324.0,163.0,295,11.8
2024-12-06T12:11:00,1733467260,16.7,38.0,16.5,1021.3,99,False,397.0,3.4,7.4,0.5,1.6,277.2,277.1,145.0,216,16.6
2024-12-06T14:21:00,1733475060,19.5,49.0,20.1,1014.2,97,False,336.0,3.1,7.6,0.5,1.3,298.1,293.7,155.0,229,19.8
2024-12-06T16:21:00,1733482260,17.7,57.0,18.0,1020.1,99,False,294.0,4.0,9.6,0.8,1.9,312.8,311.6,172.0,299,17.9
2024-12-06T19:50:00,1733494800,15.1,51.0,14.9,1019.4,100,False,72.0,4.1,9.5,0.7,1.7,345.7,340.8,170.0,318,15.0
2024-12-06T21:38:00,1733501280,13.3,53.0,12.9,1014.0,100,False,17.0,3.7,7.4,0.7,1.6,287.8,286.7,142.0,237,13.1
2024-12-07T00:49:00,1733512740,7.7,49.0,8.0,1020.4,95,False,0.0,4.9,8.8,0.7,1.6,353.2,355.5,163.0,318,7.8
2024-12-07T02:03:00,1733517180,6.5,65.0,5.9,1020.3,96,False,0.0,4.2,7.1,0.7,1.9,325.1,321.8,163.0,276,6.2
2024-12-07T04:16:00,1733525160,5.0,60.0,4.3,1021.1,96,False,0.0,4.7,7.4,0.7,1.9,327.7,326.3,173.0,287,4.6
2024-12-07T07:57:00,1733538420,6.1,57.0,6.3,1021.6,95,False,236.0,4.7,9.1,0.8,1.9,334.4,338.7,184.0,344,6.2
2024-12-07T09:15:00,1733543100,9.5,51.0,9.3,1015.8,96,False,313.0,4.9,10.3,0.7,1.9,349.6,352.3,166.0,324,9.4
2024-12-07T12:56:00,1733556360,14.5,53.0,14.0,1016.6,98,False,396.0,4.0,8.4,0.8,1.5,339.1,343.2,166.0,291,14.2
2024-12-07T14:16:00,1733561160,17.6,47.0,17.3,1013.5,99,False,330.0,4.2,7.5,0.6,1.4,320.4,324.5,157.0,264,17.4
2024-12-07T16:19:00,1733568540,15.5,54.0,15.5,1016.8,98,False,292.0,4.7,9.3,0.8,2.0,329.6,331.9,175.0,342,15.5
2024-12-07T19:57:00,1733581620,12.5,53.0,12.8,1014.3,98,False,80.0,5.6,11.0,0.8,2.0,377.3,376.7,180.0,382,12.6
2024-12-07T21:27:00,1733587020,10.6,59.0,10.8,1015.5,95,False,4.0,4.3,7.7,0.8,1.5,332.5,334.9,163.0,287,10.7
2024-12-08T00:10:00,1733596800,8.1,72.0,7.6,1019.3,92,False,0.0,4.2,7.3,0.6,1.9,322.8,318.0,153.0,267,7.8
2024-12-08T02:04:00,1733603640,6.2,57.0,6.3,1020.4,91,False,13.0,4.3,8.7,0.6,1.4,298.6,295.3,151.0,270,6.2
2024-12-08T04:56:00,1733613960,4.9,66.0,4.4,1021.1,28,True,0.0,4.6,8.7,0.7,1.8,332.0,329.4,171.0,289,4.6
2024-12-08T07:44:00,1733624040,6.3,48.0,6.1,1020.0,92,False,237.0,4.7,9.4,0.8,1.7,349.6,354.5,168.0,329,6.2
2024-12-08T09:56:00,1733631960,9.0,61.0,9.9,1018.1,91,False,317.0,4.5,9.0,0.8,1.5,330.2,327.4,167.0,303,9.4
2024-12-08T12:59:00,1733642940,14.2,53.0,14.2,1018.8,28,True,162.0,3.7,7.0,0.6,1.5,294.5,290.1,153.0,264,14.2
2024-12-08T14:06:00,1733646960,17.7,41.0,17.2,1017.3,95,False,326.0,3.4,7.6,0.6,1.7,323.9,323.8,153.0,259,17.4
2024-12-08T16:12:00,1733654520,15.3,49.0,15.8,1019.1,97,False,273.0,4.7,10.5,0.9,1.8,338.6,341.6,171.0,334,15.5
2024-12-08T19:49:00,1733667540,12.7,59.0,12.6,1018.8,96,False,73.0,4.8,8.8,0.7,2.0,337.7,336.2,172.0,341,12.6
2024-12-08T21:24:00,1733673240,10.5,59.0,11.0,1015.7,55,True,12.0,3.7,7.5,0.6,1.3,302.1,300.0,150.0,245,10.7
2024-12-09T00:13:00,1733683380,9.5,61.0,9.5,1021.0,100,False,13.0,4.0,8.3,0.8,1.4,294.0,295.8,158.0,273,9.5
2024-12-09T02:22:00,1733691120,8.3,65.0,7.4,1022.9,50,True,0.0,4.3,9.5,0.8,1.5,336.4,337.3,158.0,295,7.9
2024-12-09T04:21:00,1733698260,6.2,55.0,6.3,1020.2,95,False,5.0,4.1,7.9,0.7,1.4,305.8,306.2,165.0,285,6.3
2024-12-09T07:53:00,1733710980,7.9,66.0,7.9,1022.4,98,False,263.0,4.5,9.6,0.7,1.8,363.3,364.3,185.0,339,7.9
2024-12-09T09:50:00,1733718000,10.9,58.0,11.3,1018.3,100,False,311.0,4.6,9.0,0.7,1.9,308.0,307.8,164.0,304,11.1
2024-12-09T12:52:00,1733728920,15.5,48.0,16.3,1017.7,90,False,381.0,3.8,8.2,0.5,1.6,311.6,316.4,158.0,251,15.9
2024-12-09T14:17:00,1733734020,19.0,52.0,19.2,1018.4,96,False,321.0,3.5,7.2,0.6,1.4,300.5,302.7,160.0,251,19.1
2024-12-09T16:15:00,1733741100,17.3,61.0,17.1,1017.4,52,True,125.0,4.4,9.3,0.7,1.9,323.2,320.4,166.0,326,17.2
2024-12-09T19:53:00,1733754180,14.1,45.0,14.4,1020.5,91,False,59.0,4.6,9.0,0.8,2.0,353.2,357.9,169.0,331,14.3
2024-12-09T21:51:00,1733761260,12.6,62.0,12.1,1015.3,21,True,3.0,3.5,7.0,0.6,1.6,273.6,278.4,157.0,235,12.4
2024-12-10T00:33:00,1733770980,12.9,57.0,13.6,1017.0,96,False,4.0,4.4,7.6,0.7,1.8,309.1,306.5,158.0,276,13.2
2024-12-10T02:11:00,1733776860,11.2,64.0,12.1,1019.0,97,False,0.0,3.5,7.0,0.6,1.6,300.6,299.1,157.0,252,11.6
2024-12-10T04:13:00,1733784180,9.9,67.0,10.2,1023.5,96,False,19.0,3.2,6.4,0.7,1.8,297.4,296.8,155.0,248,10.0
2024-12-10T07:06:00,1733794560,12.1,58.0,11.2,1022.3,98,False,266.0,4.5,8.0,0.6,1.5,298.6,300.6,158.0,284,11.6
2024-12-10T09:49:00,1733804340,15.2,54.0,14.5,1021.9,98,False,299.0,4.0,8.3,0.6,1.5,324.5,323.2,158.0,275,14.8
2024-12-10T12:08:00,1733812680,19.9,53.0,19.4,1019.2,96,False,411.0,3.3,8.0,0.6,1.4,284.2,279.7,154.0,258,19.6
2024-12-10T14:37:00,1733821620,22.7,33.0,23.0,1016.8,97,False,359.0,3.6,6.1,0.6,1.6,288.7,290.8,149.0,240,22.8
2024-12-10T16:30:00,1733828400,21.2,45.0,20.7,1017.3,99,False,265.0,3.7,8.2,0.8,2.0,320.6,318.6,168.0,281,20.9
2024-12-10T19:35:00,1733839500,18.4,56.0,17.7,1014.2,95,False,79.0,4.3,8.7,0.7,1.7,337.2,332.3,176.0,309,18.0
2024-12-10T21:28:00,1733846280,16.0,47.0,16.3,1017.4,99,False,0.0,4.1,7.5,0.6,1.5,319.9,319.3,147.0,251,16.1
2024-12-11T00:52:00,1733858520,12.8,60.0,13.0,1020.7,100,False,15.0,3.9,7.8,0.7,1.6,298.8,296.3,145.0,235,12.9
2024-12-11T02:58:00,1733866080,11.4,57.0,11.2,1020.1,97,False,5.0,2.9,6.8,0.5,1.5,262.6,259.5,135.0,210,11.3
2024-12-11T04:41:00,1733872260,9.2,68.0,10.1,1018.4,97,False,0.0,3.2,8.0,0.7,1.5,282.8,279.9,155.0,251,9.7
2024-12-11T07:58:00,1733884080,10.8,55.0,11.7,1022.8,98,False,232.0,4.1,8.3,0.7,1.6,331.8,335.4,167.0,281,11.3
2024-12-11T09:15:00,1733888700,14.1,68.0,14.9,1020.1,98,False,304.0,3.7,6.7,0.6,1.8,319.2,323.8,163.0,257,14.5
2024-12-11T12:15:00,1733899500,18.9,50.0,19.7,1017.2,96,False,399.0,2.7,6.0,0.6,1.0,279.3,281.3,131.0,195,19.3
2024-12-11T14:56:00,1733909160,22.0,49.0,22.9,1020.7,96,False,343.0,2.7,6.5,0.5,1.2,275.9,280.9,146.0,198,22.5
2024-12-11T16:28:00,1733914680,20.4,43.0,20.7,1020.5,96,False,283.0,3.9,8.2,0.7,1.4,300.3,301.6,164.0,275,20.5
2024-12-11T19:49:00,1733926740,17.9,58.0,17.4,1015.5,96,False,60.0,4.2,8.0,0.7,1.4,295.1,295.1,162.0,280,17.7
2024-12-11T21:26:00,1733932560,15.7,67.0,15.8,1017.0,99,False,0.0,3.3,7.9,0.7,1.4,289.5,286.3,145.0,238,15.7
2024-12-12T00:15:00,1733942700,11.1,60.0,10.2,1016.7,98,False,2.0,3.8,7.1,0.7,1.4,325.8,329.3,152.0,276,10.7
2024-12-12T02:20:00,1733950200,9.2,65.0,9.0,1018.4,98,False,20.0,4.3,8.4,0.7,1.5,342.8,342.8,165.0,300,9.1
2024-12-12T04:15:00,1733957100,7.4,59.0,7.6,1022.0,99,False,13.0,3.7,7.4,0.7,1.6,295.5,299.9,169.0,275,7.5
2024-12-12T07:12:00,1733967720,8.8,62.0,9.4,1020.2,99,False,239.0,5.4,10.3,0.7,2.1,356.3,360.7,187.0,366,9.1
2024-12-12T09:35:00,1733976300,12.2,45.0,12.3,1019.3,95,False,295.0,4.8,9.4,0.8,2.2,348.7,349.1,185.0,340,12.3
2024-12-12T12:24:00,1733986440,16.8,59.0,17.4,1020.5,96,False,412.0,4.7,7.6,0.8,1.8,318.8,323.5,161.0,293,17.1
2024-12-12T14:36:00,1733994360,20.0,46.0,20.6,1017.0,100,False,354.0,4.0,6.8,0.5,1.6,304.7,299.8,146.0,244,20.3
2024-12-12T16:26:00,1734000960,18.0,42.0,18.8,1015.4,100,False,299.0,5.4,10.6,0.8,2.1,336.6,341.6,180.0,356,18.4
2024-12-12T19:59:00,1734013740,15.1,50.0,15.8,1016.3,97,False,83.0,5.0,9.5,0.9,2.2,340.5,337.5,185.0,367,15.5
2024-12-12T21:24:00,1734018840,13.4,55.0,13.7,1018.0,98,False,10.0,4.5,8.4,0.7,1.9,297.2,292.4,162.0,282,13.6
2024-12-13T00:32:00,1734030120,11.8,68.0,11.8,1018.8,100,False,0.0,4.5,10.1,0.8,1.8,349.2,346.2,176.0,330,11.8
2024-12-13T02:29:00,1734037140,10.6,58.0,9.7,1022.8,97,False,18.0,4.7,10.0,0.8,1.7,356.8,359.4,181.0,356,10.2
2024-12-13T04:16:00,1734043560,8.8,57.0,8.3,1017.3,95,False,4.0,4.7,10.3,0.8,1.8,363.7,364.1,186.0,343,8.6
2024-12-13T07:27:00,1734055020,10.7,56.0,9.7,1022.3,97,False,243.0,5.6,10.3,0.9,2.1,362.4,360.7,197.0,395,10.2
2024-12-13T09:50:00,1734063600,13.5,59.0,13.3,1019.4,95,False,311.0,4.8,10.7,0.8,2.1,331.6,333.0,181.0,352,13.4
2024-12-13T12:39:00,1734073740,17.9,55.0,18.5,1017.8,95,False,390.0,4.7,7.9,0.7,2.0,340.1,341.6,174.0,305,18.2
2024-12-13T14:47:00,1734081420,21.1,40.0,21.6,1018.5,98,False,335.0,4.7,9.7,0.7,1.9,338.8,336.0,183.0,327,21.4
2024-12-13T16:52:00,1734088920,19.7,55.0,19.2,1016.1,95,False,286.0,5.1,11.1,0.9,2.2,354.4,351.7,196.0,395,19.5
2024-12-13T19:56:00,1734099960,16.7,49.0,16.5,1016.8,99,False,83.0,5.5,10.2,0.9,2.5,384.4,380.1,183.0,383,16.6
2024-12-13T21:31:00,1734105660,14.8,45.0,14.5,1018.9,97,False,13.0,4.0,8.4,0.6,1.7,325.3,327.9,162.0,292,14.7
2024-12-14T00:15:00,1734115500,11.6,57.0,12.5,1020.0,97,False,0.0,4.3,10.2,0.7,1.9,342.4,342.4,174.0,329,12.0
2024-12-14T02:00:00,1734121800,10.3,56.0,10.6,1022.6,98,False,0.0,4.6,8.9,0.7,2.1,340.1,339.1,183.0,337,10.4
2024-12-14T04:36:00,1734131160,8.7,68.0,9.0,1024.1,98,False,14.0,4.8,8.4,0.7,1.9,314.1,317.2,165.0,314,8.8
2024-12-14T07:25:00,1734141300,10.9,72.0,10.0,1019.4,100,False,265.0,6.0,11.4,0.8,2.5,375.7,375.5,198.0,389,10.4
2024-12-14T09:26:00,1734148560,14.1,63.0,13.1,1018.8,96,False,327.0,5.4,8.9,0.7,1.9,329.3,333.3,180.0,345,13.6
2024-12-14T12:20:00,1734159000,18.6,61.0,18.3,1022.5,98,False,381.0,4.0,9.2,0.8,1.5,340.6,341.8,174.0,311,18.4
2024-12-14T14:45:00,1734167700,21.4,56.0,21.9,1014.7,95,False,355.0,4.5,9.4,0.9,1.7,340.2,343.4,182.0,327,21.6
2024-12-14T16:44:00,1734174840,19.6,40.0,19.9,1016.7,97,False,296.0,5.6,10.5,0.8,2.1,349.5,354.4,186.0,374,19.7
2024-12-14T19:26:00,1734184560,17.1,50.0,16.6,1013.6,95,False,94.0,5.7,11.4,0.8,1.9,375.0,370.9,187.0,384,16.8
2024-12-14T21:02:00,1734190320,15.3,62.0,14.5,1020.8,97,False,0.0,4.6,8.4,0.7,2.1,339.0,341.3,170.0,312,14.9
2024-12-15T00:04:00,1734201240,10.1,48.0,9.8,1018.0,95,False,0.0,3.1,7.9,0.5,1.5,277.3,276.0,145.0,243,10.0
2024-12-15T02:02:00,1734208320,8.7,67.0,8.1,1019.3,96,False,19.0,3.4,7.5,0.6,1.8,279.7,283.0,151.0,246,8.4
2024-12-15T04:56:00,1734218760,6.4,60.0,7.2,1021.0,100,False,19.0,3.6,7.5,0.5,1.1,287.0,282.2,140.0,220,6.8
2024-12-15T07:32:00,1734228120,8.2,57.0,8.6,1020.9,98,False,261.0,4.2,8.8,0.6,1.5,300.1,303.6,173.0,289,8.4
2024-12-15T09:12:00,1734234120,11.6,61.0,11.6,1019.8,99,False,306.0,3.5,7.8,0.7,1.8,290.0,292.5,166.0,268,11.6
2024-12-15T12:33:00,1734246180,16.8,50.0,16.0,1018.3,97,False,389.0,3.1,7.1,0.7,1.3,294.7,292.8,151.0,228,16.4
2024-12-15T14:28:00,1734253080,20.0,55.0,19.2,1019.2,100,False,341.0,3.0,5.8,0.5,1.4,282.6,285.3,140.0,198,19.6
2024-12-15T16:33:00,1734260580,18.1,42.0,17.2,1018.5,97,False,296.0,4.4,8.4,0.7,1.9,298.8,300.8,160.0,285,17.7
2024-12-15T19:06:00,1734269760,14.7,59.0,14.9,1012.8,95,False,66.0,4.0,7.7,0.6,1.7,303.0,301.4,158.0,265,14.8
2024-12-15T21:53:00,1734279780,13.3,48.0,12.4,1014.8,95,False,1.0,3.5,6.0,0.5,1.4,294.6,290.3,137.0,208,12.9
2024-12-16T00:48:00,1734290280,8.5,52.0,9.5,1020.7,96,False,2.0,3.5,7.2,0.6,1.8,288.0,288.0,154.0,250,9.0
2024-12-16T02:49:00,1734297540,7.3,67.0,7.5,1019.8,100,False,7.0,3.3,7.7,0.6,1.2,274.6,279.1,153.0,228,7.4
2024-12-16T04:25:00,1734303300,5.9,61.0,5.7,1022.0,98,False,0.0,3.9,6.4,0.7,1.5,309.7,310.2,155.0,246,5.8
2024-12-16T07:34:00,1734314640,7.7,60.0,7.1,1019.6,98,False,234.0,3.4,8.0,0.7,1.8,285.5,287.6,143.0,247,7.4
2024-12-16T09:14:00,1734320640,10.5,61.0,10.7,1019.5,99,False,306.0,3.8,6.3,0.5,1.2,285.2,290.0,141.0,240,10.6
2024-12-16T12:36:00,1734332760,15.9,65.0,14.9,1018.0,98,False,418.0,3.2,6.6,0.5,1.1,295.7,296.1,151.0,218,15.4
2024-12-16T14:00:00,1734337800,18.8,48.0,18.4,1021.8,96,False,344.0,2.9,6.1,0.5,1.1,276.2,274.7,150.0,206,18.6
2024-12-16T16:33:00,1734346980,16.8,57.0,16.6,1018.3,100,False,263.0,4.2,8.3,0.6,1.7,330.4,327.8,153.0,272,16.7
2024-12-16T19:40:00,1734358200,13.6,52.0,14.1,1016.2,100,False,78.0,3.8,7.2,0.7,1.3,323.1,324.4,165.0,261,13.8
2024-12-16T21:43:00,1734365580,12.0,59.0,11.8,1015.3,98,False,0.0,2.8,5.9,0.6,1.3,271.5,266.7,144.0,210,11.9
2024-12-17T00:28:00,1734375480,8.0,59.0,7.7,1018.9,100,False,18.0,3.2,7.2,0.7,1.5,317.5,321.0,147.0,254,7.8
2024-12-17T02:53:00,1734384180,6.2,56.0,6.3,1021.1,95,False,11.0,3.7,7.8,0.7,1.6,303.8,307.5,152.0,259,6.2
2024-12-17T04:48:00,1734391080,4.4,53.0,4.9,1017.3,95,False,8.0,4.0,8.0,0.7,1.5,327.6,330.4,157.0,280,4.6
2024-12-17T07:40:00,1734401400,6.1,60.0,6.4,1021.0,100,False,263.0,4.8,10.6,0.7,2.0,352.8,350.1,174.0,345,6.2
2024-12-17T09:35:00,1734408300,9.4,66.0,9.5,1022.3,97,False,306.0,4.8,8.4,0.7,1.6,318.4,321.9,175.0,312,9.4
2024-12-17T12:07:00,1734417420,13.9,60.0,14.6,1016.9,98,False,400.0,3.6,8.1,0.8,1.9,332.2,337.0,152.0,279,14.2
2024-12-17T14:10:00,1734424800,17.6,57.0,17.3,1017.5,96,False,324.0,3.5,8.6,0.6,1.5,306.9,310.9,152.0,270,17.4
2024-12-17T16:22:00,1734432720,15.4,48.0,15.7,1019.0,98,False,282.0,5.2,9.9,0.7,1.9,357.6,360.6,173.0,332,15.5
2024-12-17T19:06:00,1734442560,12.8,51.0,12.5,1014.1,98,False,65.0,4.6,9.1,0.7,1.9,320.8,323.3,163.0,318,12.6
2024-12-17T21:57:00,1734452820,10.6,59.0,10.9,1018.0,98,False,1.0,3.8,8.0,0.7,1.5,306.6,307.0,159.0,250,10.7
2024-12-18T00:29:00,1734461940,9.4,65.0,9.6,1021.2,95,False,2.0,4.8,9.0,0.7,1.9,334.4,337.0,158.0,303,9.5
2024-12-18T02:11:00,1734468060,8.4,63.0,7.4,1021.2,95,False,0.0,3.9,7.5,0.7,1.5,333.7,330.8,157.0,287,7.9
2024-12-18T04:18:00,1734475680,6.5,57.0,6.1,1019.6,95,False,16.0,3.9,7.5,0.7,1.8,330.2,334.3,157.0,271,6.3
2024-12-18T07:12:00,1734486120,7.8,52.0,7.9,1018.0,97,False,250.0,4.5,9.1,0.8,1.8,342.0,338.1,172.0,345,7.9
2024-12-18T09:40:00,1734495000,11.2,68.0,11.0,1018.9,98,False,290.0,5.0,10.4,0.8,1.7,335.6,332.9,183.0,335,11.1
2024-12-18T12:41:00,1734505860,16.2,50.0,15.5,1017.6,99,False,402.0,4.4,8.5,0.7,1.9,338.0,338.8,169.0,301,15.9
2024-12-18T14:36:00,1734512760,19.0,52.0,19.1,1018.9,97,False,358.0,3.7,8.3,0.6,1.3,307.2,310.8,156.0,270,19.1
2024-12-18T16:27:00,1734519420,17.6,60.0,16.7,1017.3,95,False,271.0,5.2,9.5,0.7,2.1,342.3,338.1,187.0,340,17.2
2024-12-18T19:26:00,1734530160,14.3,58.0,14.3,1015.3,100,False,71.0,5.5,10.8,0.8,2.1,372.1,374.0,175.0,358,14.3
2024-12-18T21:16:00,1734536760,12.8,58.0,11.9,1017.1,97,False,18.0,4.2,8.4,0.7,1.9,300.2,301.1,156.0,282,12.4
2024-12-19T00:26:00,1734548160,11.0,70.0,10.9,1017.6,100,False,11.0,4.6,10.1,0.8,1.9,335.3,337.1,186.0,343,10.9
2024-12-19T02:15:00,1734554700,9.3,67.0,9.3,1022.0,98,False,0.0,5.5,10.7,0.8,2.3,335.3,330.9,190.0,357,9.3
2024-12-19T04:58:00,1734564480,7.5,58.0,7.9,1021.2,97,False,3.0,4.0,8.7,0.8,1.7,320.0,316.1,163.0,296,7.7
2024-12-19T07:26:00,1734573360,9.7,68.0,9.0,1020.7,100,False,257.0,4.6,9.3,0.8,1.9,333.9,337.3,185.0,343,9.3
2024-12-19T09:03:00,1734579180,12.4,49.0,12.7,1016.1,96,False,323.0,5.8,10.8,0.8,2.0,378.4,381.0,198.0,391,12.5
2024-12-19T12:57:00,1734593220,17.0,48.0,17.7,1020.5,100,False,393.0,5.1,9.8,0.8,2.1,325.0,328.5,174.0,326,17.3
2024-12-19T14:19:00,1734598140,20.5,45.0,20.6,1020.4,95,False,322.0,4.5,8.7,0.8,1.9,332.4,328.6,174.0,312,20.5
2024-12-19T16:34:00,1734606240,18.2,52.0,19.0,1017.1,99,False,300.0,5.3,11.0,0.9,2.2,354.6,355.5,185.0,374,18.6
2024-12-19T19:38:00,1734617280,15.7,60.0,15.8,1012.9,95,False,90.0,5.4,11.6,0.8,2.1,383.8,385.6,193.0,396,15.7
2024-12-19T21:51:00,1734625260,14.0,60.0,13.7,1015.5,95,False,9.0,3.7,8.8,0.8,1.9,329.1,330.0,158.0,284,13.8
2024-12-20T00:22:00,1734634320,10.1,56.0,9.8,1018.9,90,False,19.0,4.7,9.2,0.7,1.7,330.0,327.9,163.0,301,10.0
2024-12-20T02:38:00,1734642480,8.2,54.0,8.5,1023.6,54,True,0.0,4.3,9.9,0.8,1.9,347.8,347.1,175.0,324,8.4
2024-12-20T04:21:00,1734648660,7.2,69.0,6.3,1022.0,27,True,0.0,4.3,10.0,0.8,2.1,338.1,341.3,165.0,313,6.8
2024-12-20T07:28:00,1734659880,8.0,54.0,8.7,1016.6,99,False,267.0,4.1,9.0,0.8,2.1,312.4,316.0,174.0,312,8.4
2024-12-20T09:29:00,1734667140,11.3,59.0,11.9,1020.8,96,False,298.0,5.1,9.6,0.8,2.2,358.9,358.8,185.0,360,11.6
2024-12-20T12:49:00,1734679140,16.0,59.0,16.8,1019.5,57,True,247.0,4.4,7.8,0.6,1.5,333.5,335.3,165.0,286,16.4
2024-12-20T14:17:00,1734684420,19.8,51.0,19.3,1017.8,100,False,334.0,4.1,7.6,0.7,1.8,306.0,306.5,165.0,298,19.6
2024-12-20T16:53:00,1734693780,17.5,53.0,17.8,1018.6,98,False,298.0,5.3,9.8,0.8,2.0,362.8,361.1,168.0,339,17.7
2024-12-20T19:04:00,1734701640,14.4,62.0,15.1,1019.9,32,True,18.0,5.1,10.5,0.8,2.0,354.3,353.5,174.0,352,14.8
2024-12-20T21:30:00,1734710400,12.6,57.0,13.2,1016.9,10,True,2.0,3.5,8.3,0.7,1.5,314.7,312.3,159.0,252,12.9
2024-12-21T00:13:00,1734720180,8.0,52.0,8.8,1019.4,98,False,0.0,3.7,5.8,0.6,1.4,307.4,311.7,147.0,228,8.4
2024-12-21T02:31:00,1734728460,7.3,63.0,6.3,1019.9,95,False,5.0,3.3,6.8,0.5,1.2,281.4,284.2,148.0,214,6.8
2024-12-21T04:58:00,1734737280,5.3,53.0,5.1,1017.9,97,False,0.0,3.5,5.6,0.5,1.1,268.6,270.4,152.0,209,5.2
2024-12-21T07:20:00,1734745800,6.9,59.0,6.7,1023.7,100,False,270.0,3.7,8.3,0.8,1.4,327.4,326.5,149.0,268,6.8
2024-12-21T09:42:00,1734754320,10.0,47.0,10.0,1021.5,96,False,294.0,3.3,6.6,0.7,1.2,294.8,290.6,153.0,241,10.0
2024-12-21T12:21:00,1734763860,15.2,50.0,14.4,1015.7,97,False,406.0,3.1,6.7,0.6,1.0,291.6,289.2,138.0,195,14.8
2024-12-21T14:52:00,1734772920,17.7,56.0,18.3,1020.6,96,False,334.0,2.5,6.6,0.4,1.1,272.3,275.7,137.0,190,18.0
2024-12-21T16:24:00,1734778440,16.1,41.0,16.1,1017.7,99,False,270.0,4.4,7.6,0.6,1.7,308.5,310.4,154.0,276,16.1
2024-12-21T19:44:00,1734790440,13.5,44.0,12.9,1014.9,95,False,92.0,3.5,7.8,0.7,1.8,284.0,285.9,148.0,255,13.2
2024-12-21T21:03:00,1734795180,10.9,60.0,11.6,1015.8,97,False,0.0,3.1,6.5,0.5,1.5,282.4,277.6,139.0,187,11.3
2024-12-22T00:32:00,1734807720,13.4,58.0,12.6,1020.4,96,False,0.0,4.7,9.1,0.8,2.1,331.9,333.2,177.0,351,13.0
2024-12-22T02:36:00,1734815160,11.6,68.0,11.1,1018.6,97,False,0.0,4.8,8.3,0.7,2.0,324.7,325.8,163.0,318,11.4
2024-12-22T04:07:00,1734820620,9.5,72.0,10.1,1019.7,96,False,8.0,4.1,8.8,0.6,1.9,333.5,333.7,166.0,313,9.8
2024-12-22T07:08:00,1734831480,10.9,62.0,11.8,1021.5,100,False,246.0,5.6,11.2,0.8,2.2,367.8,372.1,190.0,399,11.4
2024-12-22T09:35:00,1734840300,15.0,70.0,14.1,1022.7,96,False,325.0,5.6,11.0,0.9,2.0,379.1,381.2,178.0,379,14.6
2024-12-22T12:03:00,1734849180,19.5,51.0,19.2,1020.0,100,False,415.0,4.4,8.7,0.6,1.8,335.8,338.3,173.0,291,19.4
2024-12-22T14:28:00,1734857880,22.3,56.0,22.8,1019.4,96,False,337.0,4.5,7.5,0.8,1.8,300.9,301.7,169.0,288,22.6
2024-12-22T16:20:00,1734864600,20.8,47.0,20.4,1016.8,100,False,290.0,5.5,10.0,0.8,2.0,384.3,380.1,186.0,380,20.6
2024-12-22T19:57:00,1734877620,18.1,63.0,17.4,1014.8,98,False,83.0,5.2,11.7,0.9,2.0,369.1,366.3,184.0,385,17.8
2024-12-22T21:01:00,1734881460,15.4,60.0,16.3,1015.0,98,False,0.0,4.9,9.1,0.7,2.0,332.9,330.8,164.0,312,15.8
2024-12-23T00:38:00,1734894480,8.8,55.0,9.7,1019.5,96,False,0.0,4.2,8.9,0.6,1.9,312.8,312.0,168.0,275,9.2
2024-12-23T02:34:00,1734901440,7.9,55.0,7.4,1016.5,99,False,0.0,3.9,7.0,0.6,1.5,306.0,304.9,145.0,230,7.6
2024-12-23T04:27:00,1734908220,6.1,75.0,5.9,1020.5,96,False,16.0,3.9,6.7,0.7,1.7,271.5,267.4,146.0,231,6.0
2024-12-23T07:13:00,1734918180,7.3,58.0,7.9,1021.6,99,False,267.0,3.9,8.3,0.8,1.9,299.4,299.0,171.0,288,7.6
2024-12-23T09:22:00,1734925920,10.6,50.0,11.1,1023.3,98,False,312.0,4.1,9.6,0.7,1.7,351.1,354.9,178.0,318,10.8
2024-12-23T12:29:00,1734937140,15.8,53.0,15.5,1018.6,96,False,414.0,3.2,6.0,0.6,1.5,286.1,286.9,153.0,236,15.6
2024-12-23T14:31:00,1734944460,18.6,56.0,19.1,1016.0,96,False,322.0,3.7,6.6,0.6,1.5,296.2,292.4,147.0,230,18.8
2024-12-23T16:15:00,1734950700,16.6,41.0,17.2,1016.6,95,False,260.0,4.3,9.0,0.7,1.7,333.6,336.8,176.0,307,16.9
2024-12-23T19:00:00,1734960600,13.9,64.0,14.1,1018.4,98,False,91.0,4.1,10.0,0.8,1.6,319.9,317.3,172.0,314,14.0
2024-12-23T21:56:00,1734971160,12.1,42.0,12.1,1018.8,100,False,0.0,3.9,7.4,0.5,1.2,290.9,293.9,152.0,239,12.1
2024-12-24T00:06:00,1734978960,9.2,49.0,9.2,1017.8,98,False,0.0,3.3,6.0,0.7,1.6,267.0,269.8,137.0,210,9.2
2024-12-24T02:56:00,1734989160,7.6,60.0,7.6,1022.9,99,False,0.0,3.4,7.4,0.5,1.2,307.3,308.7,148.0,236,7.6
2024-12-24T04:50:00,1734996000,6.4,58.0,5.6,1018.7,100,False,0.0,3.9,7.4,0.6,1.6,271.6,271.0,154.0,229,6.0
2024-12-24T07:12:00,1735004520,7.3,62.0,7.9,1022.1,99,False,262.0,4.1,7.6,0.6,1.8,321.5,317.1,152.0,259,7.6
2024-12-24T09:39:00,1735013340,11.0,50.0,10.6,1023.1,95,False,321.0,4.1,8.2,0.6,1.7,319.1,315.2,154.0,271,10.8
2024-12-24T12:42:00,1735024320,15.6,57.0,15.6,1018.3,97,False,406.0,2.8,7.0,0.6,1.2,288.6,292.0,148.0,209,15.6
2024-12-24T14:11:00,1735029660,18.5,45.0,19.1,1016.3,96,False,359.0,3.2,6.1,0.6,1.4,300.3,295.8,143.0,211,18.8
2024-12-24T16:44:00,1735038840,16.8,56.0,17.0,1013.8,99,False,292.0,3.7,7.2,0.6,1.6,301.0,304.2,165.0,275,16.9
2024-12-24T19:36:00,1735049160,13.5,62.0,14.5,1015.7,97,False,86.0,3.8,7.3,0.6,1.7,328.7,331.8,165.0,281,14.0
2024-12-24T21:09:00,1735054740,12.2,47.0,12.0,1017.9,99,False,0.0,3.1,6.6,0.6,1.3,270.1,266.7,140.0,212,12.1
2024-12-25T00:12:00,1735065720,11.4,54.0,10.5,1021.4,97,False,9.0,4.1,7.7,0.6,1.5,283.9,281.6,159.0,255,11.0
2024-12-25T02:22:00,1735073520,9.2,62.0,9.5,1022.4,96,False,0.0,4.1,6.8,0.6,1.4,283.8,288.1,147.0,253,9.4
2024-12-25T04:08:00,1735079880,8.0,62.0,7.6,1022.9,96,False,0.0,3.1,6.2,0.6,1.3,313.3,312.3,155.0,237,7.8
2024-12-25T07:40:00,1735092600,9.3,59.0,9.4,1018.8,97,False,268.0,4.1,7.2,0.7,1.3,309.0,313.9,152.0,261,9.4
2024-12-25T09:41:00,1735099860,12.9,59.0,12.3,1018.4,97,False,317.0,3.3,7.5,0.5,1.4,309.5,309.0,145.0,241,12.6
2024-12-25T12:49:00,1735111140,16.9,60.0,17.8,1022.0,99,False,409.0,3.5,6.9,0.6,1.6,297.2,295.2,145.0,228,17.4
2024-12-25T14:37:00,1735117620,20.9,39.0,20.2,1016.0,96,False,334.0,2.7,5.7,0.5,1.5,288.8,293.3,134.0,214,20.6
2024-12-25T16:46:00,1735125360,19.0,58.0,18.3,1018.0,100,False,263.0,4.4,8.9,0.8,1.9,327.6,327.5,162.0,276,18.6
2024-12-25T19:30:00,1735135200,16.2,58.0,15.4,1016.1,98,False,79.0,4.1,7.4,0.8,1.8,297.7,294.0,153.0,264,15.8
2024-12-25T21:07:00,1735141020,13.9,64.0,13.7,1020.2,97,False,10.0,2.9,5.3,0.6,1.3,269.0,272.8,145.0,196,13.8
2024-12-26T00:46:00,1735154160,13.4,50.0,12.9,1019.6,97,False,0.0,4.2,8.0,0.7,1.5,299.3,297.1,152.0,265,13.2
2024-12-26T02:08:00,1735159080,11.1,73.0,12.0,1019.9,98,False,19.0,4.1,7.5,0.5,1.3,288.8,284.7,161.0,247,11.6
2024-12-26T04:21:00,1735167060,9.8,51.0,10.2,1021.5,99,False,14.0,3.9,8.0,0.6,1.6,300.8,299.7,160.0,278,10.0
2024-12-26T07:38:00,1735178880,11.2,60.0,12.0,1022.4,98,False,246.0,4.2,8.9,0.7,1.7,327.2,330.5,174.0,297,11.6
2024-12-26T09:55:00,1735187100,15.2,69.0,14.3,1019.2,96,False,329.0,4.9,8.7,0.8,2.0,347.2,345.1,167.0,333,14.8
2024-12-26T12:09:00,1735195140,19.5,43.0,19.6,1019.9,98,False,381.0,3.7,7.2,0.6,1.4,309.0,304.8,156.0,257,19.6
2024-12-26T14:19:00,1735202940,23.1,53.0,22.4,1016.1,96,False,358.0,4.0,7.1,0.6,1.6,308.4,303.9,153.0,278,22.8
2024-12-26T16:08:00,1735209480,20.8,58.0,20.9,1013.6,100,False,287.0,4.2,9.6,0.8,1.9,322.8,321.2,159.0,309,20.8
2024-12-26T19:07:00,1735220220,17.8,55.0,18.1,1013.1,97,False,74.0,4.2,8.5,0.7,2.0,343.7,339.2,168.0,303,18.0
2024-12-26T21:42:00,1735229520,15.7,55.0,16.3,1014.2,96,False,13.0,4.2,7.6,0.7,1.7,317.9,322.4,162.0,279,16.0
2024-12-27T00:28:00,1735239480,8.5,62.0,8.7,1019.1,97,False,10.0,4.0,9.3,0.8,2.0,313.6,314.9,161.0,289,8.6
2024-12-27T02:58:00,1735248480,7.1,66.0,6.9,1023.3,100,False,7.0,3.9,8.0,0.6,2.0,330.0,330.2,162.0,294,7.0
2024-12-27T04:24:00,1735253640,5.5,56.0,5.3,1019.0,97,False,12.0,4.5,7.6,0.7,1.7,308.3,310.8,169.0,288,5.4
2024-12-27T07:22:00,1735264320,6.9,60.0,7.1,1019.9,96,False,240.0,4.8,9.7,0.8,1.8,337.3,339.8,188.0,349,7.0
2024-12-27T09:58:00,1735273680,10.4,52.0,10.1,1021.5,99,False,327.0,4.9,10.0,0.8,1.7,331.3,327.3,180.0,331,10.2
2024-12-27T12:56:00,1735284360,14.6,63.0,15.5,1016.2,98,False,395.0,3.8,8.0,0.6,1.5,321.7,320.9,151.0,260,15.0
2024-12-27T14:57:00,1735291620,18.0,50.0,18.4,1019.4,97,False,349.0,4.4,8.5,0.6,1.3,296.7,301.3,167.0,271,18.2
2024-12-27T16:25:00,1735296900,16.5,55.0,16.1,1016.4,96,False,277.0,5.0,10.7,0.8,2.4,345.8,345.9,183.0,375,16.3
2024-12-27T19:11:00,1735306860,13.6,47.0,13.2,1014.8,97,False,74.0,5.8,9.7,0.9,2.2,350.6,352.1,183.0,375,13.4
2024-12-27T21:59:00,1735316940,11.2,54.0,11.8,1016.6,96,False,18.0,3.7,7.4,0.7,1.6,300.7,298.6,162.0,260,11.5
2024-12-28T00:13:00,1735324980,7.7,60.0,8.5,1019.7,96,False,0.0,4.9,9.2,0.7,2.0,310.4,312.5,174.0,307,8.1
2024-12-28T02:35:00,1735333500,6.5,61.0,6.5,1018.1,51,True,7.0,4.0,8.1,0.8,1.6,334.3,337.6,160.0,289,6.5
2024-12-28T04:45:00,1735341300,4.7,60.0,5.1,1019.4,92,False,0.0,4.8,8.6,0.8,1.9,322.5,319.3,180.0,330,4.9
2024-12-28T07:07:00,1735349820,6.2,51.0,6.8,1019.5,65,True,93.0,4.1,8.9,0.8,2.0,315.8,311.1,169.0,320,6.5
2024-12-28T09:12:00,1735357320,9.3,67.0,10.1,1017.8,96,False,314.0,4.9,9.7,0.8,1.9,332.7,331.5,182.0,352,9.7
2024-12-28T12:22:00,1735368720,14.7,55.0,14.3,1020.2,31,True,164.0,4.5,8.6,0.8,2.0,332.4,333.5,173.0,295,14.5
2024-12-28T14:02:00,1735374720,18.0,45.0,17.3,1016.2,93,False,351.0,4.1,8.1,0.6,1.3,308.4,311.8,160.0,261,17.7
2024-12-28T16:57:00,1735385220,15.5,39.0,16.0,1014.7,62,True,89.0,4.5,10.6,0.7,2.1,331.0,331.4,183.0,343,15.8
2024-12-28T19:14:00,1735393440,13.1,56.0,12.7,1016.9,11,True,45.0,4.7,10.4,0.8,2.2,332.6,333.6,178.0,340,12.9
2024-12-28T21:07:00,1735400220,10.9,43.0,11.0,1019.6,98,False,0.0,4.2,9.3,0.7,2.0,339.8,335.1,168.0,313,11.0
2024-12-29T00:04:00,1735410840,11.3,71.0,10.6,1016.6,99,False,3.0,5.0,8.8,0.8,2.1,355.8,352.8,180.0,322,11.0
2024-12-29T02:20:00,1735419000,9.5,60.0,9.2,1018.0,99,False,14.0,4.2,8.6,0.8,1.8,319.9,320.4,173.0,301,9.4
2024-12-29T04:20:00,1735426200,8.0,67.0,7.5,1021.7,100,False,9.0,4.3,8.6,0.8,2.1,350.5,349.6,171.0,319,7.8
2024-12-29T07:42:00,1735438320,9.1,61.0,9.6,1016.8,100,False,234.0,4.9,10.8,0.8,2.0,366.3,361.7,174.0,355,9.4
2024-12-29T09:50:00,1735446000,13.0,51.0,12.1,1017.6,98,False,308.0,5.3,10.0,0.8,2.3,352.5,356.6,192.0,362,12.6
2024-12-29T12:38:00,1735456080,17.4,40.0,17.4,1019.2,98,False,405.0,4.1,7.4,0.7,1.7,328.3,330.9,157.0,283,17.4
2024-12-29T14:55:00,1735464300,20.4,46.0,20.7,1015.9,99,False,360.0,4.8,8.4,0.8,2.0,343.0,341.3,174.0,315,20.6
2024-12-29T16:12:00,1735468920,18.5,44.0,18.8,1017.8,95,False,266.0,5.4,9.9,0.9,2.2,364.4,365.6,196.0,381,18.6
2024-12-29T19:01:00,1735479060,16.0,61.0,15.5,1018.4,100,False,85.0,5.6,9.8,0.8,2.3,338.1,338.2,190.0,364,15.8
2024-12-29T21:05:00,1735486500,13.4,65.0,14.3,1018.0,96,False,2.0,3.9,8.6,0.6,1.4,297.3,292.8,158.0,265,13.8
2024-12-30T00:30:00,1735498800,12.1,60.0,13.1,1017.5,96,False,11.0,4.3,7.9,0.7,1.4,294.0,290.5,163.0,267,12.6
2024-12-30T02:40:00,1735506600,10.6,55.0,11.5,1017.6,95,False,0.0,4.6,7.9,0.7,1.8,319.1,323.1,168.0,286,11.0
2024-12-30T04:55:00,1735514700,9.2,66.0,9.7,1019.3,99,False,8.0,4.3,8.7,0.8,1.5,318.4,318.7,164.0,286,9.4
2024-12-30T07:38:00,1735524480,11.2,73.0,10.9,1018.8,99,False,270.0,5.2,9.9,0.8,2.1,326.7,327.3,186.0,339,11.0
2024-12-30T09:45:00,1735532100,14.6,62.0,13.8,1016.9,99,False,296.0,5.3,9.1,0.7,2.3,357.0,361.4,182.0,342,14.2
2024-12-30T12:17:00,1735541220,18.8,38.0,19.3,1019.2,97,False,381.0,4.5,8.4,0.7,1.7,316.1,311.4,166.0,286,19.0
2024-12-30T14:38:00,1735549680,21.9,37.0,22.6,1016.4,98,False,356.0,4.3,8.8,0.7,1.7,318.5,323.2,167.0,277,22.2
2024-12-30T16:40:00,1735557000,20.6,56.0,20.1,1018.4,96,False,295.0,4.5,10.7,0.8,2.2,334.3,331.3,175.0,339,20.3
2024-12-30T19:05:00,1735565700,17.6,55.0,17.3,1016.8,96,False,74.0,5.4,11.0,0.8,1.8,359.4,364.4,191.0,362,17.4
2024-12-30T21:16:00,1735573560,15.8,45.0,15.3,1020.2,99,False,0.0,3.4,8.1,0.6,1.4,291.4,286.5,152.0,267,15.5
2024-12-31T00:37:00,1735585620,7.9,57.0,8.4,1018.3,96,False,3.0,5.0,9.9,0.7,1.8,353.9,352.0,171.0,331,8.2
2024-12-31T02:00:00,1735590600,6.7,62.0,6.4,1021.5,100,False,0.0,4.3,9.3,0.7,1.7,336.2,335.7,176.0,320,6.6
2024-12-31T04:58:00,1735601280,5.2,57.0,4.7,1017.4,98,False,0.0,4.2,8.0,0.7,2.0,314.6,315.5,167.0,307,5.0
2024-12-31T07:44:00,1735611240,6.4,54.0,6.7,1021.3,100,False,265.0,5.8,10.6,0.9,2.3,349.5,344.7,185.0,385,6.6
2024-12-31T09:14:00,1735616640,9.4,47.0,10.1,1016.0,95,False,311.0,4.7,10.4,0.8,2.2,350.9,349.3,170.0,345,9.8
2024-12-31T12:09:00,1735627140,14.3,49.0,14.8,1016.9,98,False,400.0,4.8,8.9,0.8,1.6,329.4,328.1,169.0,325,14.6
2024-12-31T14:51:00,1735636860,18.0,38.0,17.5,1019.3,98,False,352.0,4.2,7.1,0.8,1.3,329.4,331.8,152.0,272,17.8
2024-12-31T16:15:00,1735641900,15.4,56.0,16.2,1018.7,98,False,271.0,5.2,10.9,0.9,2.1,392.4,395.5,186.0,397,15.8
2024-12-31T19:26:00,1735653360,12.6,41.0,13.3,1013.9,95,False,63.0,5.0,9.9,0.9,2.4,373.0,369.9,178.0,372,13.0
2024-12-31T21:16:00,1735659960,11.1,61.0,11.0,1016.6,99,False,3.0,4.4,8.5,0.7,1.6,331.0,332.2,169.0,280,11.0
2025-01-01T00:58:00,1735673280,12.4,50.0,12.3,1019.5,98,False,0.0,4.5,7.5,0.6,1.9,304.3,303.6,156.0,292,12.4
2025-01-01T02:55:00,1735680300,11.1,65.0,10.7,1016.9,96,False,0.0,4.0,8.8,0.6,1.7,323.1,327.7,149.0,270,10.9
2025-01-01T04:02:00,1735684320,9.1,71.0,9.6,1021.1,96,False,4.0,4.4,7.2,0.7,1.5,312.0,315.2,162.0,270,9.4
2025-01-01T07:59:00,1735698540,10.6,69.0,11.2,1021.4,98,False,255.0,5.5,9.7,0.7,2.2,351.6,349.5,179.0,352,10.9
2025-01-01T09:24:00,1735703640,13.5,59.0,14.3,1022.5,97,False,302.0,4.8,10.4,0.7,1.8,328.5,328.6,173.0,340,13.9
2025-01-01T12:24:00,1735714440,18.8,47.0,18.0,1017.3,97,False,406.0,4.4,8.7,0.6,1.7,315.5,314.3,154.0,279,18.4
2025-01-01T14:39:00,1735722540,21.0,52.0,21.8,1014.8,96,False,329.0,4.2,8.5,0.7,1.7,313.3,317.9,150.0,272,21.4
2025-01-01T16:34:00,1735729440,19.6,51.0,19.6,1015.3,96,False,278.0,4.5,10.6,0.7,1.7,360.2,362.5,182.0,338,19.6
2025-01-01T19:53:00,1735741380,17.0,64.0,16.8,1019.4,100,False,86.0,5.0,10.7,0.8,2.0,368.7,366.1,176.0,348,16.9
2025-01-01T21:41:00,1735747860,15.2,53.0,14.9,1019.0,99,False,18.0,3.9,7.2,0.6,1.5,295.1,295.1,161.0,262,15.1
2025-01-02T00:22:00,1735757520,7.3,53.0,7.1,1020.5,21,True,20.0,4.2,7.7,0.6,1.4,332.8,332.3,172.0,281,7.2
2025-01-02T02:01:00,1735763460,6.1,60.0,5.3,1022.1,66,True,15.0,4.2,9.3,0.7,1.9,328.4,329.6,173.0,300,5.7
2025-01-02T04:26:00,1735772160,3.7,54.0,4.7,1017.6,92,False,0.0,4.3,7.6,0.6,1.7,316.7,317.1,158.0,261,4.2
2025-01-02T07:41:00,1735783860,5.5,66.0,5.9,1017.1,15,True,182.0,3.8,7.6,0.7,1.7,322.8,320.1,156.0,292,5.7
2025-01-02T09:58:00,1735792080,8.8,61.0,8.6,1019.3,12,True,229.0,4.5,8.9,0.8,2.0,356.0,358.6,179.0,327,8.7
2025-01-02T12:45:00,1735802100,13.6,41.0,12.9,1015.0,18,True,142.0,3.8,6.8,0.6,1.5,289.7,287.4,157.0,256,13.2
2025-01-02T14:22:00,1735807920,16.5,39.0,15.9,1017.5,93,False,346.0,4.0,8.0,0.6,1.4,301.6,303.8,153.0,240,16.2
2025-01-02T16:04:00,1735814040,14.6,53.0,14.2,1018.7,99,False,262.0,4.8,9.5,0.7,2.0,321.3,319.1,164.0,311,14.4
2025-01-02T19:19:00,1735825740,12.0,61.0,11.4,1018.5,91,False,77.0,4.5,10.2,0.8,1.8,334.8,330.9,181.0,332,11.7
2025-01-02T21:21:00,1735833060,9.6,50.0,10.2,1019.8,98,False,6.0,4.0,8.9,0.8,1.9,333.8,335.0,165.0,278,9.9
2025-01-03T00:06:00,1735842960,9.6,72.0,8.9,1017.5,96,False,2.0,4.6,9.1,0.8,1.8,311.0,308.1,170.0,309,9.2
2025-01-03T02:23:00,1735851180,7.5,62.0,7.9,1018.3,100,False,10.0,4.0,8.9,0.7,1.5,320.5,318.1,159.0,282,7.7
2025-01-03T04:49:00,1735859940,5.9,67.0,6.5,1023.9,99,False,18.0,4.6,7.3,0.6,1.6,327.2,322.9,173.0,285,6.2
2025-01-03T07:09:00,1735868340,7.5,70.0,7.9,1016.2,97,False,252.0,5.0,10.4,0.8,2.1,366.1,364.4,171.0,351,7.7
2025-01-03T09:15:00,1735875900,11.0,45.0,10.4,1016.5,99,False,295.0,4.5,10.3,0.8,1.9,350.6,351.8,176.0,349,10.7
2025-01-03T12:42:00,1735888320,15.0,61.0,15.4,1020.3,95,False,384.0,4.1,8.0,0.7,1.4,327.8,329.2,160.0,282,15.2
2025-01-03T14:41:00,1735895460,18.1,50.0,18.3,1018.5,98,False,351.0,3.9,6.7,0.6,1.6,316.5,318.6,148.0,252,18.2
2025-01-03T16:53:00,1735903380,16.6,42.0,16.2,1015.7,97,False,290.0,4.9,9.1,0.8,2.0,332.0,335.7,181.0,317,16.4
2025-01-03T19:53:00,1735914180,13.5,58.0,13.9,1017.3,100,False,86.0,4.5,9.7,0.8,1.7,336.1,336.9,172.0,318,13.7
2025-01-03T21:16:00,1735919160,12.1,50.0,11.7,1018.5,97,False,13.0,3.7,8.3,0.7,1.9,299.9,295.3,160.0,283,11.9
2025-01-04T00:29:00,1735930740,12.2,53.0,12.7,1020.9,99,False,8.0,4.2,7.1,0.7,1.5,314.4,317.5,153.0,256,12.4
2025-01-04T02:44:00,1735938840,10.5,64.0,11.4,1016.9,98,False,0.0,4.0,6.0,0.7,1.4,301.7,300.3,149.0,237,10.9
2025-01-04T04:03:00,1735943580,9.3,68.0,9.5,1019.5,97,False,7.0,4.0,6.8,0.6,1.8,301.1,304.0,149.0,252,9.4
2025-01-04T07:45:00,1735956900,11.2,70.0,10.7,1019.8,99,False,253.0,3.8,7.2,0.6,1.7,291.0,286.9,154.0,264,10.9
2025-01-04T09:24:00,1735962840,14.2,56.0,13.7,1018.1,97,False,317.0,4.3,8.5,0.6,1.5,313.8,318.6,157.0,269,13.9
2025-01-04T12:19:00,1735973340,18.0,49.0,18.8,1018.3,100,False,412.0,3.3,6.6,0.6,1.5,284.8,284.2,137.0,206,18.4
2025-01-04T14:41:00,1735981860,21.9,47.0,21.0,1019.3,97,False,346.0,3.6,6.0,0.6,1.6,269.9,273.6,150.0,218,21.4
2025-01-04T16:25:00,1735988100,19.5,55.0,19.8,1014.3,98,False,294.0,3.8,8.3,0.6,1.7,332.4,329.0,168.0,282,19.6
2025-01-04T19:35:00,1735999500,16.7,65.0,17.2,1016.6,99,False,64.0,4.7,9.1,0.7,1.8,310.3,314.5,166.0,293,16.9
2025-01-04T21:18:00,1736005680,15.2,65.0,15.1,1017.3,98,False,19.0,2.9,5.8,0.5,1.1,272.2,268.3,154.0,226,15.1
2025-01-05T00:27:00,1736017020,12.2,63.0,12.6,1014.1,99,False,0.0,4.9,9.9,0.9,2.2,353.6,353.0,172.0,346,12.4
2025-01-05T02:07:00,1736023020,11.1,51.0,10.7,1021.8,100,False,0.0,5.3,9.4,0.7,2.1,343.9,346.6,184.0,332,10.9
2025-01-05T04:11:00,1736030460,9.0,74.0,9.8,1019.1,100,False,0.0,4.0,8.6,0.7,1.5,325.3,325.2,166.0,299,9.4
2025-01-05T07:45:00,1736043300,11.0,57.0,10.7,1021.3,100,False,246.0,5.0,9.5,0.8,1.8,355.2,353.9,171.0,332,10.9
2025-01-05T09:42:00,1736050320,14.1,63.0,13.7,1022.3,97,False,319.0,4.8,10.9,0.8,2.0,373.4,370.7,188.0,361,13.9
2025-01-05T12:31:00,1736060460,18.2,55.0,18.6,1020.8,95,False,419.0,4.0,8.2,0.8,2.0,317.7,316.7,167.0,290,18.4
2025-01-05T14:57:00,1736069220,21.7,51.0,21.0,1014.8,95,False,349.0,4.2,8.9,0.7,1.9,313.9,315.8,152.0,276,21.4
2025-01-05T16:26:00,1736074560,19.6,54.0,19.6,1016.8,96,False,295.0,4.7,11.1,0.7,2.0,364.7,363.7,174.0,357,19.6
2025-01-05T19:50:00,1736086800,16.7,64.0,17.1,1017.3,98,False,67.0,5.7,10.2,0.9,2.0,349.5,345.4,186.0,373,16.9
2025-01-05T21:10:00,1736091600,14.8,62.0,15.4,1014.3,96,False,7.0,4.7,9.7,0.8,1.6,344.8,346.5,167.0,317,15.1
2025-01-06T00:10:00,1736102400,11.1,58.0,11.0,1022.2,96,False,0.0,3.7,7.0,0.6,1.3,299.9,300.7,155.0,256,11.0
2025-01-06T02:51:00,1736112060,9.4,55.0,9.7,1020.2,96,False,0.0,4.0,8.2,0.7,1.3,322.6,321.1,151.0,268,9.5
2025-01-06T04:45:00,1736118900,7.6,54.0,8.5,1018.5,96,False,0.0,3.9,8.2,0.6,1.5,287.9,287.8,160.0,261,8.0
2025-01-06T07:48:00,1736129880,9.1,57.0,10.0,1021.1,96,False,268.0,4.2,7.0,0.7,1.7,306.3,309.7,159.0,266,9.5
2025-01-06T09:49:00,1736137140,13.0,55.0,12.1,1016.6,100,False,301.0,4.2,8.2,0.6,1.5,318.5,320.6,160.0,288,12.5
2025-01-06T12:58:00,1736148480,17.0,58.0,17.1,1016.7,100,False,409.0,3.8,6.4,0.5,1.5,310.6,314.7,158.0,238,17.0
2025-01-06T14:51:00,1736155260,19.9,46.0,20.2,1016.8,98,False,328.0,3.6,7.9,0.6,1.3,290.9,289.6,142.0,242,20.0
2025-01-06T16:39:00,1736161740,18.1,36.0,18.4,1013.9,95,False,262.0,4.5,8.7,0.8,1.8,320.0,319.6,160.0,298,18.2
2025-01-06T19:26:00,1736171760,15.9,58.0,15.2,1015.2,99,False,76.0,4.9,8.2,0.7,1.7,339.2,335.0,170.0,310,15.5
2025-01-06T21:00:00,1736177400,13.6,56.0,13.9,1016.4,100,False,9.0,3.3,7.2,0.6,1.5,279.0,278.5,157.0,237,13.7
2025-01-07T00:51:00,1736191260,11.4,57.0,11.0,1017.5,99,False,0.0,5.0,9.8,0.7,1.8,353.6,352.8,175.0,332,11.2
2025-01-07T02:11:00,1736196060,9.9,72.0,9.5,1020.5,100,False,0.0,3.9,8.2,0.8,1.9,333.3,336.9,160.0,299,9.7
2025-01-07T04:11:00,1736203260,8.6,71.0,7.8,1017.4,100,False,18.0,3.8,8.7,0.7,1.4,313.6,311.6,163.0,290,8.2
2025-01-07T07:35:00,1736215500,9.7,57.0,9.7,1020.2,96,False,233.0,4.9,9.1,0.7,1.7,323.8,325.7,176.0,330,9.7
2025-01-07T09:45:00,1736223300,12.8,48.0,12.6,1020.2,96,False,300.0,5.1,9.6,0.8,2.1,367.2,367.9,176.0,369,12.7
2025-01-07T12:58:00,1736234880,17.1,54.0,17.3,1018.3,98,False,414.0,3.5,6.8,0.7,1.6,298.5,300.8,161.0,263,17.2
2025-01-07T14:22:00,1736239920,20.4,42.0,20.0,1015.6,95,False,335.0,3.5,8.0,0.6,1.6,324.1,325.7,149.0,261,20.2
2025-01-07T16:27:00,1736247420,18.4,38.0,18.4,1016.8,96,False,299.0,5.0,11.4,0.8,2.0,348.8,347.2,196.0,374,18.4
2025-01-07T19:49:00,1736259540,15.7,45.0,15.7,1017.8,99,False,93.0,5.5,10.2,0.8,2.3,345.9,349.2,184.0,359,15.7
2025-01-07T21:13:00,1736264580,13.5,53.0,14.2,1017.8,99,False,0.0,3.4,8.2,0.7,1.3,315.9,320.2,163.0,256,13.9
2025-01-08T00:46:00,1736277360,10.5,60.0,11.2,1020.8,95,False,0.0,3.4,6.6,0.6,1.6,286.2,288.7,143.0,241,10.9
2025-01-08T02:03:00,1736281980,9.5,55.0,9.3,1018.5,60,True,0.0,3.8,6.3,0.6,1.3,302.6,305.7,142.0,229,9.4
2025-01-08T04:43:00,1736291580,8.2,73.0,7.6,1019.9,91,False,0.0,3.2,6.6,0.7,1.6,314.4,312.0,147.0,240,7.9
2025-01-08T07:21:00,1736301060,9.6,67.0,9.1,1024.4,90,False,232.0,3.7,6.2,0.6,1.7,309.3,311.2,155.0,246,9.4
2025-01-08T09:28:00,1736308680,12.6,65.0,12.1,1020.7,31,True,198.0,4.2,8.5,0.7,1.5,301.5,301.3,159.0,270,12.4
2025-01-08T12:49:00,1736320740,17.4,54.0,16.4,1019.9,90,False,397.0,3.6,6.9,0.6,1.1,284.3,281.7,149.0,206,16.9
2025-01-08T14:13:00,1736325780,19.4,46.0,20.4,1020.8,61,True,122.0,3.4,5.3,0.5,1.2,264.6,261.6,143.0,203,19.9
2025-01-08T16:56:00,1736335560,18.1,44.0,18.1,1016.6,17,True,119.0,4.4,9.1,0.7,1.4,335.6,332.7,167.0,282,18.1
2025-01-08T19:08:00,1736343480,14.9,48.0,15.9,1018.7,61,True,37.0,4.2,7.6,0.8,1.8,324.8,321.0,155.0,284,15.4
2025-01-08T21:06:00,1736350560,13.5,58.0,13.7,1016.5,92,False,0.0,2.8,7.1,0.6,1.1,296.6,297.8,137.0,207,13.6
2025-01-09T00:39:00,1736363340,11.4,45.0,11.2,1017.6,100,False,4.0,3.6,6.6,0.6,1.3,301.3,301.9,156.0,257,11.3
2025-01-09T02:05:00,1736368500,9.3,52.0,10.3,1015.6,57,True,0.0,3.6,8.1,0.6,1.7,300.2,302.1,148.0,250,9.8
2025-01-09T04:43:00,1736377980,7.9,63.0,8.7,1020.2,20,True,0.0,4.1,6.8,0.6,1.4,323.4,320.5,160.0,257,8.3
2025-01-09T07:15:00,1736387100,9.6,59.0,10.0,1020.7,24,True,141.0,4.0,8.1,0.7,1.8,325.6,325.2,161.0,289,9.8
2025-01-09T09:17:00,1736394420,12.8,68.0,12.8,1021.2,55,True,117.0,4.2,8.1,0.6,1.9,321.9,325.1,166.0,272,12.8
2025-01-09T12:01:00,1736404260,17.8,59.0,16.8,1022.4,63,True,161.0,3.2,6.5,0.7,1.4,273.5,270.5,152.0,233,17.3
2025-01-09T14:10:00,1736412000,19.8,39.0,20.8,1016.9,100,False,343.0,2.9,7.0,0.7,1.1,303.6,299.6,142.0,222,20.3
2025-01-09T16:38:00,1736420880,18.0,52.0,19.0,1016.1,60,True,137.0,4.6,9.1,0.8,1.9,309.4,312.8,171.0,291,18.5
2025-01-09T19:46:00,1736432160,15.8,51.0,15.8,1013.4,96,False,72.0,4.3,9.6,0.8,1.9,323.7,319.8,160.0,303,15.8
2025-01-09T21:47:00,1736439420,14.2,63.0,13.8,1014.1,98,False,4.0,3.2,6.9,0.6,1.1,276.2,272.8,145.0,221,14.0
2025-01-10T00:51:00,1736450460,6.7,50.0,6.4,1021.8,97,False,5.0,3.9,6.5,0.7,1.6,287.0,290.9,152.0,254,6.6
2025-01-10T02:24:00,1736456040,4.9,53.0,5.2,1019.7,98,False,7.0,4.2,6.6,0.7,1.6,309.7,308.8,146.0,254,5.1
2025-01-10T04:25:00,1736463300,3.8,64.0,3.3,1017.3,99,False,15.0,3.8,8.7,0.7,1.7,325.2,328.0,149.0,270,3.6
2025-01-10T07:05:00,1736472900,5.0,70.0,5.1,1023.2,99,False,249.0,4.5,9.9,0.8,1.7,331.7,330.5,167.0,308,5.1
2025-01-10T09:24:00,1736481240,8.0,51.0,8.1,1022.9,99,False,312.0,4.2,7.6,0.7,1.7,317.2,317.1,164.0,281,8.1
2025-01-10T12:42:00,1736493120,12.7,49.0,12.5,1019.8,97,False,390.0,3.0,7.3,0.6,1.1,281.8,282.4,155.0,234,12.6
2025-01-10T14:32:00,1736499720,15.6,43.0,15.5,1014.8,99,False,334.0,3.2,5.8,0.6,1.3,293.1,295.9,139.0,213,15.6
2025-01-10T16:07:00,1736505420,13.8,52.0,13.7,1013.0,98,False,270.0,3.6,7.6,0.7,1.7,301.9,298.7,166.0,276,13.8
2025-01-10T19:42:00,1736518320,11.5,63.0,10.6,1013.6,95,False,83.0,4.7,8.7,0.7,1.6,338.8,341.6,157.0,295,11.1
2025-01-10T21:41:00,1736525460,9.6,46.0,8.9,1019.6,96,False,19.0,3.9,7.9,0.7,1.7,297.2,294.0,154.0,254,9.3
2025-01-11T00:08:00,1736534280,7.5,55.0,7.0,1017.1,100,False,5.0,3.6,7.0,0.7,1.8,288.6,286.9,155.0,266,7.2
2025-01-11T02:45:00,1736543700,5.7,62.0,5.8,1021.3,99,False,0.0,4.0,9.9,0.7,2.1,322.8,327.1,166.0,312,5.7
2025-01-11T04:27:00,1736549820,4.5,59.0,4.0,1018.4,97,False,8.0,4.2,7.9,0.7,1.7,306.3,306.5,170.0,291,4.2
2025-01-11T07:29:00,1736560740,5.3,63.0,6.2,1019.2,98,False,237.0,4.9,9.4,0.8,2.0,345.0,343.4,177.0,338,5.7
2025-01-11T09:21:00,1736567460,8.9,61.0,8.6,1020.2,96,False,304.0,5.4,11.0,0.9,2.3,351.5,349.2,184.0,359,8.7
2025-01-11T12:57:00,1736580420,13.2,60.0,13.3,1021.3,96,False,387.0,4.0,8.7,0.8,1.6,341.3,339.9,161.0,298,13.2
2025-01-11T14:19:00,1736585340,16.0,51.0,16.5,1017.6,99,False,356.0,3.8,9.2,0.7,2.0,313.5,318.4,158.0,290,16.2
2025-01-11T16:16:00,1736592360,14.3,60.0,14.6,1019.2,95,False,261.0,4.7,9.8,0.8,1.8,340.9,339.6,174.0,361,14.4
2025-01-11T19:30:00,1736604000,11.5,53.0,12.0,1014.4,98,False,89.0,5.1,10.6,0.8,2.1,375.9,371.8,190.0,369,11.7
2025-01-11T21:44:00,1736612040,9.8,52.0,10.1,1018.6,98,False,17.0,4.1,8.3,0.7,1.5,322.2,320.8,161.0,270,9.9
2025-01-12T00:54:00,1736623440,8.3,61.0,9.1,1017.6,96,False,12.0,4.6,9.7,0.7,2.0,317.2,313.7,161.0,302,8.7
2025-01-12T02:11:00,1736628060,7.7,51.0,6.7,1019.6,98,False,16.0,4.4,8.2,0.7,1.8,332.0,329.0,162.0,310,7.2
2025-01-12T04:17:00,1736635620,6.0,52.0,5.3,1021.2,98,False,0.0,4.7,8.9,0.7,1.6,327.7,328.1,160.0,295,5.7
2025-01-12T07:44:00,1736648040,7.1,68.0,7.2,1023.8,95,False,258.0,4.4,7.7,0.7,2.0,315.6,316.6,163.0,294,7.2
2025-01-12T09:43:00,1736655180,10.2,63.0,10.1,1021.0,98,False,296.0,5.1,9.5,0.8,1.9,346.1,349.2,183.0,351,10.2
2025-01-12T12:57:00,1736666820,15.1,55.0,14.2,1017.6,99,False,399.0,3.2,6.5,0.7,1.6,289.0,291.7,154.0,240,14.7
2025-01-12T14:15:00,1736671500,17.6,59.0,17.8,1017.7,97,False,333.0,4.3,7.7,0.7,1.6,291.4,291.6,161.0,268,17.7
2025-01-12T16:09:00,1736678340,16.0,54.0,15.8,1019.2,99,False,266.0,4.8,9.4,0.7,2.3,352.5,356.8,187.0,349,15.9
2025-01-12T19:11:00,1736689260,13.5,67.0,12.8,1017.8,96,False,82.0,5.2,9.2,0.7,1.8,337.0,341.6,178.0,327,13.2
2025-01-12T21:16:00,1736696760,11.6,54.0,11.2,1017.2,96,False,4.0,3.7,7.2,0.7,1.5,303.2,300.8,168.0,273,11.4
2025-01-13T00:29:00,1736708340,7.6,61.0,7.9,1021.3,100,False,12.0,5.1,8.8,0.7,1.7,352.2,351.0,169.0,327,7.8
2025-01-13T02:07:00,1736714220,6.5,70.0,6.1,1019.2,100,False,13.0,4.5,8.1,0.8,1.6,340.9,345.7,178.0,313,6.3
2025-01-13T04:59:00,1736724540,4.8,69.0,4.7,1019.3,100,False,16.0,4.7,9.3,0.8,1.8,346.3,347.9,167.0,326,4.8
2025-01-13T07:08:00,1736732280,6.5,56.0,6.0,1017.4,98,False,266.0,5.7,9.9,0.9,2.0,370.2,368.5,188.0,368,6.3
2025-01-13T09:09:00,1736739540,8.8,45.0,9.7,1020.2,100,False,319.0,4.7,10.6,0.8,1.8,337.6,339.2,175.0,346,9.3
2025-01-13T12:14:00,1736750640,13.8,58.0,13.7,1018.4,98,False,404.0,4.0,8.5,0.7,1.8,329.7,333.7,163.0,308,13.8
2025-01-13T14:58:00,1736760480,17.2,46.0,16.4,1014.7,95,False,322.0,4.3,9.0,0.6,1.5,306.5,303.3,160.0,297,16.8
2025-01-13T16:12:00,1736764920,15.4,58.0,14.5,1017.5,95,False,292.0,4.8,11.1,0.9,2.0,365.4,363.6,187.0,362,15.0
2025-01-13T19:48:00,1736777880,11.8,48.0,12.7,1016.1,95,False,57.0,5.0,9.9,0.8,2.0,340.2,337.8,188.0,347,12.3
2025-01-13T21:46:00,1736784960,10.0,64.0,10.9,1018.3,98,False,0.0,4.0,8.8,0.8,1.4,318.6,317.2,158.0,274,10.5
2025-01-14T00:52:00,1736796120,8.4,54.0,7.6,1016.5,100,False,4.0,2.9,6.5,0.5,1.3,282.8,283.3,148.0,221,8.0
2025-01-14T02:38:00,1736802480,6.4,69.0,6.6,1018.8,99,False,5.0,3.6,8.2,0.7,1.5,310.2,312.1,152.0,260,6.5
2025-01-14T04:25:00,1736808900,5.5,72.0,4.5,1021.9,96,False,0.0,3.4,7.8,0.6,1.7,289.2,292.5,153.0,267,5.0
2025-01-14T07:57:00,1736821620,6.7,66.0,6.3,1020.6,98,False,230.0,4.5,8.6,0.8,1.8,334.9,337.3,175.0,296,6.5
2025-01-14T09:44:00,1736828040,9.4,53.0,9.6,1017.7,95,False,311.0,4.4,8.5,0.8,1.6,311.3,315.2,168.0,290,9.5
2025-01-14T12:28:00,1736837880,13.8,46.0,14.2,1018.3,98,False,384.0,3.6,6.3,0.7,1.2,311.4,307.9,150.0,243,14.0
2025-01-14T14:42:00,1736845920,17.2,43.0,16.8,1016.9,97,False,337.0,2.7,6.8,0.5,1.0,270.7,267.5,132.0,207,17.0
2025-01-14T16:27:00,1736852220,15.3,45.0,15.1,1013.2,99,False,295.0,3.7,7.5,0.8,1.6,323.9,323.7,171.0,284,15.2
2025-01-14T19:17:00,1736862420,12.6,63.0,12.4,1014.8,97,False,70.0,4.8,8.8,0.8,1.7,342.1,343.0,164.0,301,12.5
2025-01-14T21:10:00,1736869200,10.8,64.0,10.5,1017.7,96,False,20.0,3.1,6.5,0.7,1.2,274.9,277.4,144.0,222,10.7
2025-01-15T00:47:00,1736882220,10.7,72.0,10.2,1017.0,99,False,13.0,4.0,7.6,0.8,1.9,307.0,307.7,167.0,290,10.4
2025-01-15T02:13:00,1736887380,8.5,68.0,9.4,1020.9,100,False,17.0,4.9,10.0,0.8,1.8,350.5,347.4,171.0,330,8.9
2025-01-15T04:20:00,1736895000,7.4,72.0,7.5,1019.7,100,False,2.0,4.2,8.9,0.7,1.5,310.9,312.2,176.0,300,7.4
2025-01-15T07:40:00,1736907000,9.1,70.0,8.7,1022.4,99,False,230.0,5.2,9.7,0.7,2.1,330.0,328.7,178.0,343,8.9
2025-01-15T09:15:00,1736912700,11.5,62.0,12.3,1022.6,100,False,306.0,4.4,9.3,0.8,2.1,349.8,349.5,178.0,319,11.9
2025-01-15T12:28:00,1736924280,16.5,60.0,16.4,1017.6,95,False,413.0,4.1,8.8,0.7,1.5,315.1,319.1,163.0,314,16.4
2025-01-15T14:21:00,1736931060,19.4,47.0,19.5,1014.5,98,False,330.0,4.5,8.4,0.7,1.9,314.4,309.9,168.0,283,19.4
2025-01-15T16:27:00,1736938620,17.3,56.0,17.9,1014.1,98,False,297.0,4.7,10.9,0.9,2.1,341.8,345.3,170.0,348,17.6
2025-01-15T19:24:00,1736949240,14.6,42.0,15.3,1018.8,95,False,68.0,4.8,10.1,0.7,2.0,363.6,362.0,192.0,359,14.9
2025-01-15T21:41:00,1736957460,13.6,57.0,12.7,1018.7,100,False,0.0,4.5,9.1,0.7,2.0,326.9,328.2,159.0,308,13.1
2025-01-16T00:34:00,1736967840,6.8,55.0,6.9,1017.8,97,False,15.0,4.3,8.2,0.7,1.7,315.5,318.6,148.0,262,6.9
2025-01-16T02:40:00,1736975400,5.4,68.0,5.4,1016.5,98,False,0.0,3.7,7.8,0.7,1.6,310.5,309.6,156.0,267,5.4
2025-01-16T04:41:00,1736982660,3.4,54.0,4.3,1020.9,98,False,0.0,4.3,9.2,0.7,1.7,334.4,334.9,169.0,292,3.9
2025-01-16T07:54:00,1736994240,5.8,62.0,4.9,1022.4,95,False,242.0,4.9,9.4,0.9,2.1,357.8,358.8,176.0,337,5.4
2025-01-16T09:20:00,1736999400,8.0,55.0,8.8,1020.9,97,False,310.0,4.9,9.8,0.8,2.0,347.2,345.5,187.0,348,8.4
2025-01-16T12:55:00,1737012300,12.9,47.0,12.9,1016.2,99,False,387.0,4.0,8.4,0.6,1.8,296.5,297.4,159.0,267,12.9
2025-01-16T14:56:00,1737019560,16.3,50.0,15.4,1020.7,95,False,330.0,4.0,8.0,0.6,1.8,317.5,314.3,159.0,297,15.9
2025-01-16T16:10:00,1737024000,14.3,49.0,13.9,1017.2,95,False,269.0,4.2,8.4,0.8,2.1,342.0,340.9,175.0,325,14.1
2025-01-16T19:50:00,1737037200,11.0,54.0,11.7,1013.2,95,False,77.0,4.8,9.7,0.9,2.3,375.2,374.1,179.0,363,11.4
2025-01-16T21:57:00,1737044820,9.5,49.0,9.7,1016.3,100,False,0.0,4.2,9.7,0.7,1.5,321.5,321.4,172.0,300,9.6
2025-01-17T00:07:00,1737052620,11.4,62.0,11.6,1022.1,95,False,0.0,5.5,11.1,0.8,2.3,350.0,345.3,191.0,359,11.5
2025-01-17T02:08:00,1737059880,10.2,64.0,9.8,1018.2,100,False,0.0,4.6,10.0,0.8,2.0,363.9,360.0,175.0,353,10.0
2025-01-17T04:32:00,1737068520,8.8,63.0,8.2,1020.1,99,False,0.0,4.6,10.2,0.9,2.0,340.7,344.2,171.0,339,8.5
2025-01-17T07:16:00,1737078360,9.9,57.0,10.1,1019.9,98,False,262.0,5.5,10.1,0.9,1.8,372.8,371.7,182.0,356,10.0
2025-01-17T09:56:00,1737087960,13.4,62.0,12.6,1021.8,97,False,296.0,6.1,11.7,0.9,2.0,365.8,369.2,203.0,409,13.0
2025-01-17T12:28:00,1737097080,17.5,57.0,17.4,1018.4,98,False,413.0,3.9,8.9,0.7,1.5,318.9,321.8,166.0,284,17.5
2025-01-17T14:58:00,1737106080,20.4,52.0,20.5,1015.2,100,False,323.0,3.6,8.4,0.6,1.8,305.4,309.9,159.0,285,20.5
2025-01-17T16:52:00,1737112920,19.0,48.0,18.3,1015.8,99,False,269.0,5.8,11.8,0.8,2.4,375.1,373.7,181.0,384,18.7
2025-01-17T19:49:00,1737123540,15.7,57.0,16.3,1014.1,96,False,60.0,5.6,11.0,0.8,2.0,382.3,379.8,188.0,376,16.0
2025-01-17T21:32:00,1737129720,14.1,53.0,14.3,1020.9,96,False,0.0,3.6,7.3,0.7,1.8,298.3,295.6,157.0,276,14.2
2025-01-18T00:02:00,1737138720,7.9,66.0,7.4,1016.8,100,False,0.0,3.9,7.6,0.6,1.3,298.8,301.8,155.0,269,7.6
2025-01-18T02:58:00,1737149280,6.6,61.0,5.7,1021.4,95,False,9.0,4.4,9.4,0.7,1.7,352.9,355.2,179.0,318,6.1
2025-01-18T04:46:00,1737155760,5.1,57.0,4.2,1023.7,95,False,6.0,4.8,8.6,0.8,1.7,313.5,312.8,165.0,300,4.6
2025-01-18T07:48:00,1737166680,5.7,51.0,6.5,1019.0,96,False,239.0,5.3,9.9,0.8,1.8,341.3,343.2,171.0,341,6.1
2025-01-18T09:06:00,1737171360,9.5,66.0,8.8,1020.2,98,False,311.0,4.7,9.2,0.8,1.9,333.4,331.9,173.0,323,9.1
2025-01-18T12:37:00,1737184020,13.6,48.0,13.6,1015.0,97,False,414.0,4.3,8.1,0.7,1.8,334.5,338.8,167.0,299,13.6
2025-01-18T14:25:00,1737190500,16.3,44.0,16.9,1018.5,98,False,357.0,4.5,7.7,0.8,1.9,337.9,338.9,172.0,297,16.6
2025-01-18T16:51:00,1737199260,14.7,58.0,15.0,1015.1,97,False,271.0,5.0,10.0,0.8,2.1,361.9,366.1,192.0,373,14.8
2025-01-18T19:47:00,1737209820,11.7,65.0,12.6,1016.3,96,False,59.0,4.9,10.0,0.9,2.4,379.0,379.2,184.0,374,12.1
2025-01-18T21:47:00,1737217020,10.7,55.0,10.0,1017.8,96,False,0.0,4.8,9.6,0.7,1.9,333.8,336.3,178.0,310,10.3
2025-01-19T00:55:00,1737228300,7.6,63.0,8.3,1016.1,100,False,0.0,3.6,7.1,0.8,1.4,303.3,299.2,162.0,278,8.0
2025-01-19T02:38:00,1737234480,6.5,57.0,6.5,1015.9,96,False,16.0,3.4,6.2,0.6,1.7,276.8,272.2,156.0,238,6.5
2025-01-19T04:39:00,1737241740,4.9,67.0,5.0,1021.1,98,False,0.0,3.4,7.9,0.6,1.7,283.5,281.8,143.0,244,5.0
2025-01-19T07:21:00,1737251460,6.7,60.0,6.3,1023.8,100,False,267.0,4.9,9.2,0.8,2.0,318.6,315.7,162.0,309,6.5
2025-01-19T09:39:00,1737259740,9.2,59.0,9.8,1017.4,100,False,291.0,4.7,8.9,0.8,1.5,313.2,314.9,173.0,309,9.5
2025-01-19T12:11:00,1737268860,14.2,56.0,13.8,1017.9,100,False,385.0,3.4,8.0,0.7,1.8,288.7,293.6,163.0,262,14.0
2025-01-19T14:33:00,1737277380,16.6,43.0,17.3,1014.3,100,False,331.0,3.6,6.6,0.6,1.3,284.5,287.2,136.0,221,17.0
2025-01-19T16:52:00,1737285720,14.8,44.0,15.5,1019.3,99,False,270.0,4.3,9.6,0.8,1.9,309.8,312.4,168.0,301,15.2
2025-01-19T19:45:00,1737296100,12.2,48.0,12.8,1017.1,99,False,63.0,4.4,9.0,0.8,2.1,324.9,321.7,167.0,325,12.5
2025-01-19T21:19:00,1737301740,10.9,52.0,10.4,1018.3,97,False,11.0,3.4,7.9,0.7,1.6,305.5,302.4,160.0,242,10.7
2025-01-20T00:11:00,1737312060,12.1,55.0,11.2,1016.7,97,False,15.0,5.0,8.7,0.8,2.0,329.9,329.2,167.0,334,11.7
2025-01-20T02:45:00,1737321300,9.8,57.0,10.5,1022.3,99,False,0.0,4.7,10.1,0.7,1.7,339.0,341.0,178.0,344,10.2
2025-01-20T04:21:00,1737327060,8.7,61.0,8.6,1019.3,97,False,20.0,4.5,9.7,0.9,2.0,357.3,353.4,177.0,345,8.7
2025-01-20T07:18:00,1737337680,10.4,53.0,9.9,1017.7,96,False,243.0,5.6,11.0,0.8,2.1,346.3,344.6,196.0,378,10.2
2025-01-20T09:01:00,1737343860,13.6,60.0,12.7,1017.3,100,False,307.0,5.7,10.3,0.9,2.2,366.3,367.2,191.0,368,13.2
2025-01-20T12:19:00,1737355740,17.9,48.0,17.4,1019.2,98,False,390.0,3.8,8.2,0.8,1.4,323.4,327.9,170.0,289,17.7
2025-01-20T14:00:00,1737361800,21.0,45.0,20.3,1018.1,97,False,329.0,4.9,8.7,0.7,2.0,356.8,353.2,166.0,326,20.7
2025-01-20T16:26:00,1737370560,18.7,52.0,19.0,1017.6,98,False,290.0,5.2,11.0,0.9,2.0,356.9,357.7,181.0,376,18.9
2025-01-20T19:18:00,1737380880,16.5,55.0,15.8,1019.4,97,False,62.0,6.0,11.6,0.9,2.4,374.9,372.3,203.0,408,16.2
2025-01-20T21:35:00,1737389100,14.5,62.0,14.2,1014.4,96,False,15.0,4.5,9.2,0.8,2.0,310.8,308.1,177.0,303,14.4
2025-01-21T00:21:00,1737399060,11.3,53.0,11.0,1018.6,95,False,0.0,4.2,7.6,0.6,1.7,295.2,293.7,168.0,279,11.1
2025-01-21T02:02:00,1737405120,10.0,58.0,9.3,1018.3,97,False,18.0,3.7,8.1,0.6,1.4,313.6,316.4,156.0,254,9.6
2025-01-21T04:28:00,1737413880,8.3,68.0,8.0,1019.2,95,False,0.0,3.5,7.1,0.7,1.4,290.2,288.6,163.0,254,8.1
2025-01-21T07:49:00,1737425940,9.3,47.0,9.9,1018.0,99,False,235.0,4.0,7.8,0.6,1.5,308.2,306.8,169.0,291,9.6
2025-01-21T09:55:00,1737433500,12.6,46.0,12.6,1020.7,96,False,300.0,3.7,8.3,0.7,1.5,300.4,297.9,160.0,288,12.6
2025-01-21T12:29:00,1737442740,17.4,54.0,16.9,1016.6,95,False,408.0,3.9,6.0,0.6,1.7,277.2,274.8,148.0,232,17.1
2025-01-21T14:04:00,1737448440,20.6,46.0,19.7,1015.3,99,False,340.0,3.9,8.3,0.7,1.6,286.5,290.1,161.0,258,20.1
2025-01-21T16:13:00,1737456180,18.7,61.0,17.9,1014.6,95,False,291.0,4.1,9.3,0.8,2.0,319.9,324.7,164.0,295,18.3
2025-01-21T19:14:00,1737467040,16.1,64.0,15.2,1016.3,100,False,89.0,4.4,7.8,0.7,1.8,335.5,336.6,164.0,296,15.6
2025-01-21T21:06:00,1737473760,13.4,52.0,14.3,1017.5,99,False,0.0,2.8,6.0,0.5,1.5,291.1,288.2,148.0,221,13.8
2025-01-22T00:22:00,1737485520,9.4,52.0,10.4,1018.1,100,False,0.0,3.4,7.5,0.7,1.4,305.6,309.4,150.0,254,9.9
2025-01-22T02:57:00,1737494820,8.7,60.0,8.1,1018.7,42,True,7.0,3.6,5.4,0.6,1.5,278.4,279.6,152.0,214,8.4
2025-01-22T04:50:00,1737501600,6.7,74.0,7.2,1024.0,95,False,0.0,4.1,7.4,0.6,1.3,318.5,319.3,164.0,256,6.9
2025-01-22T07:27:00,1737511020,8.3,64.0,8.5,1020.5,97,False,249.0,4.3,8.6,0.6,1.5,302.0,302.2,169.0,290,8.4
2025-01-22T09:38:00,1737518880,11.3,67.0,11.5,1021.9,32,True,89.0,3.8,7.6,0.7,1.4,301.9,303.0,156.0,273,11.4
2025-01-22T12:39:00,1737529740,16.3,40.0,15.5,1020.5,52,True,297.0,2.7,6.1,0.7,1.2,282.6,282.9,143.0,210,15.9
2025-01-22T14:31:00,1737536460,18.8,51.0,19.1,1017.8,90,False,331.0,3.1,7.2,0.6,1.4,280.1,279.0,141.0,236,18.9
2025-01-22T16:18:00,1737542880,17.3,45.0,17.0,1014.4,95,False,267.0,4.0,7.7,0.8,1.8,334.1,334.0,159.0,290,17.1
2025-01-22T19:49:00,1737555540,14.3,55.0,14.5,1019.7,92,False,77.0,3.9,9.1,0.6,1.8,334.9,338.7,156.0,290,14.4
2025-01-22T21:15:00,1737560700,12.2,43.0,13.0,1015.8,100,False,0.0,3.8,6.0,0.5,1.6,285.8,289.8,139.0,221,12.6
2025-01-23T00:50:00,1737573600,9.3,51.0,8.3,1019.9,97,False,0.0,4.5,7.1,0.7,1.7,302.9,306.6,164.0,279,8.8
2025-01-23T02:09:00,1737578340,7.8,65.0,6.8,1020.5,98,False,20.0,4.1,7.8,0.6,1.4,302.1,302.9,171.0,279,7.3
2025-01-23T04:51:00,1737588060,5.5,54.0,6.1,1020.2,98,False,0.0,3.7,7.3,0.5,1.6,309.2,310.2,142.0,235,5.8
2025-01-23T07:04:00,1737596040,7.7,63.0,6.9,1022.2,100,False,267.0,3.8,8.7,0.8,1.7,309.3,310.8,164.0,282,7.3
2025-01-23T09:12:00,1737603720,9.8,70.0,10.8,1017.6,95,False,322.0,4.5,7.6,0.6,1.7,338.3,335.0,170.0,289,10.3
2025-01-23T12:09:00,1737614340,14.4,46.0,15.2,1014.8,95,False,382.0,3.5,6.1,0.5,1.2,281.3,285.3,155.0,224,14.8
2025-01-23T14:11:00,1737621660,17.4,46.0,18.2,1016.0,100,False,340.0,3.3,6.5,0.6,1.0,260.5,260.0,143.0,210,17.8
2025-01-23T16:26:00,1737629760,15.9,52.0,16.1,1015.5,97,False,268.0,4.5,9.2,0.7,1.6,318.5,320.7,160.0,312,16.0
2025-01-23T19:24:00,1737640440,12.9,58.0,13.7,1015.7,98,False,92.0,4.4,8.6,0.7,1.6,311.7,314.4,166.0,307,13.3
2025-01-23T21:05:00,1737646500,11.4,52.0,11.6,1017.5,100,False,2.0,3.4,6.1,0.7,1.3,286.2,284.9,145.0,233,11.5
2025-01-24T00:34:00,1737659040,9.8,62.0,9.3,1021.1,97,False,0.0,4.0,8.6,0.7,1.5,325.5,322.9,171.0,294,9.6
2025-01-24T02:11:00,1737664860,8.4,69.0,7.7,1019.2,98,False,0.0,4.4,9.5,0.6,1.8,342.3,346.0,166.0,297,8.1
2025-01-24T04:23:00,1737672780,6.2,69.0,6.9,1022.2,95,False,6.0,3.6,8.0,0.7,1.7,290.4,286.6,147.0,255,6.6
2025-01-24T07:53:00,1737685380,8.0,60.0,8.1,1022.9,100,False,249.0,4.3,8.4,0.7,1.9,324.6,325.8,167.0,288,8.1
2025-01-24T09:11:00,1737690060,11.0,51.0,11.1,1021.4,96,False,306.0,4.2,8.3,0.8,1.6,351.2,348.3,165.0,324,11.1
2025-01-24T12:50:00,1737703200,15.8,58.0,15.3,1020.2,98,False,394.0,3.7,7.1,0.5,1.2,285.7,283.3,147.0,225,15.6
2025-01-24T14:30:00,1737709200,19.0,47.0,18.1,1018.7,97,False,355.0,3.9,7.2,0.6,1.4,310.3,309.1,154.0,279,18.6
2025-01-24T16:01:00,1737714660,16.5,53.0,17.1,1015.9,99,False,290.0,5.1,9.2,0.7,1.8,361.4,360.4,185.0,341,16.8
2025-01-24T19:27:00,1737727020,14.5,51.0,13.6,1016.9,100,False,63.0,4.9,8.5,0.8,1.9,343.5,345.6,173.0,325,14.1
2025-01-24T21:56:00,1737735960,11.8,66.0,12.7,1018.4,95,False,0.0,4.4,8.6,0.7,1.5,320.5,318.7,157.0,279,12.3
2025-01-25T00:20:00,1737744600,8.3,64.0,8.9,1017.9,100,False,0.0,4.3,10.3,0.7,2.1,330.8,332.3,171.0,326,8.6
2025-01-25T02:18:00,1737751680,7.1,57.0,7.1,1018.7,97,False,15.0,4.2,8.6,0.7,1.9,298.1,294.1,157.0,280,7.1
2025-01-25T04:10:00,1737758400,5.3,65.0,5.9,1022.2,98,False,0.0,4.8,8.3,0.8,2.1,354.6,359.5,178.0,324,5.6
2025-01-25T07:01:00,1737768660,7.0,58.0,7.2,1020.1,96,False,264.0,5.1,8.7,0.7,1.9,324.8,321.3,181.0,328,7.1
2025-01-25T09:47:00,1737778620,10.4,56.0,9.9,1018.7,96,False,323.0,4.4,10.0,0.8,1.9,351.7,347.9,178.0,316,10.1
2025-01-25T12:15:00,1737787500,14.2,40.0,15.0,1017.0,98,False,411.0,3.7,7.5,0.6,1.3,295.0,296.3,144.0,247,14.6
2025-01-25T14:45:00,1737796500,17.2,48.0,18.1,1018.8,95,False,333.0,4.4,8.2,0.7,1.8,321.7,324.4,162.0,303,17.6
2025-01-25T16:36:00,1737803160,15.9,54.0,15.7,1020.3,100,False,300.0,5.1,10.0,0.8,1.9,368.0,366.1,188.0,346,15.8
2025-01-25T19:03:00,1737811980,13.6,52.0,12.6,1017.4,97,False,81.0,4.8,9.8,0.8,2.3,360.8,363.7,181.0,357,13.1
2025-01-25T21:32:00,1737820920,11.1,63.0,11.5,1016.1,95,False,11.0,3.9,7.5,0.7,1.8,315.9,316.5,162.0,256,11.3
2025-01-26T00:14:00,1737830640,6.4,59.0,7.2,1016.9,97,False,10.0,3.3,5.8,0.6,1.5,266.7,267.3,144.0,206,6.8
2025-01-26T02:06:00,1737837360,5.6,58.0,5.0,1020.8,100,False,2.0,3.7,7.7,0.7,1.4,305.6,308.2,152.0,249,5.3
2025-01-26T04:06:00,1737844560,4.0,62.0,3.6,1020.0,99,False,0.0,3.2,5.8,0.5,1.2,268.7,265.5,140.0,217,3.8
2025-01-26T07:20:00,1737856200,5.3,58.0,5.2,1020.4,95,False,230.0,3.5,6.5,0.7,1.4,282.5,281.4,162.0,255,5.3
2025-01-26T09:58:00,1737865680,7.9,55.0,8.7,1020.5,98,False,291.0,3.8,7.9,0.7,1.9,328.0,329.1,162.0,285,8.3
2025-01-26T12:49:00,1737875940,12.4,45.0,13.2,1019.2,98,False,404.0,3.8,7.4,0.7,1.4,309.0,309.6,153.0,235,12.8
2025-01-26T14:46:00,1737882960,16.3,59.0,15.3,1017.2,96,False,333.0,3.2,6.2,0.5,1.2,255.4,250.6,139.0,196,15.8
2025-01-26T16:39:00,1737889740,14.0,54.0,14.0,1015.8,99,False,279.0,3.8,7.8,0.7,1.9,319.8,318.8,153.0,282,14.0
2025-01-26T19:58:00,1737901680,11.1,63.0,11.5,1016.6,95,False,56.0,4.2,7.4,0.7,1.5,307.6,303.5,152.0,278,11.3
2025-01-26T21:34:00,1737907440,9.8,53.0,9.2,1021.2,99,False,0.0,3.5,5.8,0.6,1.1,283.6,287.9,137.0,219,9.5
2025-01-27T00:12:00,1737916920,11.0,49.0,10.5,1020.3,96,False,13.0,5.1,8.8,0.7,1.9,350.0,347.4,179.0,321,10.8
2025-01-27T02:32:00,1737925320,9.2,55.0,9.3,1017.4,99,False,0.0,4.7,8.8,0.8,1.6,332.6,330.9,166.0,324,9.3
2025-01-27T04:30:00,1737932400,8.2,68.0,7.3,1022.5,95,False,0.0,3.9,7.5,0.7,1.5,304.6,306.2,154.0,290,7.8
2025-01-27T07:50:00,1737944400,8.8,53.0,9.7,1016.8,95,False,246.0,4.8,9.1,0.9,2.1,340.3,344.7,187.0,350,9.3
2025-01-27T09:22:00,1737949920,12.4,46.0,12.1,1020.9,98,False,323.0,5.0,10.2,0.8,2.2,354.6,357.6,179.0,359,12.3
2025-01-27T12:49:00,1737962340,16.7,42.0,16.8,1016.1,98,False,400.0,4.3,8.2,0.7,1.8,318.7,315.7,164.0,282,16.8
2025-01-27T14:12:00,1737967320,19.3,38.0,20.2,1020.0,97,False,329.0,4.5,9.1,0.8,1.8,321.3,323.2,177.0,323,19.8
2025-01-27T16:41:00,1737976260,18.0,44.0,18.0,1018.7,97,False,262.0,4.9,10.7,0.9,2.0,339.5,335.7,194.0,368,18.0
2025-01-27T19:44:00,1737987240,15.1,54.0,15.4,1017.4,100,False,61.0,5.3,10.3,0.8,1.8,355.8,355.2,184.0,360,15.3
2025-01-27T21:25:00,1737993300,13.1,60.0,13.8,1017.7,99,False,9.0,4.0,7.7,0.7,1.7,326.6,330.4,170.0,281,13.5
2025-01-28T00:41:00,1738005060,8.2,47.0,7.9,1019.3,100,False,2.0,3.8,6.0,0.5,1.4,280.1,276.7,154.0,226,8.1
2025-01-28T02:07:00,1738010220,6.8,72.0,6.3,1019.4,97,False,18.0,3.5,6.4,0.6,1.7,282.6,283.2,159.0,239,6.6
2025-01-28T04:31:00,1738018860,5.1,71.0,5.0,1020.9,98,False,0.0,4.0,6.8,0.7,1.6,317.6,316.6,153.0,265,5.1
2025-01-28T07:32:00,1738029720,6.5,70.0,6.6,1022.7,97,False,250.0,4.0,8.8,0.7,1.9,331.1,332.5,152.0,276,6.6
2025-01-28T09:21:00,1738036260,9.4,55.0,9.7,1021.2,98,False,324.0,4.2,7.7,0.6,1.6,326.1,322.9,151.0,276,9.6
2025-01-28T12:44:00,1738048440,14.6,49.0,13.6,1019.5,97,False,411.0,3.7,6.6,0.7,1.3,299.5,304.1,146.0,249,14.1
2025-01-28T14:03:00,1738053180,16.6,51.0,17.5,1019.9,96,False,348.0,3.0,6.1,0.5,1.5,269.0,270.4,149.0,207,17.1
2025-01-28T16:19:00,1738061340,15.3,64.0,15.2,1018.4,99,False,298.0,3.6,7.7,0.7,1.8,320.4,324.9,151.0,272,15.3
2025-01-28T19:50:00,1738074000,12.4,52.0,12.7,1018.5,100,False,66.0,4.1,9.0,0.7,1.6,326.5,329.1,168.0,296,12.6
2025-01-28T21:18:00,1738079280,10.3,63.0,11.2,1016.7,98,False,5.0,3.7,7.4,0.6,1.4,312.9,313.8,144.0,245,10.8
2025-01-29T00:09:00,1738089540,12.1,63.0,11.9,1018.1,100,False,0.0,3.4,7.9,0.5,1.3,314.1,313.4,159.0,246,12.0
2025-01-29T02:13:00,1738096980,10.4,52.0,10.6,1020.7,96,False,11.0,3.2,6.2,0.6,1.3,292.2,287.7,139.0,204,10.5
2025-01-29T04:30:00,1738105200,8.9,66.0,9.0,1019.4,100,False,2.0,2.7,6.2,0.6,1.4,259.1,254.2,132.0,205,9.0
2025-01-29T07:14:00,1738115040,10.3,67.0,10.6,1020.7,95,False,245.0,4.0,6.5,0.5,1.7,296.1,294.2,148.0,245,10.5
2025-01-29T09:30:00,1738123200,13.8,71.0,13.1,1019.9,100,False,330.0,4.0,7.2,0.6,1.4,309.0,310.1,162.0,260,13.5
2025-01-29T12:21:00,1738133460,17.9,45.0,18.1,1019.0,98,False,390.0,3.2,6.5,0.6,1.7,287.4,288.3,142.0,224,18.0
2025-01-29T14:58:00,1738142880,21.2,60.0,20.8,1019.1,99,False,347.0,3.5,7.0,0.6,1.2,273.8,275.0,146.0,220,21.0
2025-01-29T16:42:00,1738149120,19.0,51.0,19.4,1016.9,100,False,265.0,4.3,8.6,0.7,1.5,323.1,321.8,159.0,267,19.2
2025-01-29T19:15:00,1738158300,16.9,43.0,16.1,1018.6,100,False,89.0,4.4,8.6,0.6,1.6,307.3,309.4,151.0,270,16.5
2025-01-29T21:15:00,1738165500,14.6,44.0,14.7,1017.0,100,False,8.0,3.2,6.1,0.6,1.2,306.6,309.8,137.0,227,14.7
2025-01-30T00:10:00,1738176000,11.9,50.0,11.5,1018.6,11,True,17.0,4.7,9.1,0.8,1.7,349.7,353.5,174.0,324,11.7
2025-01-30T02:00:00,1738182600,9.8,68.0,10.6,1020.4,97,False,12.0,4.6,9.2,0.8,1.8,348.0,351.4,176.0,329,10.2
2025-01-30T04:30:00,1738191600,8.2,62.0,9.2,1021.8,96,False,7.0,4.7,9.1,0.8,1.9,353.4,350.7,177.0,326,8.7
2025-01-30T07:08:00,1738201080,9.9,56.0,10.5,1017.8,27,True,88.0,5.1,10.4,0.9,2.1,361.9,365.6,173.0,350,10.2
2025-01-30T09:16:00,1738208760,13.3,55.0,13.1,1020.2,15,True,100.0,4.8,9.8,0.9,1.7,343.5,346.0,173.0,341,13.2
2025-01-30T12:04:00,1738218840,17.7,63.0,17.7,1017.7,36,True,171.0,4.1,9.5,0.7,2.0,343.3,340.6,168.0,312,17.7
2025-01-30T14:19:00,1738226940,20.7,36.0,20.6,1015.6,93,False,354.0,4.4,8.6,0.7,1.6,332.2,329.1,165.0,323,20.7
2025-01-30T16:40:00,1738235400,18.8,46.0,19.0,1017.3,54,True,154.0,5.4,11.4,1.0,2.5,358.5,356.4,194.0,394,18.9
2025-01-30T19:47:00,1738246620,16.0,41.0,16.4,1016.8,63,True,34.0,5.0,9.6,0.8,2.2,371.8,375.6,180.0,364,16.2
2025-01-30T21:09:00,1738251540,14.4,58.0,14.4,1018.1,60,True,0.0,4.1,7.1,0.6,1.5,317.7,313.2,166.0,262,14.4
2025-01-31T00:54:00,1738265040,6.7,64.0,6.6,1019.1,100,False,0.0,4.2,9.0,0.6,1.7,300.8,303.4,167.0,287,6.7
2025-01-31T02:57:00,1738272420,5.5,71.0,4.8,1020.9,95,False,11.0,4.1,6.7,0.7,1.6,309.3,306.7,159.0,247,5.2
2025-01-31T04:00:00,1738276200,4.1,65.0,3.2,1018.9,100,False,0.0,4.0,7.9,0.6,1.7,327.0,324.1,164.0,271,3.7
2025-01-31T07:27:00,1738288620,5.1,64.0,5.2,1020.1,96,False,264.0,4.8,8.9,0.7,2.0,323.3,322.6,167.0,324,5.2
2025-01-31T09:12:00,1738294920,7.8,66.0,8.5,1020.0,99,False,327.0,4.7,9.3,0.7,1.5,318.8,321.0,157.0,293,8.2
2025-01-31T12:32:00,1738306920,12.9,45.0,12.4,1018.8,95,False,405.0,4.2,7.9,0.6,1.5,319.3,322.1,159.0,258,12.7
2025-01-31T14:07:00,1738312620,15.3,35.0,16.0,1020.6,100,False,356.0,3.6,7.4,0.6,1.4,304.9,309.5,139.0,230,15.7
2025-01-31T16:43:00,1738321980,14.2,57.0,13.5,1017.0,100,False,282.0,4.1,8.5,0.7,1.9,324.9,325.2,172.0,294,13.9
2025-01-31T19:18:00,1738331280,11.1,50.0,11.2,1018.2,96,False,70.0,4.1,9.1,0.8,1.7,307.4,310.9,159.0,296,11.2
2025-01-31T21:48:00,1738340280,9.3,43.0,9.4,1016.4,98,False,0.0,3.4,7.6,0.7,1.6,313.4,315.2,161.0,250,9.4
2025-02-01T00:58:00,1738351680,12.5,51.0,12.4,1016.1,67,True,14.0,3.0,6.1,0.7,1.1,269.9,269.2,154.0,225,12.4
2025-02-01T02:48:00,1738358280,10.7,66.0,10.4,1018.7,99,False,0.0,3.6,6.8,0.6,1.6,299.3,303.9,153.0,226,10.5
2025-02-01T04:40:00,1738365000,8.4,72.0,8.9,1017.7,97,False,0.0,3.5,5.8,0.6,1.5,259.0,261.7,148.0,203,8.6
2025-02-01T07:56:00,1738376760,10.5,64.0,10.6,1022.4,99,False,237.0,3.7,7.8,0.6,1.4,290.2,291.3,160.0,240,10.5
2025-02-01T09:45:00,1738383300,14.7,64.0,13.9,1021.7,95,False,327.0,3.0,6.5,0.7,1.5,304.7,303.7,157.0,229,14.3
2025-02-01T12:05:00,1738391700,20.4,55.0,19.7,1021.5,28,True,195.0,2.6,6.2,0.5,1.2,265.5,262.8,140.0,176,20.0
2025-02-01T14:05:00,1738398900,24.1,42.0,23.6,1015.1,41,True,231.0,2.6,6.2,0.5,1.2,249.5,247.0,144.0,182,23.8
2025-02-01T16:14:00,1738406640,21.1,40.0,22.0,1017.4,44,True,183.0,4.1,7.1,0.6,1.4,321.6,319.0,167.0,265,21.6
2025-02-01T19:07:00,1738417020,18.4,57.0,17.9,1017.3,93,False,76.0,4.0,7.3,0.6,1.6,314.2,315.7,154.0,262,18.1
2025-02-01T21:53:00,1738426980,15.7,50.0,16.0,1019.7,15,True,0.0,3.1,6.0,0.6,1.2,264.1,264.3,133.0,182,15.9
2025-02-02T00:29:00,1738436340,11.0,65.0,10.0,1017.3,100,False,14.0,3.1,6.7,0.5,1.7,272.0,275.1,151.0,234,10.5
2025-02-02T02:22:00,1738443120,8.3,51.0,8.8,1018.2,99,False,0.0,3.3,7.5,0.6,1.1,286.3,283.0,148.0,232,8.6
2025-02-02T04:43:00,1738451580,6.6,60.0,6.7,1020.9,96,False,0.0,3.9,7.4,0.6,1.4,301.5,306.4,151.0,271,6.7
2025-02-02T07:02:00,1738459920,8.4,66.0,8.7,1016.0,96,False,261.0,4.7,8.5,0.7,1.8,326.5,324.9,172.0,324,8.6
2025-02-02T09:25:00,1738468500,12.2,47.0,12.6,1023.9,96,False,318.0,3.8,9.3,0.7,1.5,332.2,327.3,174.0,297,12.4
2025-02-02T12:37:00,1738480020,18.5,58.0,17.7,1019.4,95,False,384.0,3.6,7.2,0.7,1.6,276.3,273.1,157.0,234,18.1
2025-02-02T14:51:00,1738488060,22.1,43.0,21.6,1018.9,96,False,333.0,3.0,6.2,0.6,1.4,290.3,290.4,159.0,234,21.9
2025-02-02T16:26:00,1738493760,19.5,42.0,19.7,1016.6,98,False,273.0,4.6,9.4,0.8,1.5,327.2,325.4,165.0,298,19.6
2025-02-02T19:46:00,1738505760,16.3,60.0,16.0,1018.0,96,False,81.0,3.8,8.9,0.8,1.6,323.9,322.6,169.0,286,16.2
2025-02-02T21:46:00,1738512960,13.4,52.0,14.4,1016.0,97,False,13.0,4.0,7.3,0.7,1.8,299.1,302.8,153.0,259,13.9
2025-02-03T00:21:00,1738522260,12.8,56.0,13.0,1020.2,44,True,0.0,3.0,7.2,0.7,1.2,288.8,289.5,142.0,208,12.9
2025-02-03T02:26:00,1738529760,11.4,60.0,10.6,1021.7,31,True,5.0,2.9,6.6,0.5,1.2,282.6,279.7,144.0,203,11.0
2025-02-03T04:57:00,1738538820,9.1,73.0,9.0,1021.1,92,False,17.0,2.9,6.4,0.5,1.3,283.9,285.0,143.0,195,9.1
2025-02-03T07:28:00,1738547880,10.7,49.0,11.3,1023.3,90,False,236.0,3.0,6.8,0.6,1.2,268.9,267.6,149.0,206,11.0
2025-02-03T09:07:00,1738553820,14.5,46.0,15.1,1017.2,95,False,324.0,3.6,6.0,0.5,1.4,272.8,274.0,151.0,222,14.8
2025-02-03T12:13:00,1738564980,20.0,63.0,21.0,1020.2,27,True,200.0,3.1,5.9,0.4,1.4,262.1,262.2,141.0,193,20.5
2025-02-03T14:31:00,1738573260,24.4,53.0,24.2,1019.9,25,True,121.0,2.5,5.2,0.6,1.4,244.2,245.5,128.0,178,24.3
2025-02-03T16:55:00,1738581900,22.5,36.0,21.5,1016.4,59,True,213.0,3.5,6.3,0.6,1.5,290.7,292.4,143.0,236,22.0
2025-02-03T19:22:00,1738590720,18.2,50.0,18.9,1018.1,40,True,26.0,4.0,6.2,0.7,1.4,316.5,311.7,161.0,244,18.6
2025-02-03T21:25:00,1738598100,16.6,50.0,16.0,1019.7,67,True,7.0,2.1,4.5,0.5,1.3,270.0,268.7,124.0,160,16.3
2025-02-04T00:41:00,1738609860,12.0,70.0,12.6,1020.1,97,False,8.0,3.0,6.9,0.5,1.1,268.0,272.0,146.0,201,12.3
2025-02-04T02:32:00,1738616520,10.2,57.0,10.6,1016.7,98,False,0.0,2.6,6.2,0.6,1.3,268.1,272.5,142.0,196,10.4
2025-02-04T04:57:00,1738625220,9.0,63.0,8.0,1020.5,97,False,13.0,2.8,6.1,0.5,1.2,278.4,274.2,135.0,195,8.5
2025-02-04T07:35:00,1738634700,10.2,55.0,10.6,1024.6,99,False,237.0,3.0,6.9,0.5,1.1,287.6,289.0,150.0,225,10.4
2025-02-04T09:02:00,1738639920,13.8,58.0,14.6,1016.7,98,False,299.0,3.8,6.3,0.6,1.7,273.9,269.3,149.0,226,14.2
2025-02-04T12:41:00,1738653060,19.7,54.0,20.1,1018.0,95,False,384.0,2.4,5.8,0.4,1.2,271.9,274.5,133.0,171,19.9
2025-02-04T14:27:00,1738659420,23.3,49.0,24.1,1017.8,99,False,331.0,3.0,4.4,0.4,0.9,249.9,245.2,134.0,174,23.7
2025-02-04T16:16:00,1738665960,21.8,38.0,21.0,1015.8,99,False,289.0,3.5,7.5,0.6,1.2,299.5,302.9,146.0,232,21.4
2025-02-04T19:45:00,1738678500,18.2,49.0,17.9,1018.7,100,False,74.0,3.3,6.2,0.6,1.3,280.1,277.3,138.0,224,18.0
2025-02-04T21:45:00,1738685700,15.5,61.0,16.0,1016.2,96,False,0.0,3.2,4.9,0.6,1.0,266.5,268.6,132.0,184,15.7
2025-02-05T00:08:00,1738694280,15.6,63.0,15.6,1016.0,96,False,0.0,3.7,8.4,0.7,1.9,310.2,305.7,166.0,282,15.6
2025-02-05T02:16:00,1738701960,14.1,60.0,13.3,1018.3,99,False,19.0,4.3,8.1,0.6,1.7,306.4,304.3,166.0,283,13.7
2025-02-05T04:03:00,1738708380,11.5,70.0,12.2,1017.8,97,False,13.0,4.2,8.4,0.7,1.8,296.6,298.4,162.0,254,11.8
2025-02-05T07:20:00,1738720200,14.0,62.0,13.4,1018.0,95,False,238.0,4.2,8.9,0.7,1.8,322.7,319.2,158.0,291,13.7
2025-02-05T09:41:00,1738728660,17.9,69.0,17.1,1016.3,100,False,328.0,4.4,8.0,0.7,1.9,335.9,337.5,164.0,296,17.5
2025-02-05T12:05:00,1738737300,23.6,65.0,22.8,1018.9,100,False,390.0,4.0,7.7,0.7,1.7,307.7,307.8,162.0,266,23.2
2025-02-05T14:11:00,1738744860,27.4,43.0,26.6,1020.8,97,False,339.0,3.8,6.6,0.5,1.6,281.6,285.0,137.0,221,27.0
2025-02-05T16:25:00,1738752900,24.8,38.0,24.6,1018.2,96,False,291.0,4.3,8.4,0.6,1.6,318.2,321.7,178.0,306,24.7
2025-02-05T19:39:00,1738764540,21.8,61.0,20.8,1016.3,99,False,80.0,4.6,9.9,0.7,2.1,355.6,351.7,166.0,328,21.3
2025-02-05T21:42:00,1738771920,19.4,53.0,18.7,1014.1,99,False,0.0,3.7,6.3,0.7,1.8,308.3,313.3,148.0,247,19.0
2025-02-06T00:14:00,1738781040,12.5,52.0,12.3,1018.2,96,False,4.0,3.8,7.8,0.5,1.6,293.7,291.3,143.0,248,12.4
2025-02-06T02:25:00,1738788900,10.1,69.0,10.9,1020.2,98,False,0.0,3.7,6.2,0.5,1.3,266.6,264.9,155.0,219,10.5
2025-02-06T04:05:00,1738794900,9.0,62.0,8.2,1019.8,100,False,11.0,3.7,6.1,0.6,1.2,289.4,293.5,142.0,217,8.6
2025-02-06T07:26:00,1738806960,10.6,67.0,10.4,1019.2,96,False,256.0,3.6,8.7,0.6,1.3,298.6,297.8,161.0,268,10.5
2025-02-06T09:12:00,1738813320,14.1,54.0,14.5,1020.5,99,False,328.0,4.4,7.5,0.6,1.7,305.5,308.0,165.0,268,14.3
2025-02-06T12:47:00,1738826220,20.3,47.0,19.7,1016.5,99,False,405.0,3.5,6.5,0.5,1.3,285.6,280.7,139.0,223,20.0
2025-02-06T14:26:00,1738832160,23.7,41.0,23.9,1018.8,97,False,357.0,3.2,6.2,0.5,1.2,279.9,279.4,136.0,203,23.8
2025-02-06T16:03:00,1738837980,21.0,54.0,22.0,1017.6,97,False,276.0,4.0,8.3,0.7,1.8,328.4,324.1,168.0,285,21.5
2025-02-06T19:11:00,1738849260,18.3,61.0,17.9,1017.1,99,False,74.0,4.3,8.3,0.6,1.4,310.0,312.1,151.0,276,18.1
2025-02-06T21:38:00,1738858080,16.1,50.0,15.5,1019.1,96,False,19.0,3.4,7.0,0.6,1.1,267.2,267.1,136.0,219,15.8
2025-02-07T00:59:00,1738870140,14.0,52.0,14.2,1019.0,100,False,7.0,3.2,6.2,0.6,1.6,295.9,300.7,133.0,205,14.1
2025-02-07T02:10:00,1738874400,11.8,60.0,12.5,1021.2,99,False,0.0,3.2,6.2,0.5,1.3,263.7,268.1,154.0,215,12.2
2025-02-07T04:54:00,1738884240,10.8,57.0,9.8,1022.8,100,False,0.0,2.8,7.2,0.6,1.5,274.6,273.9,139.0,215,10.3
2025-02-07T07:54:00,1738895040,12.2,60.0,12.2,1019.4,98,False,259.0,3.9,7.3,0.6,1.2,306.7,306.2,157.0,231,12.2
2025-02-07T09:02:00,1738899120,15.8,45.0,16.1,1020.2,98,False,304.0,3.4,8.0,0.6,1.7,298.3,302.2,143.0,236,16.0
2025-02-07T12:38:00,1738912080,21.9,44.0,21.5,1017.4,97,False,406.0,2.9,6.1,0.5,1.0,277.7,274.2,137.0,204,21.7
2025-02-07T14:43:00,1738919580,25.6,39.0,25.3,1018.7,97,False,344.0,2.9,5.4,0.4,0.9,285.3,289.3,149.0,196,25.5
2025-02-07T16:37:00,1738926420,22.8,53.0,23.6,1017.3,99,False,269.0,3.3,7.1,0.6,1.7,315.0,312.9,152.0,245,23.2
2025-02-07T19:28:00,1738936680,19.4,52.0,20.2,1017.8,99,False,68.0,3.3,7.6,0.7,1.6,309.4,306.3,153.0,229,19.8
2025-02-07T21:09:00,1738942740,17.7,48.0,17.2,1013.8,98,False,9.0,2.5,6.2,0.4,1.1,244.6,245.0,128.0,176,17.5
2025-02-08T00:39:00,1738955340,14.2,64.0,15.1,1016.2,95,False,0.0,3.3,7.2,0.6,1.6,298.3,301.1,144.0,221,14.6
2025-02-08T02:26:00,1738961760,12.3,61.0,13.2,1018.6,99,False,0.0,2.9,4.9,0.5,1.2,258.2,255.5,142.0,195,12.7
2025-02-08T04:12:00,1738968120,11.3,65.0,10.4,1022.8,98,False,0.0,3.5,6.9,0.6,1.4,273.7,275.3,151.0,223,10.8
2025-02-08T07:30:00,1738980000,12.6,63.0,12.9,1018.7,97,False,268.0,3.5,6.3,0.7,1.4,290.4,293.8,153.0,232,12.7
2025-02-08T09:19:00,1738986540,16.8,48.0,16.3,1018.9,99,False,304.0,3.1,6.5,0.6,1.1,297.8,292.8,151.0,219,16.5
2025-02-08T12:55:00,1738999500,22.0,55.0,22.5,1020.0,95,False,406.0,3.0,5.8,0.5,1.4,285.0,281.7,142.0,187,22.2
2025-02-08T14:18:00,1739004480,26.2,43.0,25.9,1014.5,99,False,347.0,2.2,4.9,0.5,0.9,271.3,267.7,132.0,174,26.0
2025-02-08T16:57:00,1739014020,24.3,47.0,23.3,1014.8,99,False,279.0,3.9,7.0,0.7,1.2,315.5,320.4,162.0,247,23.8
2025-02-08T19:04:00,1739021640,20.8,46.0,19.9,1017.4,96,False,84.0,4.1,7.0,0.6,1.5,316.8,316.2,152.0,255,20.3
2025-02-08T21:25:00,1739030100,17.7,49.0,18.4,1017.6,96,False,18.0,2.6,6.3,0.5,1.3,268.8,273.2,131.0,175,18.1
2025-02-09T00:10:00,1739040000,12.6,55.0,12.0,1015.8,96,False,0.0,3.3,6.4,0.5,1.4,292.3,296.7,161.0,246,12.3
2025-02-09T02:20:00,1739047800,10.6,60.0,10.1,1022.2,29,True,0.0,3.6,7.0,0.7,1.8,305.4,302.9,154.0,271,10.4
2025-02-09T04:37:00,1739056020,8.0,62.0,9.0,1019.8,95,False,2.0,3.6,7.6,0.7,1.7,324.1,322.1,149.0,263,8.5
2025-02-09T07:18:00,1739065680,10.5,56.0,10.3,1020.4,69,True,155.0,4.7,9.5,0.8,1.9,329.3,326.2,174.0,341,10.4
2025-02-09T09:46:00,1739074560,14.0,61.0,14.3,1021.9,91,False,311.0,4.6,7.9,0.6,1.9,325.2,321.1,162.0,280,14.2
2025-02-09T12:15:00,1739083500,19.7,46.0,20.1,1017.4,34,True,210.0,3.4,6.6,0.7,1.6,288.8,291.6,149.0,250,19.9
2025-02-09T14:29:00,1739091540,23.2,55.0,24.2,1017.2,27,True,156.0,3.3,7.6,0.6,1.4,298.2,302.9,156.0,236,23.7
2025-02-09T16:38:00,1739099280,21.5,41.0,21.3,1018.9,92,False,283.0,4.4,8.7,0.8,2.0,331.4,331.1,183.0,334,21.4
2025-02-09T19:34:00,1739109840,17.8,43.0,18.2,1012.9,93,False,76.0,4.6,10.0,0.8,2.0,323.4,322.6,176.0,332,18.0
2025-02-09T21:51:00,1739118060,16.0,57.0,15.4,1020.0,91,False,2.0,3.7,7.2,0.7,1.5,286.3,290.1,148.0,258,15.7
2025-02-10T00:51:00,1739128860,10.4,64.0,10.9,1014.9,100,False,0.0,3.6,6.7,0.6,1.3,314.5,317.6,161.0,259,10.6
2025-02-10T02:37:00,1739135220,8.3,54.0,9.1,1022.8,100,False,0.0,3.6,8.4,0.7,1.8,309.2,311.9,156.0,282,8.7
2025-02-10T04:49:00,1739143140,7.3,61.0,6.4,1021.0,100,False,0.0,4.4,8.3,0.7,1.5,310.9,308.6,163.0,302,6.8
2025-02-10T07:15:00,1739151900,8.6,60.0,8.9,1022.3,98,False,244.0,4.2,9.4,0.9,2.0,339.6,336.1,168.0,327,8.7
2025-02-10T09:42:00,1739160720,12.1,58.0,12.9,1021.4,98,False,324.0,4.9,9.3,0.8,1.9,334.6,331.7,181.0,325,12.5
2025-02-10T12:13:00,1739169780,18.3,49.0,18.2,1019.2,98,False,382.0,3.9,8.9,0.8,1.7,307.8,306.3,169.0,280,18.2
2025-02-10T14:53:00,1739179380,22.5,50.0,21.6,1017.4,96,False,343.0,3.6,6.8,0.7,1.7,314.4,314.5,157.0,254,22.0
2025-02-10T16:31:00,1739185260,20.3,57.0,19.3,1016.1,95,False,268.0,5.0,9.8,0.8,1.9,348.3,349.5,173.0,314,19.8
2025-02-10T19:26:00,1739195760,16.4,42.0,16.3,1013.2,98,False,78.0,4.8,9.2,0.8,2.1,355.6,352.2,174.0,341,16.3
2025-02-10T21:22:00,1739202720,14.3,53.0,13.8,1017.3,100,False,19.0,3.4,6.2,0.6,1.7,274.4,277.7,153.0,228,14.1
2025-02-11T00:48:00,1739215080,13.6,58.0,13.5,1022.8,100,False,0.0,4.2,6.5,0.6,1.5,306.7,308.9,152.0,254,13.6
2025-02-11T02:24:00,1739220840,11.8,70.0,11.5,1018.3,100,False,14.0,3.5,6.7,0.7,1.3,284.5,287.0,146.0,226,11.7
2025-02-11T04:32:00,1739228520,10.1,60.0,9.4,1019.8,100,False,0.0,4.2,8.2,0.7,1.8,288.6,293.3,154.0,259,9.8
2025-02-11T07:17:00,1739238420,11.3,60.0,12.0,1023.9,97,False,238.0,3.7,7.2,0.8,1.6,309.1,313.4,158.0,273,11.7
2025-02-11T09:53:00,1739247780,15.3,48.0,15.6,1022.7,98,False,297.0,4.3,7.7,0.7,1.6,318.7,316.1,164.0,260,15.5
2025-02-11T12:56:00,1739258760,20.9,49.0,21.4,1017.8,98,False,389.0,3.2,5.6,0.5,1.1,257.1,255.2,144.0,198,21.2
2025-02-11T14:26:00,1739264160,25.4,55.0,24.5,1014.4,96,False,324.0,2.8,5.3,0.6,1.4,260.3,259.6,144.0,207,25.0
2025-02-11T16:41:00,1739272260,23.1,54.0,22.3,1013.4,99,False,297.0,4.4,7.7,0.7,1.4,307.0,303.3,167.0,274,22.7
2025-02-11T19:27:00,1739282220,19.1,52.0,19.5,1013.5,97,False,91.0,3.7,8.9,0.6,1.5,304.8,306.0,171.0,281,19.3
2025-02-11T21:00:00,1739287800,16.6,51.0,17.4,1020.0,97,False,4.0,3.4,7.2,0.6,1.4,297.1,294.4,138.0,219,17.0
2025-02-12T00:07:00,1739299020,15.6,51.0,15.7,1021.7,52,True,0.0,3.4,8.1,0.7,1.5,298.6,303.3,157.0,253,15.7
2025-02-12T02:17:00,1739306820,13.7,56.0,13.8,1020.4,92,False,8.0,4.1,7.6,0.6,1.6,317.7,320.5,149.0,266,13.8
2025-02-12T04:12:00,1739313720,11.9,61.0,11.8,1018.8,93,False,0.0,3.3,7.6,0.6,1.5,277.8,275.6,148.0,234,11.9
2025-02-12T07:14:00,1739324640,14.1,63.0,13.4,1022.8,96,False,263.0,4.3,9.8,0.8,2.0,317.7,317.8,165.0,311,13.8
2025-02-12T09:14:00,1739331840,17.5,49.0,17.7,1019.3,57,True,98.0,4.6,9.9,0.7,2.1,347.1,346.6,173.0,317,17.6
2025-02-12T12:34:00,1739343840,23.3,51.0,23.3,1018.0,68,True,158.0,3.9,8.3,0.6,1.4,297.9,300.4,150.0,248,23.3
2025-02-12T14:02:00,1739349120,26.7,37.0,27.4,1017.4,96,False,321.0,3.2,7.3,0.5,1.6,276.8,275.5,152.0,216,27.1
2025-02-12T16:09:00,1739356740,24.8,40.0,24.7,1018.7,95,False,261.0,4.2,8.4,0.8,2.0,324.1,325.7,181.0,318,24.8
2025-02-12T19:51:00,1739370060,21.0,60.0,21.7,1017.4,42,True,46.0,4.3,7.8,0.8,1.5,305.4,307.5,165.0,288,21.4
2025-02-12T21:29:00,1739375940,19.4,62.0,18.8,1016.3,98,False,4.0,3.9,7.5,0.6,1.4,317.7,317.6,156.0,258,19.1
2025-02-13T00:33:00,1739386980,14.3,49.0,13.9,1017.5,98,False,6.0,2.9,7.1,0.5,1.6,299.0,302.5,146.0,211,14.1
2025-02-13T02:57:00,1739395620,11.7,53.0,12.6,1022.0,100,False,12.0,3.4,6.7,0.5,1.4,308.5,305.0,159.0,243,12.2
2025-02-13T04:33:00,1739401380,10.4,68.0,10.1,1022.2,96,False,0.0,3.3,6.9,0.6,1.6,298.1,300.7,144.0,241,10.3
2025-02-13T07:19:00,1739411340,12.6,65.0,11.7,1018.5,100,False,246.0,4.2,7.5,0.8,1.9,303.4,307.7,156.0,286,12.2
2025-02-13T09:18:00,1739418480,15.6,55.0,16.4,1021.3,95,False,316.0,4.5,9.1,0.8,1.6,311.8,311.6,155.0,282,16.0
2025-02-13T12:09:00,1739428740,21.7,40.0,21.7,1019.6,97,False,417.0,3.4,7.5,0.5,1.5,275.6,275.3,148.0,227,21.7
2025-02-13T14:31:00,1739437260,25.6,43.0,25.4,1016.7,98,False,331.0,2.8,6.3,0.5,1.2,288.6,286.7,151.0,210,25.5
2025-02-13T16:53:00,1739445780,23.0,55.0,23.4,1015.0,96,False,292.0,3.6,7.5,0.6,1.8,297.0,298.9,155.0,261,23.2
2025-02-13T19:35:00,1739455500,19.8,46.0,19.8,1018.0,100,False,77.0,4.3,8.6,0.6,1.5,324.1,322.8,154.0,275,19.8
2025-02-13T21:31:00,1739462460,17.3,55.0,17.6,1019.5,96,False,11.0,3.1,6.4,0.5,1.3,293.4,297.2,151.0,211,17.5
2025-02-14T00:48:00,1739474280,10.1,62.0,10.6,1020.1,96,False,4.0,2.9,6.1,0.7,1.3,285.6,284.0,139.0,219,10.4
2025-02-14T02:16:00,1739479560,8.7,69.0,8.2,1021.8,95,False,1.0,3.2,6.4,0.5,1.4,284.0,288.6,138.0,194,8.5
2025-02-14T04:58:00,1739489280,6.8,67.0,6.3,1018.4,96,False,0.0,2.9,5.8,0.6,1.5,261.3,262.3,143.0,210,6.6
2025-02-14T07:10:00,1739497200,8.4,54.0,8.5,1021.8,97,False,235.0,3.1,7.4,0.6,1.6,286.5,291.1,140.0,230,8.5
2025-02-14T09:07:00,1739504220,12.3,62.0,12.3,1019.0,96,False,307.0,3.8,8.0,0.6,1.4,285.6,286.8,148.0,246,12.3
2025-02-14T12:24:00,1739516040,17.9,61.0,18.0,1018.1,97,False,392.0,2.5,5.8,0.6,1.0,260.7,260.0,144.0,189,18.0
2025-02-14T14:00:00,1739521800,22.2,38.0,21.3,1018.0,96,False,327.0,2.5,5.8,0.5,0.8,237.8,240.5,139.0,164,21.8
2025-02-14T16:58:00,1739532480,19.3,52.0,19.7,1017.9,96,False,286.0,3.3,5.8,0.6,1.7,271.1,273.3,148.0,227,19.5
2025-02-14T19:55:00,1739543100,15.6,39.0,16.6,1015.7,97,False,84.0,3.0,6.0,0.6,1.5,289.6,284.7,153.0,229,16.1
2025-02-14T21:33:00,1739548980,13.4,64.0,14.2,1014.9,97,False,5.0,2.3,6.3,0.6,1.1,264.9,266.5,129.0,179,13.8
2025-02-15T00:49:00,1739560740,13.0,58.0,13.2,1019.3,96,False,0.0,3.9,7.9,0.7,1.4,305.8,309.4,165.0,286,13.1
2025-02-15T02:46:00,1739567760,10.9,56.0,11.5,1019.6,98,False,0.0,3.8,8.6,0.7,1.5,336.9,341.2,166.0,284,11.2
2025-02-15T04:26:00,1739573760,9.0,61.0,9.6,1019.4,98,False,8.0,4.1,7.6,0.8,1.4,319.3,323.2,169.0,287,9.3
2025-02-15T07:03:00,1739583180,11.1,51.0,11.3,1018.7,99,False,250.0,4.1,8.5,0.8,1.5,317.1,315.8,160.0,271,11.2
2025-02-15T09:02:00,1739590320,15.0,60.0,15.0,1021.0,97,False,322.0,4.7,9.6,0.6,1.7,309.8,306.1,171.0,308,15.0
2025-02-15T12:54:00,1739604240,20.6,54.0,20.9,1019.3,95,False,416.0,4.1,8.4,0.6,1.4,314.5,313.8,167.0,266,20.7
2025-02-15T14:00:00,1739608200,24.2,38.0,24.8,1014.2,96,False,357.0,3.6,6.2,0.6,1.7,281.0,285.8,146.0,236,24.5
2025-02-15T16:31:00,1739617260,21.8,38.0,22.6,1016.0,98,False,297.0,4.6,9.2,0.8,1.9,340.3,338.5,181.0,317,22.2
2025-02-15T19:38:00,1739628480,19.1,58.0,18.5,1016.9,95,False,93.0,4.7,8.4,0.7,1.5,324.1,328.4,180.0,314,18.8
2025-02-15T21:44:00,1739636040,16.3,64.0,16.8,1018.3,97,False,9.0,3.6,7.1,0.6,1.3,281.2,285.9,156.0,231,16.5
2025-02-16T00:45:00,1739646900,11.1,61.0,10.4,1019.6,97,False,0.0,2.9,6.3,0.5,1.1,291.4,290.2,149.0,205,10.8
2025-02-16T02:50:00,1739654400,8.8,71.0,8.9,1018.7,96,False,0.0,3.0,6.9,0.6,1.5,276.1,272.0,153.0,212,8.9
2025-02-16T04:31:00,1739660460,7.1,68.0,6.9,1018.5,97,False,3.0,3.0,6.6,0.5,1.1,261.0,258.4,134.0,207,7.0
2025-02-16T07:36:00,1739671560,9.3,52.0,8.4,1016.3,100,False,259.0,4.0,8.1,0.6,1.6,303.7,303.7,153.0,241,8.9
2025-02-16T09:47:00,1739679420,12.7,63.0,12.6,1020.8,99,False,323.0,3.5,7.2,0.7,1.6,309.6,306.2,152.0,240,12.7
2025-02-16T12:41:00,1739689860,18.4,52.0,18.3,1017.6,95,False,395.0,2.8,5.3,0.5,1.0,263.1,259.4,138.0,191,18.4
2025-02-16T14:19:00,1739695740,22.0,56.0,22.4,1019.1,98,False,350.0,2.6,7.0,0.6,1.4,264.0,264.7,139.0,202,22.2
2025-02-16T16:05:00,1739702100,19.5,40.0,20.3,1017.2,98,False,280.0,3.6,7.1,0.7,1.7,306.0,307.0,142.0,237,19.9
2025-02-16T19:56:00,1739715960,16.7,58.0,16.2,1018.6,99,False,67.0,3.8,6.6,0.6,1.2,273.9,278.2,156.0,229,16.5
2025-02-16T21:34:00,1739721840,14.5,56.0,13.9,1017.8,97,False,0.0,2.5,5.6,0.5,1.2,275.0,272.7,139.0,191,14.2
2025-02-17T00:00:00,1739730600,11.2,67.0,10.8,1018.6,96,False,0.0,4.5,9.2,0.7,1.6,348.3,352.5,175.0,310,11.0
2025-02-17T02:45:00,1739740500,8.7,52.0,9.5,1018.0,100,False,1.0,3.8,7.8,0.7,1.4,301.1,300.3,163.0,267,9.1
2025-02-17T04:27:00,1739746620,7.5,67.0,6.8,1022.7,96,False,0.0,4.6,7.5,0.7,1.6,328.0,326.7,165.0,288,7.2
2025-02-17T07:47:00,1739758620,8.7,64.0,9.5,1023.5,95,False,256.0,4.5,8.3,0.8,1.7,339.8,339.4,161.0,314,9.1
2025-02-17T09:17:00,1739764020,13.0,56.0,12.8,1019.6,99,False,315.0,4.7,9.2,0.8,2.2,342.8,345.7,172.0,339,12.9
2025-02-17T12:42:00,1739776320,18.9,49.0,18.2,1016.0,100,False,396.0,4.3,8.0,0.7,1.6,301.0,304.8,161.0,282,18.6
2025-02-17T14:44:00,1739783640,22.6,43.0,22.1,1014.7,98,False,357.0,3.2,6.8,0.7,1.8,288.9,290.5,153.0,254,22.4
2025-02-17T16:30:00,1739790000,19.8,48.0,20.4,1018.7,95,False,291.0,4.7,9.5,0.9,2.0,358.2,359.7,174.0,333,20.1
2025-02-17T19:48:00,1739801880,16.2,45.0,17.1,1017.2,98,False,93.0,4.5,8.3,0.8,2.0,349.0,352.9,167.0,322,16.7
2025-02-17T21:04:00,1739806440,14.5,59.0,14.2,1018.2,100,False,3.0,3.7,6.8,0.6,1.4,303.0,303.0,152.0,246,14.4
2025-02-18T00:13:00,1739817780,14.1,54.0,14.6,1018.2,13,True,2.0,2.4,6.3,0.5,1.4,252.1,257.1,130.0,184,14.3
2025-02-18T02:50:00,1739827200,12.0,57.0,12.9,1020.6,94,False,0.0,3.2,6.0,0.5,1.3,286.6,288.8,139.0,199,12.4
2025-02-18T04:40:00,1739833800,10.3,57.0,10.7,1019.7,100,False,20.0,2.5,4.9,0.6,1.3,290.8,286.2,136.0,193,10.5
2025-02-18T07:49:00,1739845140,12.5,59.0,12.4,1017.1,65,True,149.0,3.9,6.8,0.6,1.5,284.0,287.7,147.0,233,12.4
2025-02-18T09:39:00,1739851740,16.5,63.0,16.0,1016.4,99,False,311.0,4.0,7.7,0.6,1.6,291.1,292.1,157.0,240,16.2
2025-02-18T12:16:00,1739861160,21.4,55.0,22.4,1017.6,31,True,206.0,2.6,5.0,0.5,1.1,277.1,280.7,141.0,200,21.9
2025-02-18T14:06:00,1739867760,25.4,35.0,26.0,1017.0,45,True,127.0,2.7,5.1,0.5,1.1,256.0,254.3,135.0,169,25.7
2025-02-18T16:30:00,1739876400,23.1,55.0,23.8,1020.5,59,True,176.0,3.4,6.9,0.7,1.6,276.4,275.1,149.0,236,23.4
2025-02-18T19:25:00,1739886900,20.4,60.0,19.6,1015.9,97,False,74.0,4.2,7.9,0.7,1.7,319.6,323.6,160.0,258,20.0
2025-02-18T21:26:00,1739894160,17.6,49.0,17.9,1019.1,94,False,10.0,2.7,6.4,0.5,1.1,273.5,276.5,146.0,195,17.7
2025-02-19T00:33:00,1739905380,14.7,62.0,14.0,1019.5,96,False,13.0,4.1,6.5,0.7,1.3,287.1,285.6,152.0,257,14.4
2025-02-19T02:12:00,1739911320,12.9,55.0,12.0,1018.8,95,False,16.0,4.0,8.6,0.8,1.7,320.7,324.9,164.0,300,12.5
2025-02-19T04:08:00,1739918280,10.5,61.0,10.6,1020.8,100,False,0.0,4.6,8.2,0.7,1.5,318.5,322.2,164.0,288,10.6
2025-02-19T07:56:00,1739931960,12.6,61.0,12.4,1018.1,100,False,263.0,4.6,7.9,0.8,1.6,345.8,345.1,163.0,304,12.5
2025-02-19T09:15:00,1739936700,16.3,57.0,16.2,1020.3,96,False,323.0,4.6,10.1,0.8,1.8,339.7,337.2,168.0,324,16.3
2025-02-19T12:37:00,1739948820,22.2,41.0,21.7,1021.0,97,False,399.0,4.1,7.7,0.7,1.5,318.0,319.2,156.0,285,22.0
2025-02-19T14:45:00,1739956500,25.8,42.0,25.7,1017.6,100,False,332.0,3.6,7.0,0.7,1.4,289.5,285.9,150.0,240,25.8
2025-02-19T16:58:00,1739964480,23.3,51.0,23.7,1018.2,97,False,292.0,5.0,8.8,0.8,1.8,324.8,323.5,182.0,332,23.5
2025-02-19T19:44:00,1739974440,20.2,52.0,19.9,1014.5,100,False,58.0,4.6,9.3,0.8,1.9,359.1,361.8,169.0,345,20.1
2025-02-19T21:02:00,1739979120,17.7,62.0,17.8,1015.7,99,False,0.0,4.1,7.8,0.8,2.0,306.7,302.2,172.0,288,17.8
2025-02-20T00:19:00,1739990940,13.8,54.0,13.4,1018.5,97,False,0.0,2.9,7.2,0.5,1.5,288.7,291.3,136.0,214,13.6
2025-02-20T02:44:00,1739999640,11.3,59.0,12.1,1018.2,96,False,14.0,3.1,6.2,0.7,1.5,281.0,276.6,145.0,213,11.7
2025-02-20T04:42:00,1740006720,9.4,69.0,10.2,1020.9,97,False,0.0,3.3,5.6,0.5,1.5,283.0,286.4,152.0,209,9.8
2025-02-20T07:24:00,1740016440,12.2,53.0,11.2,1018.3,96,False,244.0,3.6,7.8,0.7,1.4,326.1,326.9,165.0,278,11.7
2025-02-20T09:53:00,1740025380,15.6,54.0,15.4,1021.2,97,False,294.0,3.9,8.8,0.8,1.9,320.4,323.8,156.0,278,15.5
2025-02-20T12:24:00,1740034440,21.6,51.0,20.8,1017.4,97,False,393.0,3.5,5.9,0.5,1.6,289.5,289.4,155.0,232,21.2
2025-02-20T14:23:00,1740041580,24.6,37.0,25.4,1018.6,95,False,329.0,3.0,7.0,0.6,1.6,300.2,298.0,144.0,223,25.0
2025-02-20T16:19:00,1740048540,22.5,50.0,23.0,1017.5,99,False,262.0,4.4,7.6,0.6,1.3,311.6,312.0,153.0,266,22.7
2025-02-20T19:49:00,1740061140,19.1,51.0,19.5,1017.9,95,False,93.0,4.1,6.6,0.7,1.5,300.1,297.0,149.0,259,19.3
2025-02-20T21:02:00,1740065520,17.2,66.0,16.9,1016.3,95,False,4.0,2.5,5.1,0.4,0.9,284.4,280.4,127.0,187,17.0
2025-02-21T00:44:00,1740078840,14.1,59.0,14.0,1018.8,95,False,15.0,2.7,5.0,0.6,1.2,263.1,263.6,138.0,191,14.1
2025-02-21T02:09:00,1740083940,11.9,59.0,12.5,1020.4,96,False,0.0,3.1,6.8,0.6,1.0,255.7,258.8,129.0,195,12.2
2025-02-21T04:02:00,1740090720,10.1,55.0,10.5,1016.4,100,False,0.0,2.7,5.9,0.6,1.0,260.4,262.5,134.0,198,10.3
2025-02-21T07:23:00,1740102780,11.8,55.0,12.6,1017.4,98,False,238.0,3.8,7.2,0.6,1.7,302.3,304.7,140.0,232,12.2
2025-02-21T09:38:00,1740110880,16.0,52.0,16.0,1017.0,95,False,318.0,3.4,7.2,0.6,1.4,310.8,306.7,146.0,239,16.0
2025-02-21T12:02:00,1740119520,21.4,53.0,21.9,1016.0,95,False,387.0,3.1,4.9,0.4,1.3,281.3,283.7,129.0,184,21.7
2025-02-21T14:47:00,1740129420,25.7,44.0,25.2,1021.1,99,False,357.0,2.0,5.6,0.5,1.0,266.1,264.3,125.0,160,25.5
2025-02-21T16:55:00,1740137100,23.6,53.0,22.7,1016.7,98,False,266.0,3.1,7.3,0.5,1.2,293.5,290.6,152.0,229,23.2
2025-02-21T19:49:00,1740147540,19.5,64.0,20.1,1016.7,100,False,69.0,3.1,7.5,0.7,1.5,286.6,286.1,154.0,237,19.8
2025-02-21T21:50:00,1740154800,17.5,58.0,17.5,1015.0,98,False,10.0,2.9,5.7,0.4,1.3,244.4,245.7,140.0,174,17.5
2025-02-22T00:35:00,1740164700,13.5,70.0,12.8,1021.4,98,False,17.0,2.4,5.3,0.6,1.1,259.1,257.0,130.0,185,13.2
2025-02-22T02:50:00,1740172800,11.3,68.0,11.3,1022.7,98,False,13.0,2.8,5.3,0.7,1.1,271.4,269.0,135.0,208,11.3
2025-02-22T04:36:00,1740179160,9.6,66.0,9.1,1020.8,95,False,17.0,3.0,6.2,0.5,1.2,271.5,270.6,132.0,190,9.4
2025-02-22T07:30:00,1740189600,11.4,60.0,11.1,1020.4,98,False,235.0,3.0,7.7,0.6,1.5,279.4,281.8,145.0,237,11.3
2025-02-22T09:40:00,1740197400,15.0,62.0,15.1,1019.4,98,False,300.0,3.8,6.3,0.7,1.3,277.6,274.6,144.0,222,15.1
2025-02-22T12:18:00,1740206880,21.2,54.0,20.4,1022.1,96,False,414.0,3.3,6.7,0.6,1.0,261.8,265.1,136.0,195,20.8
2025-02-22T14:37:00,1740215220,24.5,54.0,24.6,1015.9,100,False,328.0,2.9,6.3,0.4,1.2,291.3,291.5,149.0,198,24.6
2025-02-22T16:47:00,1740223020,22.0,50.0,22.6,1017.5,97,False,276.0,3.0,7.5,0.7,1.2,302.4,300.2,154.0,237,22.3
2025-02-22T19:08:00,1740231480,18.9,54.0,18.9,1016.4,99,False,69.0,3.9,6.5,0.5,1.5,293.7,289.8,146.0,242,18.9
2025-02-22T21:59:00,1740241740,16.3,46.0,16.9,1014.9,99,False,0.0,2.4,5.8,0.5,1.2,261.9,263.4,133.0,174,16.6
2025-02-23T00:53:00,1740252180,14.8,63.0,14.3,1018.1,98,False,0.0,3.7,6.6,0.7,1.6,281.0,277.7,153.0,222,14.5
2025-02-23T02:32:00,1740258120,12.9,64.0,12.4,1021.4,95,False,17.0,3.4,6.5,0.5,1.6,279.2,275.8,141.0,221,12.6
2025-02-23T04:37:00,1740265620,10.3,58.0,11.2,1023.1,97,False,0.0,3.2,5.6,0.5,1.2,266.3,264.4,133.0,197,10.7
2025-02-23T07:02:00,1740274320,12.7,70.0,12.6,1024.1,98,False,236.0,4.0,7.4,0.8,1.6,332.1,333.4,163.0,277,12.6
2025-02-23T09:07:00,1740281820,16.0,65.0,16.9,1018.4,99,False,328.0,3.7,7.0,0.6,1.5,307.5,307.4,160.0,270,16.4
2025-02-23T12:01:00,1740292260,22.1,38.0,22.2,1019.8,98,False,409.0,3.0,5.2,0.6,1.2,288.3,285.6,137.0,206,22.1
2025-02-23T14:00:00,1740299400,26.2,41.0,25.6,1017.3,99,False,339.0,2.8,6.0,0.6,1.3,282.5,284.0,140.0,179,25.9
2025-02-23T16:46:00,1740309360,23.7,41.0,23.6,1016.3,99,False,274.0,4.0,7.3,0.7,1.6,313.2,313.6,161.0,252,23.7
2025-02-23T19:41:00,1740319860,20.7,53.0,19.8,1016.6,95,False,91.0,3.9,7.6,0.6,1.7,290.9,286.2,158.0,267,20.2
2025-02-23T21:03:00,1740324780,18.4,57.0,17.5,1013.9,96,False,0.0,3.3,6.2,0.5,1.5,295.1,295.7,131.0,201,18.0
2025-02-24T00:09:00,1740335940,14.4,66.0,13.7,1016.7,95,False,0.0,2.6,5.9,0.5,1.3,293.2,295.9,145.0,201,14.0
2025-02-24T02:49:00,1740345540,12.5,52.0,11.8,1019.4,99,False,0.0,3.3,4.9,0.6,1.2,277.7,278.7,140.0,193,12.1
2025-02-24T04:13:00,1740350580,10.6,61.0,9.8,1021.1,100,False,0.0,3.7,6.9,0.6,1.7,297.1,294.3,141.0,229,10.2
2025-02-24T07:03:00,1740360780,12.4,59.0,11.9,1019.8,97,False,269.0,3.5,7.2,0.6,1.4,317.2,318.9,156.0,246,12.1
2025-02-24T09:13:00,1740368580,15.8,52.0,16.1,1021.2,100,False,293.0,4.2,8.1,0.6,1.3,284.2,282.4,163.0,256,15.9
2025-02-24T12:39:00,1740380940,21.2,65.0,22.1,1018.8,95,False,411.0,3.6,6.0,0.7,1.5,277.7,274.7,144.0,213,21.6
2025-02-24T14:15:00,1740386700,25.7,46.0,25.2,1015.9,95,False,353.0,2.4,6.4,0.5,1.3,288.3,283.3,135.0,189,25.4
2025-02-24T16:18:00,1740394080,22.8,45.0,23.5,1015.2,97,False,279.0,3.7,6.5,0.5,1.6,285.7,283.5,154.0,247,23.2
2025-02-24T19:21:00,1740405060,20.0,56.0,19.5,1020.1,96,False,78.0,4.0,7.1,0.7,1.7,304.0,301.8,150.0,266,19.7
2025-02-24T21:39:00,1740413340,17.6,60.0,17.3,1016.8,100,False,0.0,2.7,5.2,0.6,1.5,254.7,257.9,127.0,187,17.5
2025-02-25T00:04:00,1740422040,13.8,66.0,14.6,1017.3,98,False,0.0,3.6,6.9,0.6,1.3,282.7,287.0,139.0,216,14.2
2025-02-25T02:18:00,1740430080,12.1,66.0,12.4,1021.3,97,False,0.0,2.9,6.0,0.6,1.2,246.3,246.9,128.0,176,12.3
2025-02-25T04:03:00,1740436380,10.2,65.0,10.5,1020.5,98,False,0.0,3.3,6.5,0.5,1.6,299.8,300.5,153.0,211,10.4
2025-02-25T07:26:00,1740448560,12.4,67.0,12.1,1019.2,98,False,239.0,3.5,6.0,0.7,1.5,292.2,289.9,147.0,231,12.3
2025-02-25T09:00:00,1740454200,16.1,63.0,16.0,1021.7,96,False,318.0,2.8,6.6,0.5,1.5,272.0,274.3,153.0,219,16.1
2025-02-25T12:39:00,1740467340,21.7,59.0,21.9,1019.3,100,False,399.0,3.4,6.1,0.6,1.0,258.8,261.6,148.0,201,21.8
2025-02-25T14:33:00,1740474180,26.0,52.0,25.1,1016.7,99,False,342.0,2.5,4.7,0.5,1.4,256.7,253.9,134.0,178,25.6
2025-02-25T16:19:00,1740480540,23.3,59.0,23.3,1018.8,95,False,299.0,3.9,6.5,0.6,1.3,309.1,307.2,159.0,236,23.3
2025-02-25T19:50:00,1740493200,19.6,58.0,20.1,1020.6,100,False,82.0,2.8,7.0,0.5,1.5,283.0,285.3,149.0,220,19.9
2025-02-25T21:48:00,1740500280,17.4,52.0,17.8,1017.7,96,False,1.0,2.3,6.2,0.5,1.4,279.1,278.9,135.0,171,17.6
2025-02-26T00:06:00,1740508560,14.9,70.0,15.5,1015.4,64,True,10.0,3.0,5.7,0.6,1.4,269.6,273.0,132.0,203,15.2
2025-02-26T02:13:00,1740516180,13.3,69.0,13.2,1021.8,91,False,0.0,3.8,6.7,0.6,1.2,284.0,284.5,148.0,233,13.3
2025-02-26T04:51:00,1740525660,10.9,63.0,11.8,1016.7,95,False,17.0,3.3,5.7,0.6,1.3,277.1,272.6,140.0,198,11.4
2025-02-26T07:54:00,1740536640,13.3,66.0,13.3,1021.2,98,False,237.0,3.7,6.5,0.7,1.2,291.1,293.3,143.0,232,13.3
2025-02-26T09:23:00,1740541980,17.4,57.0,16.7,1018.2,97,False,310.0,4.0,7.9,0.6,1.6,309.9,313.7,159.0,269,17.1
2025-02-26T12:43:00,1740553980,22.9,66.0,22.7,1018.4,93,False,405.0,2.9,6.2,0.4,1.4,265.4,270.0,138.0,179,22.8
2025-02-26T14:00:00,1740558600,26.5,44.0,26.6,1018.4,23,True,169.0,3.4,5.0,0.5,1.1,253.6,253.3,142.0,197,26.6
2025-02-26T16:33:00,1740567780,24.6,47.0,24.0,1015.4,47,True,141.0,3.6,8.2,0.7,1.4,322.1,324.2,165.0,260,24.3
2025-02-26T19:26:00,1740578160,21.1,59.0,20.7,1016.0,70,True,46.0,3.9,8.3,0.7,1.7,319.5,319.3,158.0,266,20.9
2025-02-26T21:15:00,1740584700,18.4,48.0,18.8,1015.8,15,True,20.0,3.2,6.2,0.6,1.2,269.7,271.7,143.0,203,18.6
2025-02-27T00:56:00,1740597960,10.7,58.0,11.3,1015.1,95,False,0.0,3.0,6.4,0.6,1.1,281.6,278.3,140.0,232,11.0
2025-02-27T02:17:00,1740602820,9.0,64.0,9.1,1019.9,95,False,8.0,3.9,8.0,0.7,1.7,293.5,291.1,150.0,269,9.1
2025-02-27T04:38:00,1740611280,7.2,58.0,7.2,1017.6,96,False,0.0,3.4,7.6,0.5,1.1,295.4,296.4,144.0,226,7.2
2025-02-27T07:14:00,1740620640,8.7,63.0,9.5,1021.1,99,False,250.0,4.0,8.6,0.7,1.4,324.9,320.2,152.0,265,9.1
2025-02-27T09:33:00,1740628980,12.7,56.0,13.1,1018.5,95,False,301.0,3.9,7.5,0.7,1.6,329.5,328.4,157.0,272,12.9
2025-02-27T12:48:00,1740640680,18.5,51.0,18.7,1018.9,96,False,381.0,3.2,7.5,0.6,1.7,288.6,288.0,160.0,249,18.6
2025-02-27T14:55:00,1740648300,22.2,51.0,22.6,1015.8,95,False,353.0,3.5,6.1,0.6,1.5,281.6,285.7,141.0,215,22.4
2025-02-27T16:10:00,1740652800,20.1,53.0,20.1,1016.5,96,False,286.0,4.6,8.8,0.8,1.4,318.4,321.9,162.0,294,20.1
2025-02-27T19:59:00,1740666540,16.2,57.0,17.1,1014.2,96,False,77.0,4.0,8.1,0.7,1.8,319.5,320.4,176.0,300,16.7
2025-02-27T21:42:00,1740672720,14.7,62.0,14.1,1014.5,95,False,6.0,3.3,6.4,0.7,1.4,288.2,290.7,148.0,242,14.4
2025-02-28T00:51:00,1740684060,12.5,51.0,13.0,1016.7,97,False,17.0,4.0,8.1,0.7,1.4,300.9,300.6,154.0,281,12.8
2025-02-28T02:57:00,1740691620,10.4,71.0,11.3,1022.2,100,False,11.0,4.2,8.1,0.6,1.7,281.9,283.2,154.0,250,10.9
2025-02-28T04:14:00,1740696240,9.0,67.0,8.9,1023.2,96,False,0.0,4.1,9.1,0.8,1.7,337.3,332.9,156.0,293,9.0
2025-02-28T07:59:00,1740709740,11.3,50.0,10.5,1018.2,100,False,269.0,4.3,8.8,0.6,1.5,329.4,328.4,155.0,289,10.9
2025-02-28T09:18:00,1740714480,14.6,57.0,14.7,1021.2,96,False,294.0,4.2,9.4,0.8,2.1,340.4,338.1,179.0,329,14.7
2025-02-28T12:39:00,1740726540,19.9,60.0,20.8,1022.8,95,False,383.0,3.2,7.1,0.6,1.5,287.2,285.0,155.0,228,20.4
2025-02-28T14:55:00,1740734700,24.2,42.0,24.1,1016.6,98,False,331.0,3.2,7.0,0.5,1.1,292.3,297.0,155.0,238,24.2
2025-02-28T16:18:00,1740739680,21.5,54.0,22.3,1017.8,98,False,291.0,4.3,10.2,0.7,1.9,347.8,349.5,175.0,323,21.9
2025-02-28T19:46:00,1740752160,18.1,47.0,18.9,1017.4,96,False,87.0,3.9,9.4,0.8,2.0,323.4,322.2,165.0,305,18.5
2025-02-28T21:33:00,1740758580,16.6,58.0,15.8,1016.9,96,False,0.0,2.9,6.2,0.7,1.3,268.1,268.7,151.0,220,16.2
2025-03-01T00:06:00,1740767760,22.5,60.0,21.9,1008.4,100,False,13.0,2.0,4.2,0.5,1.2,235.6,238.1,132.0,152,22.2
2025-03-01T02:40:00,1740777000,20.5,59.0,19.7,1008.4,95,False,9.0,2.8,5.5,0.5,1.2,267.1,271.2,131.0,166,20.1
2025-03-01T04:35:00,1740783900,18.1,54.0,17.9,1010.4,97,False,0.0,2.7,4.9,0.5,1.0,258.1,256.2,128.0,164,18.0
2025-03-01T07:48:00,1740795480,20.4,63.0,19.8,1011.5,96,False,270.0,2.8,6.4,0.5,1.5,286.4,288.2,149.0,209,20.1
2025-03-01T09:29:00,1740801540,23.9,34.0,24.7,1013.4,95,False,307.0,3.2,4.9,0.5,1.4,257.1,259.1,135.0,182,24.3
2025-03-01T12:08:00,1740811080,30.8,42.0,30.4,1011.7,95,False,393.0,2.6,4.3,0.5,1.0,254.7,255.0,121.0,165,30.6
2025-03-01T14:58:00,1740821280,34.8,36.0,34.8,1011.7,99,False,321.0,2.6,5.9,0.5,0.8,242.1,241.7,122.0,168,34.8
2025-03-01T16:36:00,1740827160,32.5,35.0,32.0,1010.0,97,False,261.0,3.5,5.9,0.6,1.0,265.6,269.6,137.0,206,32.3
2025-03-01T19:43:00,1740838380,28.9,47.0,28.1,1004.8,97,False,61.0,2.8,5.9,0.6,1.1,273.5,278.1,144.0,210,28.5
2025-03-01T21:20:00,1740844200,26.3,60.0,25.6,1009.7,96,False,0.0,2.2,4.4,0.4,1.2,277.2,273.2,141.0,171,26.0
2025-03-02T00:19:00,1740854940,23.6,51.0,23.7,1011.5,96,False,0.0,2.0,5.3,0.6,1.2,247.0,247.0,132.0,159,23.6
2025-03-02T02:34:00,1740863040,21.3,50.0,21.8,1011.9,99,False,5.0,2.6,3.9,0.5,1.0,237.9,238.4,121.0,154,21.5
2025-03-02T04:30:00,1740870000,19.7,61.0,19.2,1011.3,98,False,0.0,2.7,4.6,0.5,0.9,275.9,273.1,124.0,173,19.4
2025-03-02T07:16:00,1740879960,21.9,54.0,21.2,1013.5,97,False,253.0,2.8,6.9,0.5,1.5,285.8,289.4,139.0,196,21.5
2025-03-02T09:01:00,1740886260,26.1,36.0,25.4,1012.0,96,False,315.0,3.1,6.0,0.5,1.2,260.5,265.3,144.0,200,25.7
2025-03-02T12:22:00,1740898320,32.2,37.0,31.9,1010.9,100,False,403.0,2.4,4.8,0.5,1.2,245.3,247.0,125.0,140,32.0
2025-03-02T14:31:00,1740906060,36.6,39.0,35.9,1008.6,99,False,351.0,2.3,5.4,0.6,1.3,254.2,250.7,127.0,163,36.2
2025-03-02T16:01:00,1740911460,33.3,44.0,34.2,1007.7,100,False,294.0,3.3,6.8,0.6,1.4,290.6,295.3,131.0,197,33.7
2025-03-02T19:59:00,1740925740,30.1,45.0,29.8,1007.6,95,False,70.0,2.6,5.7,0.6,1.4,266.3,270.6,135.0,199,29.9
2025-03-02T21:31:00,1740931260,27.3,51.0,27.6,1008.0,97,False,0.0,1.9,5.4,0.4,1.3,246.1,241.3,119.0,142,27.4
2025-03-03T00:30:00,1740942000,23.9,38.0,23.5,1008.4,98,False,0.0,2.7,6.1,0.5,1.2,285.8,287.2,136.0,193,23.7
2025-03-03T02:49:00,1740950340,22.1,44.0,21.2,1010.7,96,False,12.0,2.5,5.1,0.5,0.8,253.7,256.4,133.0,158,21.6
2025-03-03T04:24:00,1740956040,19.5,54.0,19.5,1014.2,99,False,0.0,2.8,5.8,0.5,0.8,257.4,256.8,135.0,166,19.5
2025-03-03T07:32:00,1740967320,21.8,54.0,21.4,1011.5,100,False,262.0,3.0,5.1,0.5,1.3,262.7,263.4,144.0,188,21.6
2025-03-03T09:18:00,1740973680,25.3,57.0,26.3,1012.5,99,False,293.0,2.8,5.6,0.6,0.9,289.0,289.9,148.0,194,25.8
2025-03-03T12:38:00,1740985680,31.8,47.0,32.4,1010.3,95,False,396.0,2.7,4.7,0.5,0.9,265.5,262.6,127.0,161,32.1
2025-03-03T14:20:00,1740991800,36.0,32.0,36.7,1008.5,100,False,346.0,2.3,4.5,0.5,1.4,273.1,275.4,127.0,177,36.3
2025-03-03T16:49:00,1741000740,33.8,37.0,33.8,1006.5,96,False,298.0,3.4,6.9,0.5,1.5,286.9,291.1,152.0,207,33.8
2025-03-03T19:54:00,1741011840,30.4,39.0,29.6,1010.4,95,False,84.0,3.3,7.0,0.7,1.2,291.5,288.4,140.0,217,30.0
2025-03-03T21:45:00,1741018500,27.1,55.0,27.9,1011.9,95,False,19.0,2.4,4.4,0.4,1.3,237.1,232.3,125.0,152,27.5
2025-03-04T00:20:00,1741027800,22.5,56.0,22.3,1010.3,58,True,4.0,3.0,7.1,0.6,1.4,271.8,270.7,138.0,216,22.4
2025-03-04T02:23:00,1741035180,20.0,56.0,20.7,1010.5,90,False,0.0,3.5,5.7,0.5,1.5,287.5,283.9,153.0,224,20.3
2025-03-04T04:12:00,1741041720,17.8,50.0,18.6,1012.3,97,False,0.0,3.4,7.0,0.6,1.4,274.4,276.6,147.0,222,18.2
2025-03-04T07:08:00,1741052280,20.7,51.0,20.0,1014.2,31,True,114.0,3.7,7.3,0.7,1.6,291.5,291.9,148.0,236,20.3
2025-03-04T09:51:00,1741062060,24.4,41.0,24.6,1011.8,92,False,302.0,3.2,7.6,0.5,1.4,281.8,279.1,157.0,233,24.5
2025-03-04T12:25:00,1741071300,31.2,46.0,30.5,1012.1,60,True,266.0,3.1,5.9,0.4,1.4,282.4,282.8,129.0,190,30.8
2025-03-04T14:57:00,1741080420,35.3,33.0,34.8,1009.6,92,False,339.0,3.5,7.0,0.5,1.4,267.8,263.4,147.0,210,35.0
2025-03-04T16:24:00,1741085640,32.3,44.0,32.7,1009.6,39,True,181.0,4.0,8.0,0.7,1.5,324.6,320.3,148.0,265,32.5
2025-03-04T19:02:00,1741095120,28.9,38.0,28.6,1007.6,45,True,38.0,4.5,7.1,0.8,1.7,296.9,300.0,165.0,276,28.7
2025-03-04T21:30:00,1741104000,26.0,41.0,26.4,1008.7,99,False,16.0,2.5,6.0,0.5,1.3,285.3,285.3,138.0,194,26.2
2025-03-05T00:01:00,1741113060,21.9,56.0,22.4,1010.8,96,False,3.0,3.1,7.0,0.6,1.5,276.7,280.6,150.0,230,22.2
2025-03-05T02:37:00,1741122420,20.0,50.0,20.1,1012.6,97,False,8.0,2.5,5.8,0.5,1.3,289.4,291.5,137.0,197,20.1
2025-03-05T04:59:00,1741130940,17.6,40.0,18.4,1011.0,97,False,0.0,2.6,5.6,0.5,1.0,293.9,297.3,149.0,202,18.0
2025-03-05T07:24:00,1741139640,19.6,58.0,20.5,1015.5,96,False,231.0,3.7,6.8,0.7,1.5,317.2,315.9,148.0,250,20.1
2025-03-05T09:35:00,1741147500,24.4,55.0,24.2,1009.5,100,False,326.0,3.5,6.2,0.6,1.6,269.6,272.6,152.0,226,24.3
2025-03-05T12:20:00,1741157400,30.1,45.0,31.0,1011.1,97,False,414.0,2.4,4.9,0.6,1.3,248.1,253.0,136.0,184,30.6
2025-03-05T14:19:00,1741164540,35.1,30.0,34.4,1007.0,100,False,349.0,3.4,6.0,0.5,1.3,275.7,272.3,129.0,192,34.8
2025-03-05T16:33:00,1741172580,32.2,42.0,32.3,1009.3,95,False,290.0,3.3,7.7,0.7,1.5,304.5,300.4,143.0,242,32.3
2025-03-05T19:39:00,1741183740,28.3,41.0,28.6,1008.5,97,False,88.0,3.9,7.4,0.7,1.3,311.4,307.0,159.0,257,28.5
2025-03-05T21:53:00,1741191780,26.2,33.0,25.7,1008.6,95,False,0.0,3.4,5.1,0.5,1.0,270.2,274.1,134.0,203,26.0
2025-03-06T00:19:00,1741200540,22.2,49.0,21.3,1011.2,10,True,0.0,3.4,7.6,0.6,1.4,301.0,305.5,147.0,249,21.7
2025-03-06T02:38:00,1741208880,19.9,46.0,19.4,1014.8,93,False,0.0,4.0,7.6,0.5,1.4,290.3,286.4,146.0,248,19.6
2025-03-06T04:06:00,1741214160,17.4,41.0,17.7,1009.9,95,False,0.0,3.6,7.6,0.7,1.4,286.4,290.2,158.0,240,17.5
2025-03-06T07:06:00,1741224960,19.2,59.0,20.1,1011.7,97,False,246.0,3.7,7.1,0.6,1.5,277.7,274.5,160.0,243,19.6
2025-03-06T09:54:00,1741235040,24.3,53.0,23.4,1012.5,64,True,104.0,4.0,7.6,0.7,1.7,295.7,292.1,162.0,267,23.8
2025-03-06T12:21:00,1741243860,30.5,41.0,29.8,1007.3,59,True,184.0,3.6,6.2,0.7,1.4,292.8,297.3,141.0,219,30.1
2025-03-06T14:40:00,1741252200,34.4,47.0,34.3,1006.7,96,False,348.0,3.7,6.9,0.6,1.6,287.0,285.4,150.0,222,34.3
2025-03-06T16:08:00,1741257480,32.1,42.0,31.6,1011.8,61,True,76.0,3.8,9.1,0.6,1.8,315.5,313.5,167.0,285,31.8
2025-03-06T19:16:00,1741268760,28.4,30.0,27.7,1009.7,90,False,64.0,4.4,8.8,0.6,1.4,329.4,325.5,169.0,272,28.0
2025-03-06T21:19:00,1741276140,25.4,51.0,25.7,1011.6,24,True,0.0,2.9,5.2,0.6,1.3,285.2,281.0,139.0,201,25.5
2025-03-07T00:47:00,1741288620,20.1,53.0,19.5,1011.0,100,False,0.0,3.5,7.1,0.6,1.3,265.6,260.6,136.0,204,19.8
2025-03-07T02:04:00,1741293240,18.0,46.0,17.4,1013.4,96,False,0.0,2.8,6.7,0.6,1.3,255.6,257.8,148.0,199,17.7
2025-03-07T04:08:00,1741300680,15.8,47.0,15.4,1009.8,99,False,0.0,2.6,5.5,0.5,1.2,279.3,280.6,136.0,197,15.6
2025-03-07T07:06:00,1741311360,17.5,50.0,17.9,1012.1,100,False,259.0,3.2,6.7,0.6,1.1,284.8,283.5,146.0,231,17.7
2025-03-07T09:08:00,1741318680,21.9,53.0,21.8,1014.7,95,False,328.0,3.6,6.9,0.6,1.8,289.8,288.3,158.0,255,21.9
2025-03-07T12:22:00,1741330320,28.4,47.0,27.9,1008.0,97,False,394.0,2.5,6.0,0.5,1.0,252.6,248.6,129.0,171,28.2
2025-03-07T14:26:00,1741337760,32.6,32.0,32.1,1011.1,95,False,345.0,2.3,5.4,0.5,1.3,250.9,248.1,139.0,173,32.4
2025-03-07T16:32:00,1741345320,29.9,42.0,29.9,1008.0,99,False,292.0,3.8,7.1,0.7,1.4,294.8,297.8,143.0,241,29.9
2025-03-07T19:19:00,1741355340,25.9,40.0,26.3,1008.9,98,False,81.0,3.1,7.3,0.7,1.2,295.5,298.3,151.0,234,26.1
2025-03-07T21:25:00,1741362900,23.9,49.0,23.2,1011.2,96,False,11.0,3.4,5.3,0.5,1.2,296.7,294.4,148.0,211,23.6
2025-03-08T00:46:00,1741374960,22.1,51.0,21.9,1010.0,98,False,0.0,2.8,4.5,0.6,0.8,241.8,245.2,125.0,163,22.0
2025-03-08T02:47:00,1741382220,19.8,58.0,20.0,1013.6,97,False,7.0,3.3,5.8,0.5,1.4,257.2,261.8,133.0,190,19.9
2025-03-08T04:53:00,1741389780,17.9,61.0,17.7,1013.1,97,False,2.0,2.8,4.2,0.5,0.9,275.2,276.4,126.0,163,17.8
2025-03-08T07:57:00,1741400820,20.1,58.0,19.7,1014.5,96,False,249.0,3.1,6.5,0.5,1.1,280.8,282.6,144.0,196,19.9
2025-03-08T09:36:00,1741406760,23.9,43.0,24.3,1010.5,100,False,316.0,3.3,5.6,0.5,1.1,268.5,271.9,138.0,193,24.1
2025-03-08T12:57:00,1741418820,30.8,39.0,30.0,1007.9,98,False,408.0,2.7,5.5,0.6,1.0,257.0,254.4,126.0,158,30.4
2025-03-08T14:53:00,1741425780,34.1,43.0,35.1,1006.1,97,False,349.0,3.2,4.4,0.6,0.9,245.6,241.7,141.0,175,34.6
2025-03-08T16:33:00,1741431780,32.2,34.0,32.0,1009.2,99,False,294.0,3.3,5.0,0.5,1.0,271.8,266.9,145.0,200,32.1
2025-03-08T19:41:00,1741443060,28.0,37.0,28.6,1006.1,99,False,56.0,3.0,6.5,0.6,1.6,291.7,293.2,148.0,217,28.3
2025-03-08T21:46:00,1741450560,26.2,39.0,25.4,1009.3,97,False,8.0,2.9,5.0,0.5,1.1,269.4,267.5,137.0,162,25.8
2025-03-09T00:08:00,1741459080,18.9,55.0,18.8,1007.8,97,False,0.0,3.3,7.0,0.7,1.5,294.2,292.6,142.0,225,18.9
2025-03-09T02:09:00,1741466340,16.3,50.0,17.3,1015.2,95,False,0.0,2.6,5.4,0.6,1.1,264.6,265.2,137.0,208,16.8
2025-03-09T04:55:00,1741476300,14.9,50.0,14.5,1014.3,98,False,0.0,2.9,7.3,0.7,1.3,286.8,284.5,140.0,215,14.7
2025-03-09T07:00:00,1741483800,17.2,41.0,16.4,1012.5,98,False,243.0,3.2,7.4,0.6,1.2,266.7,270.0,154.0,220,16.8
2025-03-09T09:14:00,1741491840,21.4,38.0,20.6,1011.4,96,False,301.0,4.1,6.7,0.6,1.8,304.9,300.7,158.0,262,21.0
2025-03-09T12:43:00,1741504380,27.1,49.0,27.4,1008.7,100,False,395.0,2.8,6.7,0.7,1.1,287.9,287.8,151.0,208,27.3
2025-03-09T14:29:00,1741510740,31.5,45.0,31.4,1008.3,96,False,320.0,3.2,4.9,0.6,1.1,256.2,253.1,135.0,179,31.5
2025-03-09T16:16:00,1741517160,29.0,42.0,28.9,1007.7,100,False,271.0,3.8,7.2,0.5,1.2,285.5,289.6,159.0,233,29.0
2025-03-09T19:47:00,1741529820,24.9,30.0,25.4,1006.2,100,False,91.0,3.6,6.5,0.6,1.7,292.0,295.7,147.0,248,25.2
2025-03-09T21:25:00,1741535700,22.7,46.0,22.7,1005.5,100,False,0.0,2.6,5.3,0.6,1.0,259.8,258.2,143.0,197,22.7
2025-03-10T00:38:00,1741547280,21.9,59.0,22.7,1008.4,98,False,7.0,2.6,5.0,0.5,1.1,254.5,255.1,144.0,189,22.3
2025-03-10T02:52:00,1741555320,20.2,51.0,20.1,1011.1,100,False,13.0,2.5,4.7,0.4,1.1,258.9,263.5,132.0,181,20.2
2025-03-10T04:08:00,1741559880,17.7,49.0,18.4,1010.7,96,False,0.0,3.2,5.7,0.6,1.4,288.0,289.7,130.0,200,18.1
2025-03-10T07:51:00,1741573260,19.7,63.0,20.7,1009.9,100,False,250.0,3.2,7.1,0.7,1.3,306.4,302.1,142.0,232,20.2
2025-03-10T09:10:00,1741578000,24.1,43.0,24.7,1011.2,98,False,317.0,3.5,6.3,0.5,1.4,307.9,304.9,145.0,231,24.4
2025-03-10T12:48:00,1741591080,30.4,36.0,31.0,1011.9,100,False,388.0,2.5,4.6,0.6,1.0,279.9,281.0,137.0,175,30.7
2025-03-10T14:25:00,1741596900,35.4,38.0,34.4,1007.4,96,False,350.0,2.1,4.2,0.5,0.9,253.7,249.9,132.0,154,34.9
2025-03-10T16:01:00,1741602660,32.0,52.0,32.7,1006.4,96,False,272.0,3.1,7.6,0.7,1.4,286.5,283.9,160.0,238,32.4
2025-03-10T19:18:00,1741614480,28.8,46.0,28.4,1007.9,95,False,68.0,3.8,6.8,0.7,1.2,295.8,299.4,154.0,227,28.6
2025-03-10T21:01:00,1741620660,26.1,56.0,26.1,1007.7,99,False,0.0,2.8,5.3,0.4,1.0,279.3,277.8,129.0,191,26.1
2025-03-11T00:21:00,1741632660,23.2,43.0,23.7,1010.3,97,False,8.0,3.0,6.2,0.6,1.1,279.8,275.9,140.0,201,23.5
2025-03-11T02:04:00,1741638840,21.6,48.0,21.1,1009.9,98,False,0.0,3.6,7.1,0.5,1.5,270.6,267.9,148.0,208,21.4
2025-03-11T04:25:00,1741647300,19.4,61.0,19.2,1014.9,96,False,9.0,2.3,5.4,0.5,0.9,266.2,265.8,142.0,178,19.3
2025-03-11T07:37:00,1741658820,21.3,47.0,21.5,1012.9,98,False,258.0,3.3,6.5,0.5,1.6,273.1,269.4,142.0,233,21.4
2025-03-11T09:43:00,1741666380,25.5,34.0,25.7,1010.9,95,False,297.0,3.8,7.6,0.6,1.6,282.9,281.3,142.0,228,25.6
2025-03-11T12:51:00,1741677660,31.7,30.0,32.1,1010.5,97,False,409.0,3.0,5.9,0.6,1.0,277.5,273.6,132.0,193,31.9
2025-03-11T14:49:00,1741684740,35.9,37.0,36.2,1008.5,98,False,331.0,3.3,5.8,0.6,0.9,289.3,291.9,140.0,192,36.1
2025-03-11T16:28:00,1741690680,33.4,45.0,33.7,1005.5,100,False,278.0,3.2,6.3,0.7,1.3,306.9,309.9,145.0,233,33.6
2025-03-11T19:01:00,1741699860,30.1,44.0,29.4,1008.5,96,False,81.0,3.3,7.7,0.6,1.2,298.1,295.7,149.0,229,29.8
2025-03-11T21:05:00,1741707300,27.6,39.0,26.9,1009.9,98,False,11.0,2.5,4.7,0.5,0.9,247.0,250.1,123.0,162,27.3
2025-03-12T00:40:00,1741720200,21.8,50.0,21.5,1009.3,100,False,17.0,3.1,5.0,0.6,1.0,265.1,266.1,133.0,183,21.6
2025-03-12T02:15:00,1741725900,19.6,60.0,19.4,1009.5,96,False,13.0,2.1,5.0,0.4,1.1,264.2,267.0,123.0,170,19.5
2025-03-12T04:06:00,1741732560,17.5,50.0,17.3,1012.2,97,False,19.0,2.6,5.3,0.4,0.9,284.5,286.5,129.0,190,17.4
2025-03-12T07:16:00,1741743960,20.0,57.0,19.0,1012.3,97,False,262.0,3.0,6.8,0.5,1.6,303.4,307.8,138.0,230,19.5
2025-03-12T09:43:00,1741752780,23.7,47.0,23.8,1011.0,95,False,297.0,3.0,5.8,0.6,1.1,294.2,297.9,154.0,229,23.7
2025-03-12T12:43:00,1741763580,29.7,50.0,30.3,1011.8,96,False,410.0,3.0,5.3,0.5,1.0,281.1,278.1,134.0,189,30.0
2025-03-12T14:30:00,1741770000,34.2,47.0,34.2,1010.5,97,False,351.0,2.4,6.5,0.5,1.3,269.8,267.9,131.0,192,34.2
2025-03-12T16:16:00,1741776360,31.4,45.0,32.0,1009.5,97,False,277.0,3.4,5.9,0.6,1.7,307.3,309.2,154.0,231,31.7
2025-03-12T19:06:00,1741786560,28.1,38.0,27.7,1012.5,96,False,56.0,3.4,7.0,0.6,1.6,295.1,290.8,136.0,222,27.9
2025-03-12T21:37:00,1741795620,25.7,49.0,25.1,1007.2,99,False,0.0,2.9,4.7,0.5,1.3,246.6,244.4,128.0,178,25.4
2025-03-13T00:05:00,1741804500,23.2,56.0,24.0,1012.7,95,False,16.0,2.7,5.4,0.6,1.2,275.2,273.6,139.0,206,23.6
2025-03-13T02:55:00,1741814700,21.4,56.0,21.6,1012.6,100,False,8.0,3.1,6.3,0.5,1.5,286.2,284.1,152.0,211,21.5
2025-03-13T04:38:00,1741820880,19.0,45.0,19.8,1012.2,95,False,0.0,4.1,6.5,0.6,1.5,292.5,295.8,161.0,245,19.4
2025-03-13T07:47:00,1741832220,21.3,58.0,21.7,1011.6,96,False,233.0,3.4,6.7,0.6,1.5,311.8,309.2,154.0,245,21.5
2025-03-13T09:52:00,1741839720,25.6,55.0,25.8,1013.7,95,False,292.0,3.4,8.6,0.6,1.4,286.1,282.7,151.0,261,25.7
2025-03-13T12:23:00,1741848780,31.7,46.0,32.3,1010.3,98,False,398.0,3.7,7.6,0.7,1.5,286.9,287.0,148.0,229,32.0
2025-03-13T14:32:00,1741856520,36.5,36.0,35.9,1008.5,100,False,353.0,2.3,5.4,0.6,1.3,254.7,255.5,130.0,185,36.2
2025-03-13T16:39:00,1741864140,33.7,50.0,33.6,1008.3,96,False,283.0,4.4,9.0,0.7,1.9,296.7,301.4,153.0,282,33.7
2025-03-13T19:52:00,1741875720,29.8,30.0,30.0,1011.1,96,False,67.0,4.4,8.5,0.8,1.5,316.1,314.9,169.0,281,29.9
2025-03-13T21:28:00,1741881480,27.6,45.0,27.2,1008.3,98,False,5.0,3.0,6.7,0.5,1.3,263.3,265.8,145.0,207,27.4
2025-03-14T00:13:00,1741891380,23.9,60.0,23.8,1010.4,99,False,12.0,3.3,6.6,0.5,1.3,255.6,258.2,144.0,197,23.9
2025-03-14T02:45:00,1741900500,22.1,57.0,21.5,1012.1,97,False,11.0,3.1,6.1,0.6,1.2,299.8,295.3,140.0,227,21.8
2025-03-14T04:08:00,1741905480,19.6,56.0,19.7,1009.0,99,False,5.0,2.8,6.3,0.6,1.4,263.2,261.1,146.0,216,19.7
2025-03-14T07:08:00,1741916280,21.3,50.0,22.2,1014.7,97,False,245.0,2.9,6.5,0.6,1.1,295.5,299.1,154.0,218,21.8
2025-03-14T09:57:00,1741926420,25.7,47.0,26.2,1015.2,99,False,295.0,3.6,8.5,0.6,1.5,294.2,293.9,164.0,260,26.0
2025-03-14T12:51:00,1741936860,32.2,37.0,32.3,1008.1,99,False,410.0,3.5,5.6,0.6,1.1,287.5,291.0,135.0,214,32.3
2025-03-14T14:00:00,1741941000,36.8,32.0,36.1,1009.5,98,False,360.0,3.2,4.9,0.5,1.5,284.5,287.3,135.0,187,36.5
2025-03-14T16:00:00,1741948200,33.7,32.0,34.2,1008.1,97,False,264.0,3.2,8.0,0.7,1.2,308.7,311.0,149.0,243,33.9
2025-03-14T19:48:00,1741961880,30.0,55.0,30.3,1006.3,98,False,77.0,3.3,6.9,0.7,1.4,314.3,315.0,154.0,245,30.2
2025-03-14T21:25:00,1741967700,27.2,36.0,28.1,1009.8,97,False,11.0,2.9,4.7,0.5,1.2,285.0,288.7,140.0,188,27.6
2025-03-15T00:51:00,1741980060,20.0,55.0,20.7,1008.5,98,False,0.0,2.4,5.4,0.5,1.0,285.5,283.9,134.0,182,20.4
2025-03-15T02:17:00,1741985220,17.9,57.0,18.6,1010.9,98,False,0.0,3.5,6.3,0.5,1.1,258.9,263.3,148.0,200,18.3
2025-03-15T04:11:00,1741992060,16.2,65.0,16.2,1015.0,97,False,0.0,3.4,6.1,0.6,1.5,265.4,268.9,153.0,216,16.2
2025-03-15T07:08:00,1742002680,18.1,51.0,18.5,1013.3,95,False,260.0,3.7,8.1,0.6,1.4,287.9,284.9,144.0,249,18.3
2025-03-15T09:14:00,1742010240,22.5,57.0,22.5,1010.9,99,False,295.0,2.9,6.5,0.6,1.6,271.9,276.3,148.0,214,22.5
2025-03-15T12:41:00,1742022660,29.0,46.0,28.6,1012.1,100,False,393.0,3.6,6.0,0.5,1.1,274.2,275.8,148.0,206,28.8
2025-03-15T14:12:00,1742028120,33.4,33.0,32.5,1011.4,97,False,347.0,2.8,6.7,0.5,1.2,287.9,284.8,144.0,189,33.0
2025-03-15T16:14:00,1742035440,30.6,44.0,30.3,1010.0,97,False,283.0,3.7,7.7,0.6,1.3,307.9,310.6,164.0,257,30.5
2025-03-15T19:44:00,1742048040,26.4,49.0,26.9,1006.9,97,False,66.0,3.6,6.0,0.6,1.7,309.6,313.1,139.0,230,26.7
2025-03-15T21:00:00,1742052600,24.1,40.0,24.2,1010.1,99,False,0.0,3.1,5.5,0.5,1.1,271.7,270.6,137.0,199,24.2
2025-03-16T00:13:00,1742064180,20.1,52.0,19.4,1008.7,96,False,0.0,2.9,5.2,0.5,1.1,262.4,260.7,150.0,203,19.7
2025-03-16T02:28:00,1742072280,17.3,52.0,18.0,1010.5,90,False,5.0,3.1,7.8,0.6,1.2,291.6,296.5,152.0,234,17.6
2025-03-16T04:28:00,1742079480,15.5,50.0,15.6,1013.7,97,False,2.0,3.2,6.0,0.5,1.2,275.5,276.0,141.0,206,15.5
2025-03-16T07:30:00,1742090400,17.6,51.0,17.7,1015.4,36,True,149.0,4.3,8.5,0.6,1.6,307.6,304.2,157.0,261,17.6
2025-03-16T09:06:00,1742096160,21.4,51.0,22.3,1012.1,55,True,183.0,4.1,8.2,0.6,1.5,324.8,322.5,164.0,260,21.8
2025-03-16T12:31:00,1742108460,27.7,47.0,28.6,1008.2,93,False,399.0,2.4,5.5,0.5,1.0,275.6,272.1,126.0,172,28.1
2025-03-16T14:21:00,1742115060,32.7,30.0,32.0,1008.1,93,False,326.0,2.9,6.1,0.4,1.5,253.9,257.3,143.0,186,32.3
2025-03-16T16:52:00,1742124120,29.5,43.0,30.1,1009.1,36,True,151.0,3.4,6.9,0.7,1.6,299.4,301.5,148.0,243,29.8
2025-03-16T19:52:00,1742134920,26.5,38.0,25.6,1011.9,91,False,92.0,3.5,8.2,0.6,1.5,291.7,288.2,151.0,252,26.0
2025-03-16T21:09:00,1742139540,23.1,46.0,23.9,1007.9,92,False,3.0,3.0,7.2,0.6,1.5,298.3,298.9,145.0,211,23.5
2025-03-17T00:08:00,1742150280,23.3,45.0,22.8,1012.0,97,False,17.0,2.5,5.4,0.5,1.3,278.5,282.3,136.0,186,23.0
2025-03-17T02:57:00,1742160420,21.0,49.0,20.9,1009.8,99,False,0.0,2.6,6.6,0.6,1.2,273.4,271.4,128.0,190,20.9
2025-03-17T04:03:00,1742164380,18.4,45.0,19.2,1011.9,96,False,0.0,2.4,5.3,0.5,1.2,250.3,253.3,130.0,176,18.8
2025-03-17T07:47:00,1742177820,20.8,54.0,21.0,1015.0,96,False,234.0,2.9,5.6,0.5,1.2,275.1,276.5,153.0,215,20.9
2025-03-17T09:17:00,1742183220,24.8,43.0,25.5,1014.0,96,False,309.0,3.6,6.9,0.5,1.4,270.4,274.7,143.0,212,25.1
2025-03-17T12:55:00,1742196300,31.5,34.0,31.3,1006.9,97,False,396.0,2.6,4.6,0.5,0.9,257.0,256.9,131.0,167,31.4
2025-03-17T14:08:00,1742200680,36.1,41.0,35.1,1007.4,98,False,330.0,2.0,4.1,0.5,0.8,255.9,253.0,126.0,161,35.6
2025-03-17T16:38:00,1742209680,33.1,35.0,33.1,1010.2,100,False,286.0,2.8,6.5,0.5,1.6,281.4,285.2,136.0,223,33.1
2025-03-17T19:56:00,1742221560,28.9,47.0,29.7,1006.7,97,False,94.0,2.6,5.8,0.6,1.5,277.7,277.6,144.0,198,29.3
2025-03-17T21:07:00,1742225820,26.5,45.0,27.1,1007.3,96,False,0.0,2.1,4.0,0.5,1.1,261.4,259.8,129.0,149,26.8
2025-03-18T00:36:00,1742238360,19.6,37.0,20.3,1010.2,95,False,1.0,2.7,4.4,0.4,0.9,240.6,237.5,125.0,161,19.9
2025-03-18T02:50:00,1742246400,18.3,42.0,17.4,1012.3,95,False,16.0,2.2,5.4,0.6,0.8,263.2,265.4,132.0,170,17.8
2025-03-18T04:48:00,1742253480,16.2,43.0,15.3,1013.9,95,False,0.0,1.9,5.2,0.4,1.0,230.8,226.5,131.0,148,15.7
2025-03-18T07:22:00,1742262720,18.0,40.0,17.7,1012.0,100,False,244.0,3.1,5.5,0.4,1.3,264.3,262.7,144.0,188,17.8
2025-03-18T09:40:00,1742271000,21.8,40.0,22.3,1011.8,100,False,293.0,2.4,4.6,0.6,1.0,245.7,246.0,133.0,170,22.0
2025-03-18T12:10:00,1742280000,28.5,36.0,28.2,1008.6,95,False,414.0,2.4,4.4,0.5,1.1,238.0,240.4,128.0,137,28.3
2025-03-18T14:55:00,1742289900,32.8,50.0,32.3,1008.0,97,False,344.0,2.0,4.1,0.5,1.0,266.0,269.9,123.0,153,32.5
2025-03-18T16:54:00,1742297040,30.4,30.0,29.6,1006.9,97,False,275.0,3.1,5.9,0.5,1.2,267.1,266.9,145.0,199,30.0
2025-03-18T19:12:00,1742305320,26.1,49.0,26.4,1006.4,97,False,55.0,2.6,5.2,0.6,1.0,280.4,282.1,146.0,202,26.2
2025-03-18T21:05:00,1742312100,23.8,46.0,23.7,1012.7,98,False,19.0,2.4,4.8,0.5,1.0,251.3,253.3,131.0,152,23.7
2025-03-19T00:46:00,1742325360,24.0,41.0,24.5,1013.4,97,False,0.0,3.3,7.1,0.5,1.3,294.4,298.1,151.0,237,24.3
2025-03-19T02:32:00,1742331720,22.4,43.0,22.0,1013.5,97,False,0.0,3.4,7.9,0.6,1.5,310.9,312.1,158.0,242,22.2
2025-03-19T04:27:00,1742338620,20.3,55.0,19.9,1013.7,99,False,12.0,3.1,7.5,0.5,1.3,289.5,292.8,137.0,222,20.1
2025-03-19T07:26:00,1742349360,22.1,50.0,22.3,1013.3,99,False,239.0,3.7,7.8,0.7,1.2,291.7,292.3,148.0,253,22.2
2025-03-19T09:08:00,1742355480,26.8,35.0,25.9,1011.7,99,False,295.0,4.3,7.6,0.6,1.4,318.4,321.5,162.0,274,26.4
2025-03-19T12:18:00,1742366880,32.4,41.0,33.0,1012.7,100,False,389.0,3.3,6.0,0.5,1.2,264.7,269.0,146.0,199,32.7
2025-03-19T14:29:00,1742374740,36.8,30.0,37.0,1013.0,95,False,333.0,3.1,6.5,0.6,1.2,271.2,272.0,134.0,205,36.9
2025-03-19T16:42:00,1742382720,34.9,35.0,33.9,1008.9,98,False,269.0,4.2,7.4,0.7,1.7,306.2,303.8,155.0,275,34.4
2025-03-19T19:56:00,1742394360,31.0,39.0,30.1,1005.2,95,False,94.0,4.0,8.2,0.7,1.8,322.2,327.0,162.0,276,30.6
2025-03-19T21:45:00,1742400900,27.8,44.0,28.3,1010.7,97,False,19.0,3.2,6.7,0.5,1.3,279.5,284.0,137.0,222,28.1
2025-03-20T00:58:00,1742412480,23.2,45.0,23.8,1012.6,96,False,7.0,3.1,5.7,0.5,1.5,266.8,267.5,142.0,190,23.5
2025-03-20T02:45:00,1742418900,21.0,53.0,21.8,1012.6,98,False,0.0,3.3,7.8,0.5,1.6,273.5,269.0,142.0,230,21.4
2025-03-20T04:00:00,1742423400,19.0,56.0,19.6,1011.0,98,False,8.0,3.7,7.1,0.6,1.5,302.6,301.7,150.0,227,19.3
2025-03-20T07:52:00,1742437320,21.5,38.0,21.3,1013.9,98,False,239.0,3.2,6.1,0.7,1.6,302.4,307.3,142.0,237,21.4
2025-03-20T09:26:00,1742442960,25.8,57.0,25.3,1010.5,97,False,314.0,3.8,6.5,0.5,1.7,287.4,291.4,151.0,254,25.6
2025-03-20T12:16:00,1742453160,31.4,43.0,32.3,1009.5,97,False,408.0,3.0,5.6,0.5,0.9,250.4,252.4,139.0,186,31.9
2025-03-20T14:16:00,1742460360,36.0,30.0,36.2,1007.7,96,False,342.0,3.4,5.2,0.6,1.2,255.7,255.8,147.0,197,36.1
2025-03-20T16:59:00,1742470140,33.4,47.0,33.8,1008.1,100,False,262.0,3.2,6.2,0.6,1.4,278.1,278.2,157.0,236,33.6
2025-03-20T19:25:00,1742478900,29.4,44.0,30.2,1009.7,98,False,69.0,3.7,7.8,0.5,1.6,313.2,314.2,158.0,253,29.8
2025-03-20T21:16:00,1742485560,27.0,47.0,27.5,1009.9,96,False,0.0,3.1,5.3,0.7,1.4,284.8,287.3,151.0,205,27.3
2025-03-21T00:56:00,1742498760,19.5,45.0,20.5,1009.8,96,False,0.0,2.6,5.1,0.5,1.1,267.9,265.6,128.0,184,20.0
2025-03-21T02:42:00,1742505120,17.7,40.0,18.1,1010.9,100,False,1.0,2.4,5.8,0.5,1.0,242.2,246.3,126.0,171,17.9
2025-03-21T04:48:00,1742512680,16.2,54.0,15.4,1012.9,98,False,0.0,3.1,5.8,0.5,1.4,254.6,259.3,141.0,180,15.8
2025-03-21T07:06:00,1742520960,17.5,43.0,18.3,1014.1,98,False,269.0,2.6,6.2,0.6,1.4,276.2,279.7,142.0,185,17.9
2025-03-21T09:41:00,1742530260,21.9,55.0,22.3,1014.8,100,False,327.0,3.0,5.6,0.5,0.9,284.1,282.0,145.0,182,22.1
2025-03-21T12:39:00,1742540940,28.6,30.0,28.2,1012.0,98,False,395.0,1.8,4.0,0.4,0.9,255.3,251.1,119.0,144,28.4
2025-03-21T14:42:00,1742548320,32.9,47.0,32.4,1010.1,100,False,325.0,2.1,3.9,0.5,0.7,246.7,243.3,126.0,136,32.6
2025-03-21T16:29:00,1742554740,30.2,48.0,30.0,1008.2,97,False,264.0,3.2,5.3,0.6,1.1,278.3,278.9,138.0,205,30.1
2025-03-21T19:20:00,1742565000,26.1,51.0,26.5,1011.2,98,False,74.0,2.9,6.5,0.6,1.1,260.5,262.8,140.0,201,26.3
2025-03-21T21:02:00,1742571120,23.5,41.0,24.1,1009.9,97,False,0.0,2.9,4.9,0.4,1.0,256.9,260.7,133.0,153,23.8
2025-03-22T00:33:00,1742583780,19.0,56.0,18.1,1012.4,98,False,8.0,2.9,6.5,0.5,1.0,289.5,289.9,146.0,191,18.5
2025-03-22T02:44:00,1742591640,16.3,47.0,16.6,1013.3,91,False,0.0,2.6,4.8,0.5,0.9,278.4,280.4,142.0,178,16.4
2025-03-22T04:56:00,1742599560,14.5,53.0,14.2,1013.5,10,True,0.0,2.7,5.3,0.6,1.2,261.6,261.5,135.0,194,14.3
2025-03-22T07:53:00,1742610180,16.0,49.0,16.8,1012.8,93,False,245.0,3.1,5.9,0.5,1.5,302.0,304.4,148.0,231,16.4
2025-03-22T09:51:00,1742617260,20.5,45.0,20.8,1010.1,70,True,202.0,3.0,5.4,0.5,1.0,286.6,290.5,151.0,213,20.6
2025-03-22T12:20:00,1742626200,27.2,32.0,26.7,1011.4,100,False,410.0,2.9,5.3,0.5,1.2,284.7,282.9,144.0,184,26.9
2025-03-22T14:48:00,1742635080,30.9,34.0,31.4,1009.6,91,False,325.0,3.1,5.9,0.5,1.2,280.0,282.3,135.0,192,31.1
2025-03-22T16:43:00,1742641980,29.1,41.0,28.2,1010.0,31,True,143.0,3.7,6.5,0.6,1.1,291.2,291.3,144.0,225,28.6
2025-03-22T19:39:00,1742652540,24.8,55.0,24.9,1010.5,90,False,87.0,3.7,6.0,0.5,1.6,290.7,289.4,154.0,223,24.8
2025-03-22T21:41:00,1742659860,22.1,46.0,22.5,1007.7,50,True,1.0,2.4,4.5,0.6,0.8,252.3,255.1,125.0,173,22.3
2025-03-23T00:05:00,1742668500,22.2,40.0,21.7,1010.5,95,False,0.0,2.7,5.5,0.6,1.0,237.2,241.8,132.0,147,22.0
2025-03-23T02:29:00,1742677140,19.5,47.0,20.2,1009.6,98,False,0.0,2.8,4.4,0.5,0.9,276.0,277.7,131.0,169,19.9
2025-03-23T04:19:00,1742683740,18.0,65.0,17.5,1014.1,100,False,0.0,2.5,5.3,0.5,0.7,236.0,232.0,125.0,145,17.8
2025-03-23T07:48:00,1742696280,20.1,58.0,19.6,1016.5,96,False,267.0,3.1,5.7,0.4,1.2,277.0,277.8,131.0,174,19.9
2025-03-23T09:01:00,1742700660,23.6,44.0,24.5,1012.1,97,False,292.0,3.1,5.4,0.6,1.2,280.6,278.3,140.0,191,24.1
2025-03-23T12:37:00,1742713620,30.4,31.0,30.3,1009.5,98,False,398.0,2.6,3.6,0.4,1.1,239.9,242.5,118.0,134,30.4
2025-03-23T14:39:00,1742720940,34.9,35.0,34.2,1007.5,98,False,341.0,2.1,4.1,0.5,0.8,252.2,254.2,122.0,151,34.6
2025-03-23T16:47:00,1742728620,32.4,37.0,31.7,1011.6,99,False,280.0,2.6,5.2,0.5,0.9,283.3,284.0,137.0,190,32.0
2025-03-23T19:38:00,1742738880,28.5,46.0,28.0,1008.5,95,False,80.0,3.1,4.7,0.4,1.3,285.0,289.7,142.0,184,28.3
2025-03-23T21:41:00,1742746260,25.5,48.0,26.0,1008.5,96,False,18.0,1.8,4.2,0.4,0.8,260.1,264.3,118.0,137,25.7
2025-03-24T00:53:00,1742757780,19.4,42.0,20.3,1012.4,96,False,0.0,3.4,5.1,0.5,1.4,267.1,264.3,150.0,201,19.9
2025-03-24T02:32:00,1742763720,17.9,58.0,17.6,1011.5,97,False,3.0,2.7,5.4,0.7,1.2,283.7,285.0,141.0,212,17.8
2025-03-24T04:24:00,1742770440,15.3,46.0,16.0,1012.3,95,False,15.0,2.9,6.0,0.6,1.4,285.6,287.6,140.0,192,15.7
2025-03-24T07:22:00,1742781120,17.6,42.0,18.0,1014.2,97,False,263.0,3.4,6.0,0.7,1.5,286.6,287.9,148.0,212,17.8
2025-03-24T09:51:00,1742790060,22.3,50.0,21.6,1009.7,95,False,317.0,3.7,6.2,0.6,1.1,302.0,301.9,155.0,222,22.0
2025-03-24T12:37:00,1742800020,28.7,32.0,27.8,1008.1,100,False,401.0,2.2,5.4,0.6,0.8,242.4,244.8,137.0,164,28.3
2025-03-24T14:23:00,1742806380,32.8,37.0,32.2,1008.8,98,False,331.0,2.5,6.7,0.6,1.4,278.6,279.6,139.0,197,32.5
2025-03-24T16:10:00,1742812800,29.8,42.0,30.1,1008.0,96,False,282.0,2.9,6.7,0.7,1.5,274.2,277.0,140.0,225,29.9
2025-03-24T19:54:00,1742826240,26.1,38.0,26.2,1011.1,98,False,77.0,3.2,7.9,0.6,1.6,305.3,302.2,155.0,244,26.2
2025-03-24T21:30:00,1742832000,23.9,47.0,23.4,1006.7,98,False,10.0,3.1,6.4,0.6,1.3,260.4,263.6,138.0,202,23.6
2025-03-25T00:05:00,1742841300,21.6,42.0,20.7,1007.6,98,False,0.0,2.6,5.7,0.6,1.3,264.2,262.2,143.0,201,21.2
2025-03-25T02:05:00,1742848500,18.7,49.0,19.4,1013.3,99,False,19.0,2.8,5.8,0.6,0.9,268.7,265.4,132.0,195,19.1
2025-03-25T04:59:00,1742858940,17.3,62.0,16.6,1016.4,95,False,0.0,3.4,5.7,0.5,1.5,273.8,273.6,147.0,198,17.0
2025-03-25T07:04:00,1742866440,19.4,51.0,18.7,1014.1,99,False,253.0,3.8,5.9,0.7,1.2,279.7,280.2,156.0,226,19.1
2025-03-25T09:01:00,1742873460,23.3,40.0,23.2,1012.8,96,False,312.0,3.4,7.0,0.7,1.3,291.3,292.1,154.0,245,23.3
2025-03-25T12:55:00,1742887500,29.4,46.0,29.7,1012.9,97,False,398.0,3.4,5.7,0.5,1.5,280.7,285.1,150.0,219,29.6
2025-03-25T14:06:00,1742891760,33.8,45.0,33.7,1007.6,98,False,354.0,2.4,5.8,0.5,1.1,269.9,274.3,143.0,183,33.8
2025-03-25T16:32:00,1742900520,31.2,31.0,31.3,1008.5,100,False,271.0,4.0,7.9,0.6,1.5,312.3,311.4,153.0,256,31.2
2025-03-25T19:53:00,1742912580,27.9,43.0,27.0,1012.3,97,False,67.0,4.0,8.4,0.7,1.7,318.1,314.8,148.0,265,27.5
2025-03-25T21:10:00,1742917200,25.1,49.0,24.8,1005.2,99,False,0.0,2.7,6.8,0.5,1.0,273.2,276.5,144.0,204,24.9
2025-03-26T00:12:00,1742928120,23.6,60.0,23.5,1008.1,95,False,1.0,2.5,6.9,0.6,1.4,286.5,291.5,136.0,200,23.5
2025-03-26T02:21:00,1742935860,21.1,50.0,21.8,1012.5,99,False,6.0,2.8,7.1,0.6,1.5,303.0,304.4,144.0,222,21.4
2025-03-26T04:04:00,1742942040,19.1,52.0,19.6,1011.6,96,False,10.0,2.9,4.9,0.5,0.9,281.6,278.4,142.0,198,19.3
2025-03-26T07:12:00,1742953320,21.2,54.0,21.6,1013.0,100,False,255.0,3.4,7.1,0.5,1.4,303.3,303.6,156.0,247,21.4
2025-03-26T09:02:00,1742959920,25.5,47.0,25.7,1015.3,99,False,301.0,3.2,6.3,0.7,1.3,312.4,308.8,157.0,244,25.6
2025-03-26T12:36:00,1742972760,31.7,42.0,32.2,1011.0,98,False,394.0,3.4,6.4,0.6,1.2,267.1,267.3,141.0,201,31.9
2025-03-26T14:41:00,1742980260,35.8,39.0,36.5,1011.9,95,False,344.0,2.6,6.2,0.6,1.3,257.1,253.8,134.0,182,36.1
2025-03-26T16:27:00,1742986620,33.5,46.0,33.7,1005.0,98,False,295.0,3.2,7.7,0.7,1.4,282.3,279.4,159.0,248,33.6
2025-03-26T19:48:00,1742998680,30.1,52.0,29.6,1010.1,97,False,82.0,4.0,7.9,0.7,1.6,320.4,318.7,169.0,275,29.8
2025-03-26T21:14:00,1743003840,27.5,46.0,27.1,1010.6,99,False,17.0,3.0,5.4,0.5,1.1,246.2,241.3,128.0,177,27.3
2025-03-27T00:15:00,1743014700,23.3,41.0,23.9,1010.6,96,False,0.0,2.4,5.9,0.6,1.1,281.8,286.1,132.0,187,23.6
2025-03-27T02:43:00,1743023580,21.1,46.0,21.9,1015.6,95,False,0.0,2.5,5.7,0.5,1.3,255.9,258.9,138.0,183,21.5
2025-03-27T04:50:00,1743031200,19.0,60.0,19.8,1013.1,97,False,0.0,3.0,5.5,0.5,1.3,260.5,261.5,136.0,159,19.4
2025-03-27T07:47:00,1743041820,21.8,43.0,21.2,1009.5,100,False,258.0,2.7,6.0,0.6,1.3,256.4,253.2,131.0,186,21.5
2025-03-27T09:15:00,1743047100,25.5,59.0,26.0,1014.3,99,False,297.0,2.8,5.4,0.5,1.1,262.1,265.5,145.0,191,25.7
2025-03-27T12:32:00,1743058920,31.8,40.0,32.2,1007.3,99,False,398.0,3.1,4.6,0.6,1.1,247.3,249.6,126.0,184,32.0
2025-03-27T14:04:00,1743064440,36.1,36.0,36.3,1010.8,97,False,356.0,3.2,5.5,0.6,1.4,247.1,242.1,136.0,183,36.2
2025-03-27T16:41:00,1743073860,33.4,36.0,34.0,1007.2,97,False,267.0,3.0,7.3,0.5,1.4,266.5,262.3,150.0,214,33.7
2025-03-27T19:01:00,1743082260,29.5,42.0,30.3,1010.9,95,False,56.0,3.3,5.5,0.5,1.5,276.4,275.3,138.0,217,29.9
2025-03-27T21:30:00,1743091200,27.3,58.0,27.4,1007.8,95,False,12.0,3.0,6.3,0.5,1.0,263.8,267.4,139.0,180,27.4
2025-03-28T00:35:00,1743102300,23.0,56.0,23.3,1008.5,96,False,0.0,2.7,5.5,0.6,1.0,276.9,276.5,134.0,183,23.2
2025-03-28T02:38:00,1743109680,21.3,41.0,20.8,1010.1,100,False,6.0,2.3,4.7,0.6,0.9,266.5,264.5,140.0,176,21.1
2025-03-28T04:34:00,1743116640,18.5,46.0,19.5,1011.1,96,False,10.0,2.5,5.5,0.5,1.1,263.4,263.3,128.0,175,19.0
2025-03-28T07:01:00,1743125460,21.6,48.0,20.6,1014.9,100,False,239.0,3.2,5.9,0.6,1.5,308.2,308.7,155.0,229,21.1
2025-03-28T09:36:00,1743134760,25.7,47.0,24.9,1013.6,96,False,326.0,3.4,5.7,0.7,1.6,301.6,301.0,136.0,219,25.3
2025-03-28T12:17:00,1743144420,31.7,41.0,31.4,1008.9,95,False,420.0,3.1,6.1,0.4,1.1,274.1,272.2,142.0,181,31.6
2025-03-28T14:54:00,1743153840,35.8,51.0,35.8,1012.3,99,False,358.0,2.9,4.8,0.6,0.9,242.7,240.9,139.0,160,35.8
2025-03-28T16:29:00,1743159540,33.7,30.0,32.8,1009.8,98,False,285.0,3.7,7.5,0.6,1.5,284.9,280.0,158.0,231,33.3
2025-03-28T19:15:00,1743169500,30.0,41.0,29.0,1009.1,100,False,75.0,3.8,6.7,0.6,1.6,273.7,271.0,153.0,228,29.5
2025-03-28T21:37:00,1743178020,26.6,51.0,27.3,1008.2,97,False,8.0,2.6,4.9,0.4,1.3,273.6,276.3,126.0,179,27.0
2025-03-29T00:46:00,1743189360,22.4,37.0,22.9,1012.9,100,False,14.0,2.9,6.0,0.6,1.2,262.2,266.8,139.0,191,22.7
2025-03-29T02:04:00,1743194040,20.1,58.0,21.0,1009.3,96,False,12.0,3.0,6.6,0.5,0.9,255.9,256.3,141.0,192,20.6
2025-03-29T04:04:00,1743201240,18.2,59.0,18.7,1014.8,97,False,12.0,3.1,6.7,0.6,1.1,299.7,298.1,152.0,225,18.5
2025-03-29T07:17:00,1743212820,20.3,38.0,20.8,1014.4,98,False,255.0,3.1,7.4,0.6,1.2,273.9,272.5,159.0,237,20.6
2025-03-29T09:40:00,1743221400,25.2,55.0,24.3,1011.6,99,False,295.0,3.7,6.3,0.5,1.3,284.6,283.0,140.0,235,24.8
2025-03-29T12:24:00,1743231240,31.4,42.0,30.8,1008.5,95,False,386.0,2.9,4.6,0.6,1.0,281.4,281.3,142.0,176,31.1
2025-03-29T14:43:00,1743239580,35.1,42.0,35.5,1006.4,100,False,352.0,2.8,4.4,0.5,1.0,263.3,259.6,140.0,173,35.3
2025-03-29T16:59:00,1743247740,33.1,32.0,32.4,1007.3,100,False,295.0,3.9,7.1,0.6,1.2,316.2,319.8,156.0,244,32.8
2025-03-29T19:54:00,1743258240,28.8,34.0,29.2,1008.7,96,False,74.0,3.9,6.3,0.7,1.2,292.7,290.8,155.0,244,29.0
2025-03-29T21:32:00,1743264120,26.8,47.0,26.1,1006.4,98,False,0.0,2.2,6.0,0.4,1.0,240.7,241.4,126.0,170,26.5
2025-03-30T00:10:00,1743273600,23.2,55.0,23.9,1013.4,100,False,0.0,2.8,5.6,0.5,0.9,279.2,283.6,139.0,173,23.6
2025-03-30T02:51:00,1743283260,21.7,49.0,21.2,1012.7,100,False,15.0,2.6,4.9,0.6,1.4,273.4,277.5,124.0,176,21.5
2025-03-30T04:44:00,1743290040,19.3,59.0,19.4,1012.2,98,False,14.0,2.9,5.8,0.6,1.4,276.0,277.2,126.0,182,19.4
2025-03-30T07:07:00,1743298620,21.2,50.0,21.8,1012.0,97,False,237.0,3.4,7.0,0.6,1.4,289.8,293.7,154.0,225,21.5
2025-03-30T09:09:00,1743305940,25.7,55.0,25.7,1009.1,100,False,295.0,3.4,5.8,0.5,1.1,270.4,268.1,151.0,213,25.7
2025-03-30T12:52:00,1743319320,32.3,52.0,31.7,1010.2,97,False,415.0,2.3,5.6,0.5,1.0,283.3,288.1,138.0,181,32.0
2025-03-30T14:10:00,1743324000,35.8,40.0,36.5,1011.0,98,False,338.0,3.3,5.5,0.5,0.9,279.8,277.9,133.0,184,36.2
2025-03-30T16:42:00,1743333120,33.9,35.0,33.4,1006.7,98,False,280.0,3.0,6.2,0.5,1.3,299.0,295.6,145.0,227,33.7
2025-03-30T19:13:00,1743342180,29.9,51.0,29.9,1005.8,97,False,84.0,3.3,5.8,0.6,1.7,294.4,289.7,145.0,227,29.9
2025-03-30T21:49:00,1743351540,27.3,44.0,27.4,1007.7,96,False,16.0,2.4,5.6,0.5,1.1,256.6,259.3,133.0,163,27.4
2025-03-31T00:58:00,1743362880,21.5,42.0,21.1,1010.4,95,False,0.0,2.7,7.0,0.5,1.5,293.3,295.6,132.0,201,21.3
2025-03-31T02:26:00,1743368160,19.2,58.0,19.2,1014.6,99,False,0.0,2.9,7.0,0.5,1.0,263.0,261.9,133.0,202,19.2
2025-03-31T04:48:00,1743376680,17.0,57.0,17.2,1012.9,98,False,10.0,2.9,6.6,0.6,1.4,282.9,277.9,150.0,212,17.1
2025-03-31T07:39:00,1743386940,19.2,49.0,19.2,1011.6,95,False,269.0,4.3,8.7,0.7,1.4,292.5,295.0,165.0,270,19.2
2025-03-31T09:31:00,1743393660,23.6,49.0,23.2,1014.4,97,False,307.0,3.4,6.8,0.7,1.8,286.5,285.0,145.0,251,23.4
2025-03-31T12:09:00,1743403140,30.0,33.0,29.4,1010.5,99,False,399.0,3.3,5.1,0.6,1.0,269.3,273.1,142.0,202,29.7
2025-03-31T14:17:00,1743410820,34.3,45.0,33.5,1011.7,98,False,346.0,2.8,5.3,0.5,1.2,282.8,285.1,139.0,193,33.9
2025-03-31T16:49:00,1743419940,31.6,45.0,31.1,1008.7,96,False,293.0,4.1,7.1,0.7,1.3,294.6,294.0,157.0,253,31.4
2025-03-31T19:53:00,1743430980,27.2,49.0,28.0,1011.2,99,False,62.0,3.9,7.3,0.6,1.7,314.0,311.8,153.0,245,27.6
2025-03-31T21:16:00,1743435960,24.8,46.0,25.4,1011.7,96,False,0.0,3.5,6.1,0.5,1.0,266.2,268.1,144.0,208,25.1
2025-04-01T00:07:00,1743446220,30.7,39.0,31.2,1012.5,99,False,10.0,2.2,4.1,0.5,0.9,231.0,227.9,118.0,142,30.9
2025-04-01T02:40:00,1743455400,29.0,30.0,28.8,1009.9,99,False,14.0,1.9,3.3,0.5,0.6,252.9,250.6,114.0,128,28.9
2025-04-01T04:54:00,1743463440,26.9,42.0,27.0,1014.2,98,False,10.0,2.3,3.0,0.5,0.8,217.1,215.9,123.0,124,26.9
2025-04-01T07:48:00,1743473880,29.0,31.0,28.9,1013.5,97,False,252.0,2.7,5.4,0.5,1.2,257.3,258.6,131.0,156,28.9
2025-04-01T09:13:00,1743478980,32.9,40.0,33.0,1014.0,96,False,305.0,3.0,4.9,0.4,1.2,259.2,256.6,123.0,169,32.9
2025-04-01T12:25:00,1743490500,39.4,30.0,38.5,1010.8,100,False,386.0,2.1,4.4,0.4,1.1,226.5,229.6,121.0,139,38.9
2025-04-01T14:21:00,1743497460,42.9,31.0,43.0,1009.6,95,False,356.0,2.4,3.1,0.3,0.9,231.9,229.3,115.0,115,42.9
2025-04-01T16:25:00,1743504900,40.3,31.0,40.7,1008.6,97,False,284.0,2.6,5.0,0.5,0.9,264.3,261.4,127.0,152,40.5
2025-04-01T19:41:00,1743516660,36.7,33.0,37.1,1010.3,95,False,80.0,2.2,4.7,0.5,1.2,264.1,265.3,117.0,150,36.9
2025-04-01T21:15:00,1743522300,34.4,32.0,34.7,1006.4,96,False,0.0,2.0,4.0,0.4,1.1,251.7,255.8,116.0,117,34.5
2025-04-02T00:33:00,1743534180,27.2,31.0,26.6,1011.5,95,False,10.0,2.5,4.7,0.4,0.9,264.6,261.4,130.0,156,26.9
2025-04-02T02:55:00,1743542700,24.4,42.0,25.4,1008.3,96,False,14.0,2.8,4.6,0.5,0.8,246.6,245.9,118.0,146,24.9
2025-04-02T04:37:00,1743548820,23.3,39.0,22.5,1014.7,96,False,19.0,2.5,4.5,0.5,1.0,250.8,254.4,126.0,165,22.9
2025-04-02T07:49:00,1743560340,25.0,34.0,24.8,1011.9,95,False,241.0,3.0,5.2,0.5,1.3,290.2,292.6,145.0,193,24.9
2025-04-02T09:05:00,1743564900,29.2,30.0,28.6,1009.3,95,False,294.0,2.8,4.4,0.6,1.0,275.7,280.0,131.0,165,28.9
2025-04-02T12:00:00,1743575400,35.1,30.0,34.7,1011.3,98,False,384.0,2.5,4.6,0.5,1.3,238.0,237.2,116.0,147,34.9
2025-04-02T14:18:00,1743583680,38.8,30.0,39.0,1010.0,99,False,327.0,2.3,5.1,0.5,1.0,269.9,274.3,129.0,161,38.9
2025-04-02T16:33:00,1743591780,36.2,34.0,36.8,1011.6,96,False,280.0,2.4,4.8,0.6,1.2,267.6,264.6,127.0,189,36.5
2025-04-02T19:44:00,1743603240,32.8,30.0,33.0,1011.5,96,False,82.0,3.2,4.8,0.5,1.0,276.8,274.6,136.0,176,32.9
2025-04-02T21:30:00,1743609600,30.7,30.0,30.3,1007.9,99,False,0.0,2.7,5.0,0.4,0.9,258.1,254.4,121.0,157,30.5
2025-04-03T00:54:00,1743621840,27.0,39.0,26.2,1008.5,99,False,19.0,2.1,4.3,0.4,0.7,264.4,261.6,124.0,141,26.6
2025-04-03T02:34:00,1743627840,24.8,43.0,24.4,1008.5,99,False,0.0,2.1,5.1,0.5,0.8,251.7,247.1,123.0,163,24.6
2025-04-03T04:13:00,1743633780,22.6,45.0,22.6,1014.0,99,False,0.0,2.9,5.7,0.5,0.9,249.8,251.4,131.0,176,22.6
2025-04-03T07:39:00,1743646140,24.9,42.0,24.3,1013.1,100,False,261.0,2.3,5.6,0.6,0.8,271.2,274.2,138.0,167,24.6
2025-04-03T09:05:00,1743651300,28.3,37.0,29.0,1016.2,97,False,322.0,3.4,5.7,0.5,1.0,276.2,274.0,141.0,195,28.6
2025-04-03T12:03:00,1743661980,34.4,30.0,34.8,1012.1,99,False,387.0,2.5,4.3,0.5,1.2,250.9,246.7,133.0,158,34.6
2025-04-03T14:04:00,1743669240,39.0,30.0,38.2,1009.3,98,False,348.0,3.0,4.4,0.4,1.3,244.2,245.4,140.0,162,38.6
2025-04-03T16:46:00,1743678960,36.1,30.0,36.3,1011.9,95,False,294.0,2.7,5.4,0.5,1.2,277.0,278.1,141.0,200,36.2
2025-04-03T19:52:00,1743690120,32.3,39.0,32.9,1008.1,96,False,72.0,3.0,4.6,0.5,1.1,277.9,281.1,132.0,182,32.6
2025-04-03T21:52:00,1743697320,30.5,34.0,29.9,1006.8,97,False,0.0,2.1,4.8,0.5,1.2,250.4,247.2,120.0,148,30.2
2025-04-04T00:24:00,1743706440,26.3,30.0,25.7,1010.7,97,False,0.0,2.2,4.7,0.5,0.9,258.9,254.8,137.0,153,26.0
2025-04-04T02:26:00,1743713760,23.5,43.0,24.4,1010.1,100,False,0.0,1.8,4.8,0.5,1.3,264.2,259.9,131.0,149,24.0
2025-04-04T04:32:00,1743721320,21.8,38.0,22.1,1015.2,98,False,0.0,2.0,4.4,0.4,0.8,253.1,252.1,122.0,148,22.0
2025-04-04T07:16:00,1743731160,23.7,39.0,24.2,1013.0,96,False,245.0,2.5,5.9,0.6,1.1,263.9,265.3,136.0,176,24.0
2025-04-04T09:52:00,1743740520,27.8,30.0,28.1,1008.7,99,False,292.0,2.5,5.0,0.5,1.1,252.8,251.7,125.0,180,28.0
2025-04-04T12:05:00,1743748500,33.5,30.0,34.4,1006.9,95,False,397.0,1.8,3.9,0.5,0.7,262.0,260.3,134.0,147,34.0
2025-04-04T14:29:00,1743757140,37.7,30.0,38.2,1008.7,98,False,352.0,2.8,5.4,0.4,1.0,236.2,235.5,130.0,161,38.0
2025-04-04T16:58:00,1743766080,36.0,37.0,35.1,1005.6,97,False,288.0,2.7,6.5,0.6,1.3,280.0,283.7,130.0,184,35.6
2025-04-04T19:55:00,1743776700,32.2,30.0,31.7,1012.0,98,False,56.0,2.6,5.0,0.5,1.1,279.9,283.4,134.0,179,32.0
2025-04-04T21:37:00,1743782820,29.5,39.0,29.6,1009.3,99,False,0.0,2.2,5.4,0.5,0.8,250.0,250.6,137.0,157,29.6
2025-04-05T00:32:00,1743793320,28.1,40.0,29.0,1012.0,100,False,0.0,3.1,6.1,0.4,0.9,249.6,249.3,140.0,171,28.5
2025-04-05T02:31:00,1743800460,26.3,42.0,26.8,1011.3,98,False,12.0,2.1,5.5,0.4,1.2,241.8,239.3,129.0,163,26.5
2025-04-05T04:42:00,1743808320,24.2,43.0,24.8,1012.7,100,False,0.0,2.8,5.2,0.5,1.1,282.5,280.4,135.0,180,24.5
2025-04-05T07:32:00,1743818520,26.4,33.0,26.6,1013.3,96,False,269.0,2.9,5.0,0.6,1.1,242.3,238.3,138.0,170,26.5
2025-04-05T09:27:00,1743825420,30.1,36.0,31.0,1015.7,96,False,291.0,2.9,6.7,0.5,1.3,267.1,264.2,139.0,199,30.5
2025-04-05T12:30:00,1743836400,36.5,30.0,36.6,1010.0,95,False,416.0,2.2,4.8,0.4,0.9,252.6,250.7,115.0,136,36.5
2025-04-05T14:04:00,1743842040,40.5,30.0,40.5,1011.9,95,False,328.0,2.6,3.4,0.4,1.1,228.0,228.4,125.0,137,40.5
2025-04-05T16:53:00,1743852180,38.1,30.0,38.2,1009.1,100,False,278.0,3.3,5.4,0.4,1.1,290.6,292.2,140.0,196,38.1
2025-04-05T19:40:00,1743862200,34.5,30.0,34.6,1011.4,95,False,78.0,3.2,4.9,0.6,1.0,253.4,256.0,130.0,187,34.5
2025-04-05T21:17:00,1743868020,31.9,34.0,32.4,1009.0,100,False,11.0,2.7,5.0,0.5,1.0,262.6,259.2,122.0,148,32.1
2025-04-06T00:01:00,1743877860,26.0,38.0,25.3,1012.8,100,False,0.0,2.3,4.6,0.4,1.3,247.1,244.0,119.0,154,25.7
2025-04-06T02:58:00,1743888480,24.0,36.0,23.3,1010.2,96,False,0.0,2.1,3.9,0.4,1.3,242.0,239.0,124.0,153,23.7
2025-04-06T04:42:00,1743894720,21.3,32.0,22.0,1014.3,95,False,16.0,2.1,5.4,0.5,1.2,239.5,237.4,131.0,166,21.7
2025-04-06T07:41:00,1743905460,24.1,35.0,23.2,1014.4,99,False,242.0,2.4,6.3,0.5,1.4,279.3,278.8,136.0,190,23.7
2025-04-06T09:42:00,1743912720,27.7,39.0,27.6,1012.5,100,False,319.0,3.2,5.2,0.5,1.1,291.3,289.3,146.0,202,27.7
2025-04-06T12:05:00,1743921300,33.2,35.0,34.1,1012.3,100,False,420.0,2.4,5.7,0.4,1.3,243.6,247.4,121.0,156,33.7
2025-04-06T14:47:00,1743931020,37.6,30.0,37.7,1007.9,95,False,340.0,2.1,3.9,0.5,1.2,234.1,234.3,116.0,138,37.7
2025-04-06T16:29:00,1743937140,35.7,30.0,34.8,1009.0,100,False,298.0,3.4,6.5,0.6,1.2,267.2,270.7,142.0,206,35.3
2025-04-06T19:14:00,1743947040,31.3,34.0,32.0,1008.6,97,False,78.0,2.6,6.4,0.5,1.5,261.1,264.2,132.0,198,31.7
2025-04-06T21:00:00,1743953400,29.6,35.0,28.9,1009.6,96,False,7.0,2.3,4.8,0.4,0.7,263.6,259.9,137.0,153,29.3
2025-04-07T00:40:00,1743966600,28.2,30.0,27.3,1006.9,95,False,13.0,2.7,4.5,0.5,1.3,239.3,234.9,126.0,153,27.7
2025-04-07T02:17:00,1743972420,25.5,35.0,26.0,1008.0,95,False,0.0,2.7,4.7,0.4,0.7,249.2,247.7,128.0,144,25.7
2025-04-07T04:12:00,1743979320,24.0,39.0,23.5,1013.2,99,False,0.0,2.8,4.0,0.4,0.8,235.8,239.4,137.0,159,23.7
2025-04-07T07:54:00,1743992640,26.2,44.0,25.3,1010.9,95,False,251.0,3.0,5.1,0.5,1.4,253.9,255.8,144.0,196,25.7
2025-04-07T09:13:00,1743997380,30.0,30.0,29.5,1014.6,97,False,312.0,2.3,6.1,0.6,1.2,266.3,268.6,130.0,174,29.7
2025-04-07T12:04:00,1744007640,36.2,32.0,35.3,1014.3,100,False,409.0,2.1,4.9,0.4,0.9,234.4,232.9,132.0,140,35.7
2025-04-07T14:50:00,1744017600,39.7,30.0,39.8,1007.8,95,False,349.0,1.7,5.0,0.5,1.1,237.6,235.6,119.0,133,39.7
2025-04-07T16:28:00,1744023480,36.9,30.0,37.8,1008.4,96,False,260.0,2.7,4.8,0.5,0.9,258.8,261.7,135.0,177,37.3
2025-04-07T19:49:00,1744035540,33.4,30.0,34.1,1008.7,95,False,82.0,3.0,6.5,0.5,1.3,277.5,275.4,135.0,198,33.7
2025-04-07T21:36:00,1744041960,31.8,33.0,30.9,1010.7,96,False,0.0,1.9,5.6,0.4,0.9,252.1,256.4,135.0,154,31.3
2025-04-08T00:50:00,1744053600,26.2,37.0,26.7,1010.2,96,False,0.0,3.0,5.8,0.5,1.0,278.3,282.0,141.0,178,26.4
2025-04-08T02:58:00,1744061280,24.0,36.0,24.9,1009.8,96,False,7.0,3.1,6.2,0.5,0.9,287.2,285.6,138.0,195,24.4
2025-04-08T04:59:00,1744068540,22.2,30.0,22.7,1013.5,97,False,3.0,2.4,4.1,0.4,1.2,273.2,269.3,126.0,160,22.4
2025-04-08T07:16:00,1744076760,24.5,46.0,24.4,1008.1,96,False,260.0,3.1,6.7,0.6,1.3,261.1,261.3,140.0,197,24.4
2025-04-08T09:17:00,1744084020,28.5,30.0,28.4,1010.7,95,False,325.0,3.6,7.2,0.6,1.1,274.7,272.4,154.0,217,28.4
2025-04-08T12:06:00,1744094160,34.5,39.0,34.4,1009.3,99,False,414.0,2.6,4.8,0.6,0.9,274.9,276.5,125.0,177,34.4
2025-04-08T14:33:00,1744102980,38.6,30.0,38.3,1010.0,96,False,357.0,1.8,5.0,0.4,0.8,262.1,260.2,120.0,149,38.4
2025-04-08T16:17:00,1744109220,36.0,30.0,36.1,1008.2,100,False,285.0,3.4,5.6,0.5,1.2,271.6,276.3,133.0,201,36.0
2025-04-08T19:05:00,1744119300,32.8,35.0,32.0,1010.4,98,False,93.0,3.2,6.9,0.7,1.3,283.8,282.1,136.0,210,32.4
2025-04-08T21:44:00,1744128840,30.2,30.0,29.8,1010.7,97,False,0.0,2.9,5.4,0.5,1.3,255.4,251.2,132.0,179,30.0
2025-04-09T00:07:00,1744137420,30.9,30.0,30.2,1008.3,98,False,18.0,2.3,5.3,0.5,1.3,259.1,264.0,134.0,169,30.5
2025-04-09T02:00:00,1744144200,29.0,30.0,28.1,1008.5,95,False,11.0,2.5,4.9,0.5,1.1,271.2,268.2,141.0,183,28.5
2025-04-09T04:41:00,1744153860,26.9,42.0,26.2,1013.2,99,False,0.0,3.0,5.4,0.4,1.2,276.0,272.1,130.0,174,26.5
2025-04-09T07:50:00,1744165200,28.4,31.0,28.7,1012.5,100,False,235.0,3.0,6.0,0.6,1.1,284.0,282.2,131.0,196,28.5
2025-04-09T09:50:00,1744172400,32.7,30.0,32.4,1014.3,100,False,314.0,2.6,4.8,0.4,1.3,244.8,246.8,141.0,179,32.5
2025-04-09T12:42:00,1744182720,38.3,30.0,38.8,1010.4,96,False,405.0,2.4,6.0,0.6,1.1,247.4,245.1,135.0,169,38.5
2025-04-09T14:17:00,1744188420,42.7,30.0,42.4,1011.1,97,False,321.0,2.1,6.0,0.5,1.2,271.7,276.5,131.0,165,42.5
2025-04-09T16:09:00,1744195140,39.8,33.0,40.5,1007.7,100,False,294.0,3.5,6.8,0.5,1.4,268.0,267.1,141.0,208,40.1
2025-04-09T19:10:00,1744206000,36.9,41.0,36.2,1006.7,96,False,64.0,2.8,6.1,0.5,0.9,276.2,274.9,131.0,185,36.5
2025-04-09T21:09:00,1744213140,34.4,30.0,33.9,1012.7,99,False,15.0,2.2,5.3,0.5,1.0,266.7,262.5,133.0,155,34.1
2025-04-10T00:25:00,1744224900,28.5,30.0,28.8,1011.1,96,False,14.0,2.9,4.9,0.5,1.2,257.9,254.9,126.0,170,28.6
2025-04-10T02:47:00,1744233420,26.3,38.0,26.9,1012.7,96,False,0.0,2.3,4.4,0.5,0.9,245.6,242.0,141.0,174,26.6
2025-04-10T04:22:00,1744239120,24.4,34.0,24.8,1012.6,97,False,13.0,2.6,4.4,0.4,1.3,270.8,273.6,133.0,170,24.6
2025-04-10T07:43:00,1744251180,27.0,37.0,26.2,1012.1,95,False,260.0,2.8,6.6,0.5,1.2,287.7,283.2,145.0,200,26.6
2025-04-10T09:54:00,1744259040,30.8,33.0,30.4,1011.5,96,False,307.0,2.8,5.5,0.6,1.5,275.4,277.9,149.0,203,30.6
2025-04-10T12:12:00,1744267320,36.4,30.0,36.8,1013.1,98,False,417.0,3.0,5.7,0.6,1.2,265.9,261.3,136.0,167,36.6
2025-04-10T14:22:00,1744275120,40.1,30.0,41.1,1008.8,97,False,358.0,2.2,5.3,0.6,1.4,279.7,275.5,132.0,172,40.6
2025-04-10T16:23:00,1744282380,38.1,30.0,38.3,1008.4,97,False,269.0,2.7,5.9,0.5,1.0,286.5,289.0,140.0,203,38.2
2025-04-10T19:53:00,1744294980,34.7,30.0,34.5,1008.5,98,False,87.0,3.5,6.9,0.6,1.4,288.9,286.3,148.0,211,34.6
2025-04-10T21:54:00,1744302240,32.5,34.0,31.9,1009.2,99,False,0.0,2.4,4.7,0.4,1.1,278.9,280.6,127.0,170,32.2
2025-04-11T00:46:00,1744312560,29.4,43.0,30.1,1010.3,98,False,2.0,2.1,4.2,0.5,0.9,260.6,262.2,114.0,141,29.7
2025-04-11T02:18:00,1744318080,28.0,30.0,27.4,1011.1,99,False,0.0,2.8,3.9,0.4,1.0,239.2,237.1,117.0,146,27.7
2025-04-11T04:16:00,1744325160,25.6,35.0,25.9,1011.2,100,False,0.0,2.6,4.4,0.4,0.9,263.7,260.7,126.0,159,25.7
2025-04-11T07:05:00,1744335300,28.2,36.0,27.3,1010.7,99,False,231.0,2.2,6.1,0.6,1.1,275.6,280.1,132.0,171,27.7
2025-04-11T09:21:00,1744343460,32.1,30.0,31.4,1009.3,95,False,292.0,2.7,5.0,0.4,1.3,251.5,247.6,128.0,180,31.7
2025-04-11T12:09:00,1744353540,38.1,31.0,37.4,1012.8,99,False,398.0,2.5,3.6,0.4,0.6,250.8,253.0,123.0,128,37.7
2025-04-11T14:48:00,1744363080,41.4,30.0,42.1,1009.5,97,False,345.0,2.1,4.7,0.5,0.8,238.0,240.8,127.0,136,41.7
2025-04-11T16:56:00,1744370760,39.4,30.0,39.3,1008.8,97,False,273.0,3.1,6.7,0.6,1.2,277.4,273.2,149.0,197,39.3
2025-04-11T19:41:00,1744380660,35.9,30.0,35.5,1008.2,95,False,56.0,3.1,5.6,0.4,1.0,280.0,281.3,133.0,188,35.7
2025-04-11T21:03:00,1744385580,33.1,30.0,33.5,1007.9,96,False,0.0,2.5,4.9,0.5,1.1,224.8,229.2,119.0,137,33.3
2025-04-12T00:25:00,1744397700,26.7,45.0,26.4,1009.8,99,False,0.0,2.6,5.4,0.5,1.3,258.5,257.1,136.0,187,26.5
2025-04-12T02:22:00,1744404720,24.5,30.0,24.5,1011.3,100,False,0.0,2.7,5.2,0.6,1.4,256.8,261.2,143.0,185,24.5
2025-04-12T04:06:00,1744410960,22.8,41.0,22.3,1012.8,95,False,0.0,2.7,5.2,0.6,1.1,249.2,246.7,132.0,172,22.5
2025-04-12T07:29:00,1744423140,24.4,30.0,24.6,1016.0,98,False,262.0,3.2,6.3,0.6,1.2,277.4,282.0,138.0,190,24.5
2025-04-12T09:54:00,1744431840,28.5,36.0,28.5,1012.5,97,False,319.0,3.0,6.9,0.5,1.1,286.5,288.0,154.0,219,28.5
2025-04-12T12:19:00,1744440540,34.6,38.0,34.5,1012.0,95,False,406.0,2.3,6.0,0.5,1.1,265.9,267.5,130.0,176,34.5
2025-04-12T14:01:00,1744446660,39.0,31.0,38.0,1011.9,99,False,359.0,3.2,5.4,0.5,1.0,259.2,254.4,134.0,181,38.5
2025-04-12T16:34:00,1744455840,35.8,30.0,36.5,1012.0,100,False,287.0,3.0,6.7,0.5,1.2,287.1,285.1,150.0,201,36.1
2025-04-12T19:52:00,1744467720,32.7,30.0,32.4,1011.4,98,False,91.0,2.8,6.8,0.6,1.6,284.8,283.7,149.0,215,32.5
2025-04-12T21:50:00,1744474800,29.8,37.0,30.4,1011.4,96,False,0.0,3.1,5.9,0.5,1.1,271.7,268.5,145.0,180,30.1
2025-04-13T00:07:00,1744483020,27.0,30.0,28.0,1012.5,40,True,0.0,2.7,4.4,0.6,1.0,241.8,246.3,127.0,145,27.5
2025-04-13T02:55:00,1744493100,25.8,41.0,25.2,1015.5,38,True,0.0,2.5,5.5,0.6,0.9,249.1,253.4,119.0,147,25.5
2025-04-13T04:21:00,1744498260,23.7,30.0,23.3,1015.9,13,True,0.0,2.4,4.7,0.5,1.0,232.0,236.9,131.0,137,23.5
2025-04-13T07:33:00,1744509780,25.9,39.0,25.1,1010.7,90,False,245.0,2.8,4.8,0.5,1.1,275.8,272.6,136.0,166,25.5
2025-04-13T09:20:00,1744516200,29.9,30.0,29.1,1012.8,96,False,321.0,2.2,3.8,0.5,0.7,261.3,258.1,136.0,148,29.5
2025-04-13T12:38:00,1744528080,35.8,33.0,35.2,1011.8,94,False,407.0,1.8,4.9,0.4,1.0,258.3,256.7,125.0,134,35.5
2025-04-13T14:20:00,1744534200,39.2,30.0,39.8,1009.8,98,False,357.0,2.4,3.7,0.4,1.0,237.3,239.7,127.0,143,39.5
2025-04-13T16:00:00,1744540200,36.9,30.0,37.3,1006.1,66,True,92.0,2.9,5.0,0.4,1.2,237.8,234.7,119.0,155,37.1
2025-04-13T19:58:00,1744554480,33.3,30.0,33.7,1011.6,96,False,83.0,2.3,4.8,0.5,1.2,265.3,263.9,130.0,162,33.5
2025-04-13T21:54:00,1744561440,30.6,30.0,31.6,1007.1,69,True,8.0,1.6,4.2,0.5,0.8,236.4,233.5,120.0,124,31.1
2025-04-14T00:36:00,1744571160,27.5,37.0,27.9,1012.0,100,False,7.0,2.3,4.9,0.3,0.7,228.8,231.4,125.0,123,27.7
2025-04-14T02:35:00,1744578300,26.0,31.0,25.4,1010.0,96,False,0.0,2.2,4.4,0.4,1.1,254.2,254.3,132.0,135,25.7
2025-04-14T04:44:00,1744586040,23.9,30.0,23.5,1013.2,99,False,7.0,1.6,4.4,0.3,0.8,218.2,213.4,115.0,118,23.7
2025-04-14T07:15:00,1744595100,25.9,30.0,25.5,1013.1,95,False,252.0,2.7,3.8,0.4,1.2,241.0,244.5,130.0,156,25.7
2025-04-14T09:42:00,1744603920,29.6,31.0,29.8,1011.3,96,False,323.0,2.1,4.6,0.4,0.7,256.0,260.2,130.0,137,29.7
2025-04-14T12:53:00,1744615380,35.7,30.0,35.7,1008.8,98,False,401.0,2.2,3.8,0.5,0.9,253.9,251.6,127.0,118,35.7
2025-04-14T14:24:00,1744620840,39.6,30.0,39.9,1007.5,98,False,333.0,1.8,3.1,0.3,0.6,246.9,251.7,113.0,114,39.7
2025-04-14T16:27:00,1744628220,36.8,30.0,37.8,1010.8,99,False,260.0,2.6,5.0,0.5,1.2,238.7,239.9,126.0,159,37.3
2025-04-14T19:57:00,1744640820,33.6,30.0,33.8,1007.4,98,False,65.0,2.4,4.9,0.5,1.0,238.5,242.7,135.0,160,33.7
2025-04-14T21:42:00,1744647120,31.0,40.0,31.6,1009.6,95,False,13.0,2.5,4.1,0.5,1.1,247.6,246.9,124.0,127,31.3
2025-04-15T00:00:00,1744655400,29.8,30.0,29.1,1011.0,97,False,0.0,2.6,4.4,0.5,1.4,246.5,242.5,127.0,174,29.5
2025-04-15T02:27:00,1744664220,27.5,39.0,27.4,1011.2,100,False,0.0,2.1,4.9,0.5,1.2,256.2,256.8,135.0,161,27.5
2025-04-15T04:48:00,1744672680,25.5,37.0,25.4,1010.8,97,False,0.0,2.8,5.7,0.5,1.1,258.6,253.7,127.0,167,25.5
2025-04-15T07:43:00,1744683180,27.5,30.0,27.4,1015.1,96,False,230.0,2.6,4.8,0.5,1.3,247.7,251.4,126.0,183,27.5
2025-04-15T09:04:00,1744688040,31.0,30.0,31.9,1012.5,98,False,319.0,2.3,4.9,0.5,1.3,252.6,248.8,140.0,180,31.5
2025-04-15T12:26:00,1744700160,37.7,30.0,37.2,1011.5,97,False,415.0,2.2,5.7,0.6,1.1,239.3,237.2,131.0,165,37.5
2025-04-15T14:39:00,1744708140,41.9,30.0,41.0,1009.7,98,False,345.0,2.1,5.0,0.5,0.8,238.6,234.8,126.0,141,41.5
2025-04-15T16:01:00,1744713060,38.8,30.0,39.3,1008.4,97,False,269.0,3.0,4.7,0.5,1.3,256.1,253.6,141.0,183,39.1
2025-04-15T19:31:00,1744725660,35.6,30.0,35.3,1010.9,96,False,90.0,2.9,6.2,0.6,1.2,286.6,286.5,133.0,191,35.5
2025-04-15T21:32:00,1744732920,32.8,30.0,33.3,1010.4,95,False,16.0,2.0,3.6,0.3,0.8,240.7,236.3,122.0,130,33.1
2025-04-16T00:10:00,1744742400,26.5,30.0,27.4,1012.1,97,False,7.0,2.5,6.0,0.5,1.0,281.9,279.4,145.0,188,27.0
2025-04-16T02:30:00,1744750800,25.0,30.0,24.9,1012.4,98,False,0.0,3.1,4.7,0.5,1.0,254.2,256.3,138.0,185,25.0
2025-04-16T04:47:00,1744759020,22.5,46.0,23.4,1011.5,95,False,19.0,3.0,5.0,0.6,1.2,263.7,268.1,132.0,167,23.0
2025-04-16T07:35:00,1744769100,25.4,30.0,24.6,1009.8,95,False,234.0,3.5,6.2,0.5,1.6,273.5,273.7,152.0,210,25.0
2025-04-16T09:38:00,1744776480,29.0,38.0,28.9,1013.3,98,False,313.0,3.4,6.1,0.5,1.1,265.2,266.9,137.0,216,29.0
2025-04-16T12:04:00,1744785240,34.5,30.0,35.4,1010.1,99,False,415.0,2.2,3.9,0.5,1.2,237.5,236.0,131.0,150,35.0
2025-04-16T14:12:00,1744792920,39.4,30.0,38.5,1011.1,97,False,344.0,2.7,4.8,0.6,1.0,271.5,269.3,144.0,176,39.0
2025-04-16T16:16:00,1744800360,36.7,30.0,36.4,1006.2,100,False,278.0,2.9,6.3,0.5,1.5,300.3,301.1,152.0,213,36.6
2025-04-16T19:12:00,1744810920,32.6,30.0,33.3,1011.0,96,False,79.0,2.9,6.3,0.5,1.1,285.5,282.7,133.0,210,33.0
2025-04-16T21:18:00,1744818480,31.0,30.0,30.1,1006.4,95,False,0.0,2.4,4.5,0.5,0.8,235.9,239.1,120.0,148,30.6
2025-04-17T00:28:00,1744829880,30.6,30.0,30.3,1008.3,56,True,10.0,2.7,5.9,0.4,1.2,269.4,270.0,124.0,163,30.5
2025-04-17T02:54:00,1744838640,28.7,41.0,28.2,1009.5,97,False,0.0,1.8,5.3,0.4,0.8,255.3,250.8,124.0,143,28.5
2025-04-17T04:57:00,1744846020,26.6,36.0,26.3,1015.0,49,True,9.0,2.8,3.9,0.4,0.9,265.9,270.2,131.0,153,26.5
2025-04-17T07:27:00,1744855020,28.5,40.0,28.4,1012.5,25,True,99.0,3.1,4.8,0.4,1.3,246.0,247.8,128.0,175,28.5
2025-04-17T09:05:00,1744860900,32.7,30.0,32.3,1011.3,100,False,298.0,2.1,5.9,0.4,1.2,247.1,242.5,131.0,167,32.5
2025-04-17T12:45:00,1744874100,38.6,30.0,38.4,1008.5,91,False,412.0,2.6,3.4,0.4,0.8,251.5,252.1,130.0,140,38.5
2025-04-17T14:29:00,1744880340,42.5,30.0,42.5,1007.9,41,True,191.0,1.9,4.4,0.4,1.1,242.2,243.9,114.0,126,42.5
2025-04-17T16:02:00,1744885920,40.5,30.0,39.6,1008.8,93,False,285.0,2.7,4.7,0.4,1.1,267.7,264.0,141.0,172,40.1
2025-04-17T19:04:00,1744896840,36.6,30.0,36.4,1009.8,98,False,90.0,2.8,4.5,0.5,0.8,247.0,242.6,140.0,172,36.5
2025-04-17T21:48:00,1744906680,33.8,30.0,34.4,1006.9,96,False,0.0,2.3,5.6,0.5,0.7,259.5,261.0,136.0,149,34.1
2025-04-18T00:19:00,1744915740,25.6,37.0,24.9,1011.9,100,False,0.0,2.3,6.3,0.6,1.1,249.2,246.4,136.0,175,25.3
2025-04-18T02:57:00,1744925220,23.6,30.0,23.0,1012.5,97,False,0.0,2.5,6.0,0.5,1.2,263.8,266.5,128.0,175,23.3
2025-04-18T04:45:00,1744931700,21.2,45.0,21.3,1012.7,98,False,0.0,2.7,4.0,0.5,0.8,259.5,254.7,127.0,155,21.3
2025-04-18T07:35:00,1744941900,23.7,40.0,22.8,1012.0,99,False,249.0,2.7,5.0,0.5,1.1,251.1,248.7,136.0,183,23.3
2025-04-18T09:23:00,1744948380,26.9,41.0,27.6,1008.1,96,False,300.0,2.4,5.3,0.6,0.9,257.5,260.9,142.0,177,27.3
2025-04-18T12:01:00,1744957860,33.1,37.0,33.4,1009.7,99,False,385.0,1.9,4.4,0.4,0.8,243.7,247.2,119.0,137,33.3
2025-04-18T14:15:00,1744965900,37.6,30.0,37.0,1011.9,100,False,326.0,2.7,4.9,0.5,1.0,234.3,238.2,131.0,151,37.3
2025-04-18T16:29:00,1744973940,35.1,30.0,34.6,1004.9,95,False,295.0,3.2,5.0,0.6,1.5,283.9,284.7,145.0,194,34.9
2025-04-18T19:53:00,1744986180,31.3,30.0,31.2,1011.3,98,False,60.0,3.0,5.9,0.4,1.0,261.8,263.2,146.0,187,31.3
2025-04-18T21:52:00,1744993320,29.2,30.0,28.6,1010.0,97,False,7.0,2.3,5.1,0.6,1.1,257.4,258.3,136.0,162,28.9
2025-04-19T00:21:00,1745002260,29.4,46.0,29.0,1007.4,100,False,2.0,2.2,4.4,0.4,1.1,257.5,253.2,122.0,150,29.2
2025-04-19T02:14:00,1745009040,27.5,43.0,26.9,1014.2,98,False,8.0,2.6,3.9,0.5,1.2,239.1,237.0,124.0,144,27.2
2025-04-19T04:06:00,1745015760,25.1,32.0,25.3,1014.0,99,False,0.0,1.8,4.3,0.4,0.7,225.8,225.6,129.0,138,25.2
2025-04-19T07:24:00,1745027640,26.9,34.0,27.5,1014.6,98,False,269.0,3.2,5.7,0.6,1.1,272.3,274.4,131.0,185,27.2
2025-04-19T09:46:00,1745036160,31.4,32.0,31.0,1015.8,99,False,326.0,2.7,6.7,0.6,1.3,266.0,266.3,140.0,190,31.2
2025-04-19T12:59:00,1745047740,37.5,35.0,37.0,1007.6,97,False,411.0,2.7,5.7,0.4,1.1,258.5,258.7,126.0,155,37.2
2025-04-19T14:20:00,1745052600,40.7,30.0,41.7,1007.5,96,False,323.0,2.5,4.6,0.6,1.1,253.1,254.5,117.0,152,41.2
2025-04-19T16:45:00,1745061300,38.9,30.0,38.7,1004.6,100,False,283.0,2.6,4.7,0.5,1.2,271.9,269.7,141.0,179,38.8
2025-04-19T19:57:00,1745072820,35.3,30.0,35.2,1010.1,99,False,81.0,3.2,5.6,0.5,1.2,280.7,279.2,127.0,180,35.2
2025-04-19T21:32:00,1745078520,32.5,30.0,33.1,1007.1,99,False,0.0,1.7,3.7,0.5,0.8,225.9,227.0,126.0,136,32.8
2025-04-20T00:22:00,1745088720,26.3,33.0,26.0,1010.0,98,False,0.0,1.8,4.5,0.4,0.9,241.1,239.3,132.0,134,26.2
2025-04-20T02:12:00,1745095320,23.9,40.0,24.4,1015.0,99,False,15.0,1.6,3.4,0.5,0.8,235.2,232.0,115.0,130,24.2
2025-04-20T04:26:00,1745103360,21.9,47.0,22.4,1011.7,96,False,0.0,2.2,5.2,0.5,1.1,261.1,262.8,131.0,145,22.2
2025-04-20T07:19:00,1745113740,24.5,31.0,23.8,1012.8,95,False,231.0,2.7,4.4,0.5,0.9,234.0,233.2,131.0,146,24.2
2025-04-20T09:53:00,1745122980,27.7,43.0,28.6,1012.8,99,False,315.0,2.3,4.5,0.5,1.1,248.6,252.6,132.0,165,28.2
2025-04-20T12:14:00,1745131440,34.5,30.0,33.8,1011.6,100,False,403.0,2.6,5.1,0.4,0.9,248.4,245.6,119.0,129,34.2
2025-04-20T14:35:00,1745139900,38.5,30.0,37.8,1009.5,98,False,348.0,2.4,4.5,0.5,0.7,249.3,248.6,118.0,130,38.2
2025-04-20T16:08:00,1745145480,35.6,37.0,36.0,1007.5,97,False,278.0,2.0,4.7,0.6,0.8,243.7,245.4,137.0,162,35.8
2025-04-20T19:14:00,1745156640,31.9,30.0,32.4,1006.8,100,False,85.0,2.0,5.3,0.4,1.2,248.0,243.0,132.0,160,32.2
2025-04-20T21:33:00,1745164980,30.2,30.0,29.3,1006.2,95,False,5.0,2.3,4.9,0.5,0.7,223.3,224.7,117.0,135,29.8
2025-04-21T00:19:00,1745174940,25.7,40.0,25.4,1012.6,95,False,0.0,2.1,4.7,0.5,1.1,230.0,231.2,117.0,131,25.6
2025-04-21T02:29:00,1745182740,23.7,38.0,23.4,1008.6,97,False,0.0,2.0,4.4,0.4,0.8,229.8,231.1,116.0,121,23.6
2025-04-21T04:16:00,1745189160,22.0,37.0,21.2,1014.7,97,False,19.0,1.9,3.4,0.4,0.7,230.4,227.1,130.0,128,21.6
2025-04-21T07:14:00,1745199840,23.4,35.0,23.7,1013.2,98,False,253.0,2.1,4.6,0.4,1.3,262.5,265.4,122.0,164,23.6
2025-04-21T09:23:00,1745207580,27.8,32.0,27.3,1011.6,100,False,304.0,2.0,4.3,0.4,1.1,246.7,244.0,119.0,154,27.6
2025-04-21T12:32:00,1745218920,33.3,31.0,33.9,1009.2,96,False,398.0,2.0,4.9,0.4,0.9,246.7,251.7,114.0,124,33.6
2025-04-21T14:43:00,1745226780,37.9,30.0,37.2,1007.2,100,False,344.0,2.2,3.2,0.5,1.1,232.6,234.5,113.0,125,37.6
2025-04-21T16:21:00,1745232660,35.3,30.0,35.1,1007.7,98,False,262.0,2.9,4.3,0.4,0.8,255.2,260.0,137.0,155,35.2
2025-04-21T19:19:00,1745243340,31.3,30.0,31.8,1010.7,98,False,61.0,2.2,5.7,0.5,1.3,273.4,275.9,131.0,165,31.6
2025-04-21T21:23:00,1745250780,29.6,30.0,28.8,1010.0,100,False,19.0,1.6,4.1,0.5,0.6,242.2,245.6,122.0,130,29.2
2025-04-22T00:02:00,1745260320,25.5,31.0,25.5,1012.0,96,False,0.0,2.0,4.2,0.5,0.9,224.6,227.8,125.0,138,25.5
2025-04-22T02:50:00,1745270400,23.7,40.0,23.3,1014.3,99,False,0.0,2.7,4.4,0.5,1.1,266.9,264.3,130.0,149,23.5
2025-04-22T04:50:00,1745277600,21.0,30.0,22.0,1009.8,96,False,0.0,1.7,3.8,0.5,1.1,219.3,219.6,111.0,126,21.5
2025-04-22T07:02:00,1745285520,23.0,39.0,24.0,1012.4,98,False,240.0,2.6,4.9,0.5,1.1,260.9,258.0,124.0,169,23.5
2025-04-22T09:06:00,1745292960,27.7,31.0,27.3,1012.0,96,False,320.0,2.2,5.0,0.4,1.0,251.8,247.2,136.0,163,27.5
2025-04-22T12:04:00,1745303640,33.9,39.0,33.1,1008.9,99,False,393.0,2.3,4.5,0.4,0.7,229.7,228.9,116.0,133,33.5
2025-04-22T14:21:00,1745311860,38.0,31.0,37.0,1011.4,98,False,338.0,1.7,3.2,0.4,0.7,222.9,224.8,129.0,122,37.5
2025-04-22T16:32:00,1745319720,35.6,36.0,34.6,1012.3,99,False,285.0,2.6,6.2,0.5,1.4,274.0,278.9,141.0,176,35.1
2025-04-22T19:18:00,1745329680,31.8,30.0,31.2,1008.4,96,False,70.0,2.3,5.1,0.5,0.8,245.2,244.4,140.0,174,31.5
2025-04-22T21:37:00,1745338020,29.2,30.0,29.0,1005.4,97,False,4.0,1.8,4.9,0.4,0.8,248.9,253.5,119.0,139,29.1
2025-04-23T00:11:00,1745347260,26.6,30.0,27.6,1010.1,100,False,2.0,2.9,5.8,0.6,1.3,262.3,261.4,126.0,158,27.1
2025-04-23T02:11:00,1745354460,25.3,30.0,25.0,1009.0,95,False,18.0,3.2,6.2,0.4,1.2,272.6,271.7,143.0,183,25.1
2025-04-23T04:18:00,1745362080,23.0,30.0,23.3,1010.9,96,False,0.0,3.0,5.1,0.4,1.3,280.7,280.5,140.0,183,23.1
2025-04-23T07:32:00,1745373720,24.9,30.0,25.3,1015.8,97,False,253.0,2.7,4.9,0.4,1.0,284.1,280.4,140.0,181,25.1
2025-04-23T09:39:00,1745381340,28.9,39.0,29.3,1012.4,99,False,308.0,3.1,5.8,0.6,1.1,295.1,296.8,136.0,207,29.1
2025-04-23T12:48:00,1745392680,35.2,30.0,35.1,1009.2,95,False,401.0,2.8,6.2,0.5,0.9,257.9,259.8,136.0,176,35.1
2025-04-23T14:49:00,1745399940,38.8,30.0,39.4,1009.8,98,False,333.0,2.3,4.3,0.4,1.0,233.0,235.4,115.0,139,39.1
2025-04-23T16:31:00,1745406060,36.3,30.0,37.2,1008.6,98,False,276.0,3.0,6.5,0.5,1.5,297.1,298.0,140.0,205,36.7
2025-04-23T19:08:00,1745415480,32.7,30.0,33.5,1006.4,98,False,82.0,2.7,5.6,0.6,1.3,266.8,269.3,131.0,199,33.1
2025-04-23T21:53:00,1745425380,31.1,30.0,30.3,1007.3,98,False,0.0,2.0,5.2,0.5,1.0,255.4,257.4,125.0,152,30.7
